FID,local_authority,site_name,site_code,address,datazone,development_potential,east,north,owner_1,owner_2,period,previous_use,site_size,site_type,la_s_code,sh_src,sh_date_uploaded,sh_src_id
pub_vdl.1,Loch Lomond and Trossachs National Park,FORMER TORPEDO RANGE,ARROCHAR VE1,ARROCHAR,S01007358,Developable - Short Term,228745,703979,Defence,Not applicable (i.e. only one owner),2001-2004,Utility Services,3.61,Derelict,,79cca7d6-821f-4c0d-97ab-08bcaf586529,2025-12-03,942
pub_vdl.2,Loch Lomond and Trossachs National Park,WOODBANK,BALLOCH VE4,LUSS ROAD BALLOCH,S01013207,Developable - Undetermined,238181,681790,Other Private,Not applicable (i.e. only one owner),1981-1985,Residential - Housing,0.81,Derelict,,79cca7d6-821f-4c0d-97ab-08bcaf586529,2025-12-03,944
pub_vdl.3,Loch Lomond and Trossachs National Park,FORMER HOTEL SITE,CARRICK CASTLE H1,CARRICK CASTLE CARRICK CASTLE,S01007355,Developable - Short Term,219391,694326,Other Private,Not applicable (i.e. only one owner),2001-2004,Unknown,0.53,Vacant Land,,79cca7d6-821f-4c0d-97ab-08bcaf586529,2025-12-03,938
pub_vdl.4,Loch Lomond and Trossachs National Park,SALMON LEAP,DRYMEN MU1,MAIN STREET DRYMEN,S01013010,Developable - Medium Term,247474,688465,Other Private,Not applicable (i.e. only one owner),Unknown,"Residential - Hotels, Hostels etc",0.25,Derelict,,79cca7d6-821f-4c0d-97ab-08bcaf586529,2025-12-03,939
pub_vdl.65,Aberdeen City,FORMER HYDRASUN BUILDING,2023-12,PITTODRIE LANE ABERDEEN,S01006670,Unknown (uncertain/insufficient information),394400,807470,Unknown Private,Not applicable (i.e. only one owner),2017,Business Class,0.44,Vacant Land,S12000033,29954e77-767d-4b7b-bb0c-5fa3fd76b767,2025-11-30,1559
pub_vdl.5,Loch Lomond and Trossachs National Park,HOLIDAY CENTRE,LOCHEARNHEAD H1,A84 LOCHEARNHEAD,S01013119,Developable - Medium Term,258858,723441,Unknown Private,Not applicable (i.e. only one owner),Unknown,Unknown,0.56,Vacant Land,,79cca7d6-821f-4c0d-97ab-08bcaf586529,2025-12-03,940
pub_vdl.6,Loch Lomond and Trossachs National Park,STATION COTTAGES,LOCHEARNHEAD MU1,A85 LOCHSIDE ROAD LOCHEARNHEAD,S01013119,Developable - Medium Term,258892,723896,Other Private,Not applicable (i.e. only one owner),Unknown,Transport,0.92,Derelict,,79cca7d6-821f-4c0d-97ab-08bcaf586529,2025-12-03,941
pub_vdl.7,Loch Lomond and Trossachs National Park,TOURIST INFORMATION CENTRE SITE AND ADJOINING LAND,TARBET VE1,A82 TARBET,S01007358,Developable - Short Term,231897,704498,Other National/Local Government,Not applicable (i.e. only one owner),2001-2004,Unknown,0.16,Derelict,,79cca7d6-821f-4c0d-97ab-08bcaf586529,2025-12-03,943
pub_vdl.8,Loch Lomond and Trossachs National Park,FORMER HARVEYS GARAGE SITE,TARBET VE3,A82 TARBET,S01007358,Developable - Short Term,232243,704744,Unknown Private,Not applicable (i.e. only one owner),2001-2004,Utility Services,0.42,Derelict,,79cca7d6-821f-4c0d-97ab-08bcaf586529,2025-12-03,945
pub_vdl.9,Angus,THE PAVILLION,AN/F/21THE PAVILLION,QUEEN STREET FORFAR,S01007257,Unknown (uncertain/insufficient information),345687,750704,Unknown Private,Not applicable (i.e. only one owner),2009,Recreation & Leisure,0.19,Vacant Land,S12000041,a17f5236-c941-485c-9ff1-1f425b6df2f0,2025-11-30,1788
pub_vdl.10,Angus,ORCHARDBANK HOUSE,AN/F/21ORCHARDBANK HOUSE,ORCHARDBANK BUSINESS PARK FORFAR,S01007264,Unknown (uncertain/insufficient information),344042,750128,Unknown Private,Not applicable (i.e. only one owner),2010,Residential - Housing,0.1,Vacant Land and Buildings,S12000041,a17f5236-c941-485c-9ff1-1f425b6df2f0,2025-11-30,1828
pub_vdl.11,Aberdeen City,EX GARAGE AND THE COLWYN,200020,868-870 GREAT NORTHERN ROAD ABERDEEN,S01006681,Developable - Undetermined,391250,809190,Unknown Private,Other National/Local Government,1996-2000,Retailing,0.58,Derelict,S12000033,29954e77-767d-4b7b-bb0c-5fa3fd76b767,2025-11-30,1519
pub_vdl.12,Aberdeen City,DUNBAR HALLS,2004-15,DON STREET ABERDEEN,S01006671,Unknown (uncertain/insufficient information),394075,808775,Other Private,Not applicable (i.e. only one owner),2001-2004,"Residential - Hotels, Hostels etc",1.23,Vacant Land,S12000033,29954e77-767d-4b7b-bb0c-5fa3fd76b767,2025-11-30,1495
pub_vdl.13,Aberdeen City,PERSLEY FARM BUILDINGS,2007-8,PERSLEY ABERDEEN,S01006762,Developable - Undetermined,391030,810050,Other Private,Not applicable (i.e. only one owner),Unknown,Agriculture,0.35,Derelict,S12000033,29954e77-767d-4b7b-bb0c-5fa3fd76b767,2025-11-30,1507
pub_vdl.14,Aberdeen City,BROADFORD WORKS,2008-2,HUTCHEON STREET ABERDEEN,S01006648,Developable - Short Term,393610,806890,Other Private,Not applicable (i.e. only one owner),Unknown,Other General Industry,3.7,Derelict,S12000033,29954e77-767d-4b7b-bb0c-5fa3fd76b767,2025-11-30,1496
pub_vdl.15,Aberdeen City,BALGOWNIE MACHINE CENTRE,2009-4,GREAT NORTHERN ROAD ABERDEEN,S01006657,Developable - Undetermined,393110,807850,Unknown Private,Not applicable (i.e. only one owner),Unknown,Other,0.21,Derelict,S12000033,29954e77-767d-4b7b-bb0c-5fa3fd76b767,2025-11-30,1497
pub_vdl.16,Aberdeen City,CULTS PUMPING STATION,2010-4,NORTH DEESIDE ROAD ABERDEEN,S01006523,Developable - Medium Term,389500,803140,Water Authority,Not applicable (i.e. only one owner),2009,Utility Services,0.32,Derelict,S12000033,29954e77-767d-4b7b-bb0c-5fa3fd76b767,2025-11-30,1498
pub_vdl.17,Aberdeen City,LOGIE STORES,2010-5,LOGIE PLACE ABERDEEN,S01006726,Developable - Short Term,391090,808960,Other Private,Not applicable (i.e. only one owner),Unknown,Retailing,0.13,Derelict,S12000033,29954e77-767d-4b7b-bb0c-5fa3fd76b767,2025-11-30,1508
pub_vdl.18,Aberdeen City,FORMER FISH WORKS,2011-10,PALMERSTON ROAD ABERDEEN,S01006587,Developable - Medium Term,394290,805570,Unknown Private,Not applicable (i.e. only one owner),Unknown,Manufacturing,0.34,Derelict,S12000033,29954e77-767d-4b7b-bb0c-5fa3fd76b767,2025-11-30,1509
pub_vdl.19,Aberdeen City,1 WESTERN ROAD,2012-2,ABERDEEN,S01006684,Developable - Medium Term,392860,808830,Unknown Private,Not applicable (i.e. only one owner),2010,Residential - Housing,0.1,Derelict,S12000033,29954e77-767d-4b7b-bb0c-5fa3fd76b767,2025-11-30,1499
pub_vdl.20,Aberdeen City,FORMER AMBASSADOR SNOOKER HALL,2012-3,JOHN STREET ABERDEEN,S01006648,Developable - Short Term,393720,806630,Other Private,Not applicable (i.e. only one owner),2010,Recreation & Leisure,0.39,Vacant Land,S12000033,29954e77-767d-4b7b-bb0c-5fa3fd76b767,2025-11-30,1510
pub_vdl.21,Aberdeen City,ST PETERS NURSERY SCHOOL,2012-4,SPITAL ABERDEEN,S01006664,Developable - Short Term,393990,807720,Local Authority,Not applicable (i.e. only one owner),2009,Education,0.1,Derelict,S12000033,29954e77-767d-4b7b-bb0c-5fa3fd76b767,2025-11-30,1500
pub_vdl.22,Aberdeen City,FORMER GREENFERN INFANT SCHOOL,2012-5,MAIDENCRAIG PLACE ABERDEEN,S01006708,Developable - Medium Term,389740,806950,Local Authority,Not applicable (i.e. only one owner),2011,Education,0.9,Vacant Land,S12000033,29954e77-767d-4b7b-bb0c-5fa3fd76b767,2025-11-30,1501
pub_vdl.23,Aberdeen City,FORMER BALGOWNIE CENTRE,2012-6,NORTH DONSIDE ROAD BOD ABERDEEN,S01006782,Developable - Short Term,394510,810030,Other non-Crown,Not applicable (i.e. only one owner),2012,Education,2.47,Vacant Land,S12000033,29954e77-767d-4b7b-bb0c-5fa3fd76b767,2025-11-30,1511
pub_vdl.24,Aberdeen City,FORMER VICTORIA ROAD PRIMARY SCHOOL,2012-7,VICTORIA ROAD TORRY ABERDEEN,S01006631,Developable - Medium Term,395460,805170,Local Authority,Not applicable (i.e. only one owner),2011,Education,0.71,Derelict,S12000033,29954e77-767d-4b7b-bb0c-5fa3fd76b767,2025-11-30,1502
pub_vdl.25,Aberdeen City,FREDERICK STREET EAST,2014-1,FREDERICK STREET ABERDEEN,S01006639,Developable - Medium Term,394580,806570,Unknown Private,Not applicable (i.e. only one owner),Unknown,Other General Industry,0.1,Derelict,S12000033,29954e77-767d-4b7b-bb0c-5fa3fd76b767,2025-11-30,1503
pub_vdl.26,Aberdeen City,GRANITEHILL ROAD,2015-2,NORTHFIELD ABERDEEN,S01006724,Developable - Medium Term,390540,808460,Other Private,Not applicable (i.e. only one owner),2015,Manufacturing,1.28,Vacant Land,S12000033,29954e77-767d-4b7b-bb0c-5fa3fd76b767,2025-11-30,1514
pub_vdl.66,Aberdeen City,UNITS 1-4 WOOD INTERNATIONAL CENTRE,2023-2,CRAIGSHAW DRIVE ALTENS ABERDEEN,S01006623,Developable - Medium Term,394330,803530,Unknown Private,Not applicable (i.e. only one owner),2022,Offices,0.36,Vacant Land,S12000033,29954e77-767d-4b7b-bb0c-5fa3fd76b767,2025-11-30,1549
pub_vdl.27,Aberdeen City,FORMER TORRY NURSERY,2016-3,OSCAR ROAD ABERDEEN,S01006625,Developable - Medium Term,394690,804800,Local Authority,Not applicable (i.e. only one owner),Unknown,Education,0.53,Vacant Land,S12000033,29954e77-767d-4b7b-bb0c-5fa3fd76b767,2025-11-30,1504
pub_vdl.28,Aberdeen City,FORMER CARDEN SCHOOL,2016-5,GORDON TERRACE DYCE ABERDEEN,S01006753,Developable - Undetermined,389030,812760,Local Authority,Not applicable (i.e. only one owner),Unknown,Education,0.37,Vacant Land and Buildings,S12000033,29954e77-767d-4b7b-bb0c-5fa3fd76b767,2025-11-30,1505
pub_vdl.29,Aberdeen City,ABERDEEN COLLEGE GORDON CENTRE,2016-6,CORUNNA ROAD ABERDEEN,S01006782,Unknown (uncertain/insufficient information),394860,809860,Other Private,Not applicable (i.e. only one owner),Unknown,Education,2.21,Vacant Land and Buildings,S12000033,29954e77-767d-4b7b-bb0c-5fa3fd76b767,2025-11-30,1506
pub_vdl.30,Aberdeen City,FORMER FINTRY HOUSE,2017-1,PITMEDDEN ROAD/LAWSON DRIVE DYCE ABERDEEN,S01006755,Developable - Medium Term,388560,813250,Other Private,Not applicable (i.e. only one owner),2017,Offices,1.15,Vacant Land,S12000033,29954e77-767d-4b7b-bb0c-5fa3fd76b767,2025-11-30,1515
pub_vdl.31,Aberdeen City,FORMER BUCKSBURN PRIMARY SCHOOL,2017-2,INVERURIE ROAD/HOWES ROAD BUCKSBURN ABERDEEN,S01006738,Developable - Medium Term,389690,809500,Local Authority,Not applicable (i.e. only one owner),2016,Education,1,Vacant Land,S12000033,29954e77-767d-4b7b-bb0c-5fa3fd76b767,2025-11-30,1516
pub_vdl.32,Aberdeen City,FORMER WOODLANDS SCHOOL,2017-5,REGENT WALK ABERDEEN,S01006667,Developable - Medium Term,394470,808150,Local Authority,Not applicable (i.e. only one owner),2017,Education,0.73,Vacant Land and Buildings,S12000033,29954e77-767d-4b7b-bb0c-5fa3fd76b767,2025-11-30,1517
pub_vdl.33,Aberdeen City,FORMER STONEYWOOD SCHOOL,2018-2,PROSPECT TERRACE STONEYWOOD ABERDEEN,S01006743,Developable - Medium Term,389180,810960,Local Authority,Not applicable (i.e. only one owner),2018,Education,0.77,Vacant Land,S12000033,29954e77-767d-4b7b-bb0c-5fa3fd76b767,2025-11-30,1518
pub_vdl.34,Aberdeen City,LAND AT NEWTON TERRACE/CAIRNFIELD PLACE,2019-1,BUCKSBURN ABERDEEN,S01006738,Developable - Medium Term,390000,809460,Other Private,Not applicable (i.e. only one owner),Unknown,Mineral Activity,0.98,Vacant Land,S12000033,29954e77-767d-4b7b-bb0c-5fa3fd76b767,2025-11-30,1540
pub_vdl.35,Aberdeen City,WOODEND FARM,2019-10,CULTER HOUSE ROAD PETERCULTER ABERDEEN,S01006512,Developable - Medium Term,383710,801900,Other Private,Not applicable (i.e. only one owner),Unknown,Residential - Housing,0.86,Vacant Land and Buildings,S12000033,29954e77-767d-4b7b-bb0c-5fa3fd76b767,2025-11-30,1545
pub_vdl.46,Aberdeen City,FORMER TYSEAL BASE,2021-17,CRAIGSHAW CRESCENT ABERDEEN,S01006623,Developable - Medium Term,394450,803590,Unknown Private,Not applicable (i.e. only one owner),2021,Other General Industry,2.09,Vacant Land,S12000033,29954e77-767d-4b7b-bb0c-5fa3fd76b767,2025-11-30,1530
pub_vdl.36,Aberdeen City,HAUDAGAIN TRIANGLE,2019-3,LOGIE AVENUE ABERDEEN,S01006726,Developable - Short Term,391230,809040,Local Authority,Not applicable (i.e. only one owner),2018,Residential - Housing,2.91,Vacant Land,S12000033,29954e77-767d-4b7b-bb0c-5fa3fd76b767,2025-11-30,1546
pub_vdl.37,Aberdeen City,FORMER SILVERBURN HOUSE,2019-4,CLAYMORE DRIVE BOD ABERDEEN,S01006788,Developable - Medium Term,394820,810830,Other Private,Not applicable (i.e. only one owner),2019,Business Class,3.95,Vacant Land,S12000033,29954e77-767d-4b7b-bb0c-5fa3fd76b767,2025-11-30,1541
pub_vdl.38,Aberdeen City,ST MARGARET OF SCOTLAND CHAPEL WITH FORMER CONVENT,2019-5,11/11A SPITAL ABERDEEN,S01006658,Developable - Undetermined,394060,807390,Other Private,Not applicable (i.e. only one owner),2012,Community & Health,0.11,Derelict,S12000033,29954e77-767d-4b7b-bb0c-5fa3fd76b767,2025-11-30,1542
pub_vdl.39,Aberdeen City,FORMER MATALAN,2019-6,119 CONSTITUTION STREET ABERDEEN,S01006637,Developable - Short Term,394840,806870,Other Private,Not applicable (i.e. only one owner),2019,Retailing,0.66,Vacant Land and Buildings,S12000033,29954e77-767d-4b7b-bb0c-5fa3fd76b767,2025-11-30,1543
pub_vdl.40,Aberdeen City,ABERDEEN ONE LOGISTICS PARK,2019-9,CRAWPEEL ROAD ABERDEEN,S01006623,Developable - Medium Term,394820,802300,Unknown Private,Not applicable (i.e. only one owner),Unknown,Other General Industry,2.56,Vacant Land and Buildings,S12000033,29954e77-767d-4b7b-bb0c-5fa3fd76b767,2025-11-30,1544
pub_vdl.41,Aberdeen City,FORMER MULLER WISEMAN DAIRIES,2021-10,CRAIGSHAW DRIVE ABERDEEN,S01006623,Developable - Medium Term,394470,803330,Unknown Private,Not applicable (i.e. only one owner),2021,Manufacturing,1.8,Vacant Land,S12000033,29954e77-767d-4b7b-bb0c-5fa3fd76b767,2025-11-30,1526
pub_vdl.42,Aberdeen City,FORMER BRAESIDE SCHOOL,2021-11,BRAESIDE PLACE ABERDEEN,S01006537,Developable - Short Term,391130,804160,Local Authority,Not applicable (i.e. only one owner),2021,Education,1.04,Vacant Land,S12000033,29954e77-767d-4b7b-bb0c-5fa3fd76b767,2025-11-30,1539
pub_vdl.43,Aberdeen City,FORMER GREYFRIARS HOUSE,2021-14,GALLOWGATE ABERDEEN,S01006647,Developable - Short Term,394200,806630,Unknown Private,Not applicable (i.e. only one owner),2021,Offices,0.37,Vacant Land,S12000033,29954e77-767d-4b7b-bb0c-5fa3fd76b767,2025-11-30,1527
pub_vdl.44,Aberdeen City,FORMER OFFICE COMPLEX WELLHEADS PLACE,2021-15,WELLHEADS PLACE DYCE ABERDEEN,S01006748,Developable - Medium Term,388730,811700,Unknown Private,Not applicable (i.e. only one owner),2021,Offices,1.65,Vacant Land,S12000033,29954e77-767d-4b7b-bb0c-5fa3fd76b767,2025-11-30,1528
pub_vdl.45,Aberdeen City,FORMER SCHLUMBERGER PRODUCT CENTRE,2021-16,WOODLANDS DRIVE ABERDEEN,S01006748,Developable - Medium Term,387210,812690,Unknown Private,Not applicable (i.e. only one owner),2021,Other,0.64,Vacant Land,S12000033,29954e77-767d-4b7b-bb0c-5fa3fd76b767,2025-11-30,1529
pub_vdl.47,Aberdeen City,SITE ADJACENT TO HILL OF TRAMAUD,2021-18,MUNDURNO BRIDGE ABERDEEN,S01006788,Unknown (uncertain/insufficient information),394720,813320,Unknown Private,Not applicable (i.e. only one owner),Unknown,Community & Health,4.7,Vacant Land and Buildings,S12000033,29954e77-767d-4b7b-bb0c-5fa3fd76b767,2025-11-30,1531
pub_vdl.48,Aberdeen City,LAND AT ANNAN HOUSE,2021-19,POYNERNOOK ROAD ABERDEEN,S01006587,Developable - Medium Term,394410,805620,Unknown Private,Not applicable (i.e. only one owner),Unknown,Unknown,0.37,Vacant Land,S12000033,29954e77-767d-4b7b-bb0c-5fa3fd76b767,2025-11-30,1532
pub_vdl.49,Aberdeen City,SILVERBURN PARK,2021-2,EXHIBITION AVENUE BOD ABERDEEN,S01006782,Developable - Medium Term,395010,810560,Unknown Private,Not applicable (i.e. only one owner),2020,Recreation & Leisure,17.6,Vacant Land,S12000033,29954e77-767d-4b7b-bb0c-5fa3fd76b767,2025-11-30,1547
pub_vdl.50,Aberdeen City,FORMER CORDYCE RESIDENTIAL SCHOOL,2021-20,RIVERVIEW DRIVE DYCE ABERDEEN,S01006750,Developable - Short Term,389110,813770,Local Authority,Not applicable (i.e. only one owner),2017,Education,8.24,Vacant Land,S12000033,29954e77-767d-4b7b-bb0c-5fa3fd76b767,2025-11-30,1538
pub_vdl.51,Aberdeen City,HEATH FARM,2021-21,WHITESTRIPES ROAD DYCE ABERDEEN,S01006762,Developable - Medium Term,390570,812630,Local Authority,Not applicable (i.e. only one owner),Unknown,Agriculture,2.1,Derelict,S12000033,29954e77-767d-4b7b-bb0c-5fa3fd76b767,2025-11-30,1533
pub_vdl.52,Aberdeen City,HILTON OUTDOOR SPORTS CENTRE,2021-22,HILTON DRIVE HILTON ABERDEEN,S01006687,Developable - Medium Term,392070,808640,Local Authority,Not applicable (i.e. only one owner),2019,Recreation & Leisure,1.02,Vacant Land,S12000033,29954e77-767d-4b7b-bb0c-5fa3fd76b767,2025-11-30,1534
pub_vdl.92,Aberdeenshire,ADJ WATERMILL BAR,BFRA/V/018,WATERMILL FRASERBURGH,S01007108,Unknown (uncertain/insufficient information),398038,866599,Ownership unknown,Not applicable (i.e. only one owner),Unknown,Manufacturing,0.32,Vacant Land,S12000034,f2baf76b-c7a5-45a6-98e9-8fd274613584,2025-11-30,1705
pub_vdl.53,Aberdeen City,MAINS OF DYCE STEADING,2021-23,OLDMELDRUM ROAD DYCE ABERDEEN,S01006755,Developable - Medium Term,388890,813810,Local Authority,Not applicable (i.e. only one owner),Unknown,Agriculture,0.74,Vacant Land and Buildings,S12000033,29954e77-767d-4b7b-bb0c-5fa3fd76b767,2025-11-30,1535
pub_vdl.54,Aberdeen City,FORMER FACTORY GRANITEHILL,2021-24,GRANITEHILL ROAD NORTHFIELD ABERDEEN,S01006724,Developable - Medium Term,390670,808520,Local Authority,Not applicable (i.e. only one owner),Unknown,Manufacturing,1.25,Vacant Land,S12000033,29954e77-767d-4b7b-bb0c-5fa3fd76b767,2025-11-30,1536
pub_vdl.55,Aberdeen City,LAND AT 4-38 CANAL ROAD,2021-25,4-38 CANAL ROAD ABERDEEN,S01006651,Developable - Short Term,393850,807270,Unknown Private,Not applicable (i.e. only one owner),2021,Other General Industry,0.55,Vacant Land,S12000033,29954e77-767d-4b7b-bb0c-5fa3fd76b767,2025-11-30,1537
pub_vdl.56,Aberdeen City,FORMER CHALMERS BAKERY,2021-3,13-15 AUCHMILL ROAD BUCKSBURN ABERDEEN,S01006738,Developable - Short Term,389890,809630,Unknown Private,Not applicable (i.e. only one owner),2021,Manufacturing,0.13,Vacant Land,S12000033,29954e77-767d-4b7b-bb0c-5fa3fd76b767,2025-11-30,1520
pub_vdl.57,Aberdeen City,LAND AT FARBURN TERRACE,2021-4,FARBURN TERRACE DYCE ABERDEEN,S01006748,Developable - Medium Term,388590,812350,Unknown Private,Not applicable (i.e. only one owner),Unknown,Unknown,0.6,Vacant Land,S12000033,29954e77-767d-4b7b-bb0c-5fa3fd76b767,2025-11-30,1521
pub_vdl.58,Aberdeen City,FORMER OCEANEERING HOUSE AND DAVIDSON HOUSE,2021-5,PITMEDDEN ROAD DYCE ABERDEEN,S01006755,Developable - Medium Term,388400,813460,Unknown Private,Not applicable (i.e. only one owner),2021,Offices,0.98,Vacant Land,S12000033,29954e77-767d-4b7b-bb0c-5fa3fd76b767,2025-11-30,1522
pub_vdl.59,Aberdeen City,FORMER TRAFALGAR HOUSE,2021-6,HARENESS ROAD ALTENS ABERDEEN,S01006623,Developable - Short Term,395160,802880,Unknown Private,Not applicable (i.e. only one owner),2021,Offices,2.3,Vacant Land,S12000033,29954e77-767d-4b7b-bb0c-5fa3fd76b767,2025-11-30,1523
pub_vdl.60,Aberdeen City,FORMER LAURIES MOTEL SITE,2021-7,HARENESS ROAD ALTENS ABERDEEN,S01006623,Developable - Undetermined,394770,802870,Unknown Private,Not applicable (i.e. only one owner),Unknown,"Residential - Hotels, Hostels etc",0.73,Vacant Land and Buildings,S12000033,29954e77-767d-4b7b-bb0c-5fa3fd76b767,2025-11-30,1525
pub_vdl.61,Aberdeen City,LOIRSTON HOUSE,2021-9,102 WELLINGTON ROAD NIGG ABERDEEN,S01006623,Developable - Medium Term,394840,802860,Unknown Private,Not applicable (i.e. only one owner),2021,Offices,0.48,Vacant Land,S12000033,29954e77-767d-4b7b-bb0c-5fa3fd76b767,2025-11-30,1524
pub_vdl.62,Aberdeen City,BAKER HUGHES,2023-1,WOODSIDE ROAD BOD ABERDEEN,S01006782,Developable - Medium Term,394650,810910,Unknown Private,Not applicable (i.e. only one owner),2022,Manufacturing,2.93,Vacant Land and Buildings,S12000033,29954e77-767d-4b7b-bb0c-5fa3fd76b767,2025-11-30,1548
pub_vdl.63,Aberdeen City,VACANT SITE (FORMERLY MORGAN FUELS),2023-10,5 SOUTH ESPLANADE WEST TORRY ABERDEEN,S01006627,Unknown (uncertain/insufficient information),394520,805260,Unknown Private,Not applicable (i.e. only one owner),2022,Retailing,0.61,Vacant Land,S12000033,29954e77-767d-4b7b-bb0c-5fa3fd76b767,2025-11-30,1557
pub_vdl.64,Aberdeen City,FORMER KIRKHILL BUSINESS PARK,2023-11,HOWE MOSS DRIVE/HOWE MOSS ROAD DYCE ABERDEEN,S01006748,Developable - Medium Term,387030,812640,Unknown Private,Not applicable (i.e. only one owner),2022,Offices,1.78,Vacant Land,S12000033,29954e77-767d-4b7b-bb0c-5fa3fd76b767,2025-11-30,1558
pub_vdl.93,Aberdeenshire,"SOUTH OF ALLOCHY ROAD, FORMER AIRFIELD",BINV/D/142,ALLOCHY ROAD INVERALLOCHY,S01007104,Developable - Medium Term,404373,864729,Local Authority,Other Private,Unknown,Defence,2,Vacant Land,S12000034,f2baf76b-c7a5-45a6-98e9-8fd274613584,2025-11-30,1683
pub_vdl.67,Aberdeen City,CRAIGIEVAR HOUSE,2023-3,HOWE MOSS TERRACE DYCE ABERDEEN,S01006748,Developable - Medium Term,386740,813360,Unknown Private,Not applicable (i.e. only one owner),2022,Offices,1.93,Vacant Land and Buildings,S12000033,29954e77-767d-4b7b-bb0c-5fa3fd76b767,2025-11-30,1550
pub_vdl.68,Aberdeen City,FORMER NIGG CARAVAN PARK,2023-4,ALTENS FARM ROAD ALTENS ABERDEEN,S01006623,Unknown (uncertain/insufficient information),394900,803080,Unknown Private,Not applicable (i.e. only one owner),2014,Recreation & Leisure,1.52,Vacant Land,S12000033,29954e77-767d-4b7b-bb0c-5fa3fd76b767,2025-11-30,1551
pub_vdl.69,Aberdeen City,FORMER BROADHILL BAR,2023-5,30 GOLF ROAD LINKSFIELD ABERDEEN,S01006670,Developable - Medium Term,394920,807570,Unknown Private,Not applicable (i.e. only one owner),2022,Other,0.19,Vacant Land,S12000033,29954e77-767d-4b7b-bb0c-5fa3fd76b767,2025-11-30,1552
pub_vdl.70,Aberdeen City,CITYPARK,2023-6,2 ALTENS FARM ROAD ALTENS ABERDEEN,S01006623,Developable - Medium Term,394880,802940,Unknown Private,Not applicable (i.e. only one owner),2022,Offices,0.65,Vacant Land,S12000033,29954e77-767d-4b7b-bb0c-5fa3fd76b767,2025-11-30,1553
pub_vdl.71,Aberdeen City,FORMER MILLTIMBER PRIMARY SCHOOL,2023-7,MONEARN GARDENS MILLTIMBER ABERDEEN,S01006516,Unknown (uncertain/insufficient information),386240,801810,Local Authority,Not applicable (i.e. only one owner),2022,Education,1.44,Vacant Land,S12000033,29954e77-767d-4b7b-bb0c-5fa3fd76b767,2025-11-30,1554
pub_vdl.72,Aberdeen City,PETROFAC TRAINING,2023-8,BLACKNESS AVENUE ALTENS ABERDEEN,S01006619,Developable - Medium Term,395650,802190,Unknown Private,Not applicable (i.e. only one owner),2022,Business Class,0.85,Vacant Land,S12000033,29954e77-767d-4b7b-bb0c-5fa3fd76b767,2025-11-30,1555
pub_vdl.73,Aberdeen City,FORMER OIL STATES,2023-9,BLACKNESS ROAD ALTENS ABERDEEN,S01006623,Developable - Medium Term,395680,802510,Unknown Private,Not applicable (i.e. only one owner),2022,Manufacturing,1.71,Vacant Land,S12000033,29954e77-767d-4b7b-bb0c-5fa3fd76b767,2025-11-30,1556
pub_vdl.74,Aberdeen City,FORMER BT SITE,2024-1,FROGHALL TERRACE ABERDEEN,S01006664,Developable - Medium Term,393942,807517,Private Telecommunications,Not applicable (i.e. only one owner),2019,Utility Services,1.71,Vacant Land,S12000033,29954e77-767d-4b7b-bb0c-5fa3fd76b767,2025-11-30,1560
pub_vdl.75,Aberdeen City,PETERSEAT DRIVE 1,2024-2,PETERSEAT DRIVE ALTENS ABERDEEN,S01006623,Unknown (uncertain/insufficient information),395672,803445,Ownership unknown,Not applicable (i.e. only one owner),Unknown,Unknown,7.3,Vacant Land,S12000033,29954e77-767d-4b7b-bb0c-5fa3fd76b767,2025-11-30,1561
pub_vdl.76,Aberdeen City,PETERSEAT DRIVE 2,2024-3,PETERSEAT DRIVE ALTENS ABERDEEN,S01006623,Unknown (uncertain/insufficient information),396010,803518,Ownership unknown,Not applicable (i.e. only one owner),Unknown,Unknown,1.45,Vacant Land,S12000033,29954e77-767d-4b7b-bb0c-5fa3fd76b767,2025-11-30,1562
pub_vdl.77,Aberdeen City,PETERSEAT DRIVE 3,2024-4,PETERSEAT DRIVE ALTENS ABERDEEN,S01006623,Unknown (uncertain/insufficient information),396100,803350,Ownership unknown,Not applicable (i.e. only one owner),Unknown,Unknown,2.6,Vacant Land,S12000033,29954e77-767d-4b7b-bb0c-5fa3fd76b767,2025-11-30,1563
pub_vdl.78,Aberdeen City,BEACH LEISURE CENTRE/SWIMMING POOL,2024-5,BEACH ESPLANADE ABERDEEN,S01006666,Developable - Medium Term,395235,807220,Local Authority,Not applicable (i.e. only one owner),2022,Recreation & Leisure,1.44,Derelict,S12000033,29954e77-767d-4b7b-bb0c-5fa3fd76b767,2025-11-30,1564
pub_vdl.79,Aberdeen City,FORMER PRESS AND JOURNAL OFFICES,2024-6,LANG STRACHT KINGSWELLS ABERDEEN,S01006703,Developable - Medium Term,390391,806787,Local Authority,Not applicable (i.e. only one owner),2022,Offices,1,Vacant Land,S12000033,29954e77-767d-4b7b-bb0c-5fa3fd76b767,2025-11-30,1565
pub_vdl.94,Aberdeenshire,MINTLAW STATION,BMIN/D/178,A950 MINTLAW,S01007059,Developable - Undetermined,398938,848461,Ownership unknown,Not applicable (i.e. only one owner),Unknown,Transport,0.2,Vacant Land,S12000034,f2baf76b-c7a5-45a6-98e9-8fd274613584,2025-11-30,1743
pub_vdl.80,Aberdeen City,FORMER SHELL BUILDING,2024-7,1 ALTENS FARM ROAD ALTENS ABERDEEN,S01006623,Developable - Medium Term,394823,803128,Other Private,Not applicable (i.e. only one owner),2022,Transport,10.74,Vacant Land,S12000033,29954e77-767d-4b7b-bb0c-5fa3fd76b767,2025-11-30,1567
pub_vdl.81,Aberdeen City,MUIRFIELD HOUSE,2024-8,WHITEMYRES AVENUE KINGSWELLS ABERDEEN,S01006703,Developable - Short Term,390259,806923,Other Private,Not applicable (i.e. only one owner),2024,Offices,0.24,Vacant Land,S12000033,29954e77-767d-4b7b-bb0c-5fa3fd76b767,2025-11-30,1566
pub_vdl.82,Aberdeen City,FORMER STONEYWOOD PAPERMILL,2024-9,STONEYWOOD TERRACE STONEYWOOD ABERDEEN,S01006743,Unknown (uncertain/insufficient information),389731,810839,Other Private,Not applicable (i.e. only one owner),2022,Manufacturing,15.38,Derelict,S12000033,29954e77-767d-4b7b-bb0c-5fa3fd76b767,2025-11-30,1568
pub_vdl.83,Aberdeen City,RUBISLAW QUARRY,6427L17023,QUEENS ROAD/HILL OF RUBISLAW ABERDEEN,S01006549,Unknown (uncertain/insufficient information),391100,805450,Other Private,Not applicable (i.e. only one owner),1980 or earlier,Mineral Activity,4.39,Derelict,S12000033,29954e77-767d-4b7b-bb0c-5fa3fd76b767,2025-11-30,1512
pub_vdl.84,Aberdeen City,ABBEY ROAD NORTH,9619,TORRY ABERDEEN,S01006631,Unknown (uncertain/insufficient information),395391,805259,Other Private,Not applicable (i.e. only one owner),1996-2000,Storage,1.47,Derelict,S12000033,29954e77-767d-4b7b-bb0c-5fa3fd76b767,2025-11-30,1513
pub_vdl.85,Aberdeenshire,FORMER SHOWROOM AND YARD,ABERCHIRDER1,SOUTH STREET ABERCHIRDER,S01007031,Developable - Medium Term,362454,852223,Unknown Private,Not applicable (i.e. only one owner),Unknown,Retailing,0.3,Vacant Land and Buildings,S12000034,f2baf76b-c7a5-45a6-98e9-8fd274613584,2025-11-30,1745
pub_vdl.86,Aberdeenshire,FORMER ALFORD ACADEMY,ALF1,SCHOOL ROAD ALFORD,S01006885,Developable - Short Term,357444,815791,Local Authority,Not applicable (i.e. only one owner),2016,Education,3.15,Vacant Land,S12000034,f2baf76b-c7a5-45a6-98e9-8fd274613584,2025-11-30,1676
pub_vdl.87,Aberdeenshire,FORMER STATION YARD,AUCHGT1,AUCHNAGGAT,S01007062,Developable - Medium Term,392978,841955,Unknown Private,Not applicable (i.e. only one owner),2008,Transport,0.25,Derelict,S12000034,f2baf76b-c7a5-45a6-98e9-8fd274613584,2025-11-30,1688
pub_vdl.88,Aberdeenshire,GLEN O'DEE HOSPITAL,BANC1,GLEN O'DEE HOSPITAL BANCHORY,S01006872,Developable - Short Term,368522,796706,Other Private,Not applicable (i.e. only one owner),Unknown,Community & Health,1.09,Derelict,S12000034,f2baf76b-c7a5-45a6-98e9-8fd274613584,2025-11-30,1684
pub_vdl.89,Aberdeenshire,HILL OF BANCHORY,BANC2,HILL OF BANCHORY BANCHORY,S01006861,Developable - Short Term,371399,796976,Other Private,Not applicable (i.e. only one owner),2006,Forestry/Woodland,2.62,Vacant Land,S12000034,f2baf76b-c7a5-45a6-98e9-8fd274613584,2025-11-30,1748
pub_vdl.90,Aberdeenshire,FORMER NURSES HOME,BANC3,GLEN O'DEE BANCHORY,S01006872,Developable - Medium Term,368478,796579,Other Private,Not applicable (i.e. only one owner),Unknown,"Residential - Hotels, Hostels etc",0.15,Derelict,S12000034,f2baf76b-c7a5-45a6-98e9-8fd274613584,2025-11-30,1751
pub_vdl.91,Aberdeenshire,FORMER CHICKEN FACTORY,BANFF2,TANNERY STREET BANFF,S01007033,Developable - Medium Term,368299,864076,Unknown Private,Not applicable (i.e. only one owner),2016,Manufacturing,1.73,Derelict,S12000034,f2baf76b-c7a5-45a6-98e9-8fd274613584,2025-11-30,1724
pub_vdl.95,Aberdeenshire,RAF BUCHAN,BOD 1,RAF BUCHAN BODDAM,S01007069,Developable - Medium Term,412875,842069,Defence,Not applicable (i.e. only one owner),2001-2004,Defence,1.1,Vacant Land,S12000034,f2baf76b-c7a5-45a6-98e9-8fd274613584,2025-11-30,1685
pub_vdl.96,Aberdeenshire,RAF BUCHAN,BOD 3,RAF BUCHAN BODDAM,S01007069,Developable - Medium Term,413162,842287,Defence,Not applicable (i.e. only one owner),2001-2004,Defence,0.5,Vacant Land,S12000034,f2baf76b-c7a5-45a6-98e9-8fd274613584,2025-11-30,1732
pub_vdl.97,Aberdeenshire,FORMER BUCHANESS HOTEL,BOD2,BRAE STREET BODDAM,S01007069,Developable - Short Term,413373,842467,Unknown Private,Not applicable (i.e. only one owner),2014,"Residential - Hotels, Hostels etc",0.13,Vacant Land,S12000034,f2baf76b-c7a5-45a6-98e9-8fd274613584,2025-11-30,1712
pub_vdl.98,Aberdeenshire,LONMAY,BPHA/D/293,PUMPING STATION MILLHILL TREATMENT WORKS LONMAY,S01007102,Unknown (uncertain/insufficient information),404355,858797,Local Authority,Not applicable (i.e. only one owner),Unknown,Utility Services,0.19,Derelict,S12000034,f2baf76b-c7a5-45a6-98e9-8fd274613584,2025-11-30,1711
pub_vdl.99,Aberdeenshire,COBLE SHORE,BPHD/D/060,NEAR PRISON PETERHEAD,S01007073,Developable - Undetermined,413064,844338,Ownership unknown,Not applicable (i.e. only one owner),Unknown,Unknown,0.3,Vacant Land,S12000034,f2baf76b-c7a5-45a6-98e9-8fd274613584,2025-11-30,1700
pub_vdl.100,Aberdeenshire,WELLBANK,BPHD/V/033,RING ROAD PETERHEAD,S01007097,Developable - Medium Term,410979,844223,Ownership unknown,Not applicable (i.e. only one owner),Unknown,Agriculture,1.77,Vacant Land,S12000034,f2baf76b-c7a5-45a6-98e9-8fd274613584,2025-11-30,1680
pub_vdl.101,Aberdeenshire,FORMER DAIRY BUILDING,BRAE2,INVERCAULD GARDENS BRAEMAR,S01006793,Developable - Medium Term,315332,791535,Unknown Private,Not applicable (i.e. only one owner),Unknown,Residential - Housing,0.22,Derelict,S12000034,f2baf76b-c7a5-45a6-98e9-8fd274613584,2025-11-30,1706
pub_vdl.102,Aberdeenshire,FORMER BRAEMAR LODGE HOTEL,BRAE3,GLENSHEE ROAD BRAEMAR,S01006793,Developable - Medium Term,315253,791245,Other Private,Not applicable (i.e. only one owner),2022,"Residential - Hotels, Hostels etc",0.11,Vacant Land,S12000034,f2baf76b-c7a5-45a6-98e9-8fd274613584,2025-11-30,1741
pub_vdl.103,Aberdeenshire,FORMER RAF HOSPITAL CAMP,CRIMOND1,MOSS SIDE CRIMOND,S01007102,Developable - Undetermined,405573,855952,Other Private,Not applicable (i.e. only one owner),1996-2000,Defence,8,Derelict,S12000034,f2baf76b-c7a5-45a6-98e9-8fd274613584,2025-11-30,1740
pub_vdl.104,Aberdeenshire,BRICK AND TILE WORKS,CRU1,CRUDEN BAY CRUDEN BAY,S01007066,Developable - Undetermined,408842,836885,Unknown Private,Not applicable (i.e. only one owner),Unknown,Manufacturing,17.6,Derelict,S12000034,f2baf76b-c7a5-45a6-98e9-8fd274613584,2025-11-30,1733
pub_vdl.105,Aberdeenshire,FORMER DRUMOAK SCHOOL,DRUMOAK1,SUNNYSIDE DRIVE DRUMOAK,S01006855,Developable - Short Term,379310,799341,Local Authority,Not applicable (i.e. only one owner),2019,Education,0.29,Vacant Land,S12000034,f2baf76b-c7a5-45a6-98e9-8fd274613584,2025-11-30,1729
pub_vdl.106,Aberdeenshire,FORMER IRVINE ARMS,DRUMOAK2,NORTH DEESIDE ROAD DRUMOAK,S01006854,Developable - Short Term,379218,798805,Unknown Private,Not applicable (i.e. only one owner),2022,Recreation & Leisure,0.13,Vacant Land,S12000034,f2baf76b-c7a5-45a6-98e9-8fd274613584,2025-11-30,1737
pub_vdl.107,Aberdeenshire,SITE ADJ KINCLUNY,DRUMOAK3,OFF SOUTH DEESIDE ROAD PARK DRUMOAK,S01006855,Developable - Undetermined,380134,797687,Other Private,Not applicable (i.e. only one owner),Unknown,Other General Industry,0.3,Derelict,S12000034,f2baf76b-c7a5-45a6-98e9-8fd274613584,2025-11-30,1756
pub_vdl.108,Aberdeenshire,FORMER EDZELL AIRBASE,EDZ1,EDZELL,S01006807,Developable - Undetermined,363072,768871,Unknown Private,Not applicable (i.e. only one owner),1996-2000,Defence,160,Vacant Land and Buildings,S12000034,f2baf76b-c7a5-45a6-98e9-8fd274613584,2025-11-30,1672
pub_vdl.109,Aberdeenshire,FORMER PETROL STATION,ELL8,SOUTH ROAD ELLON,S01006962,Developable - Medium Term,395900,830059,Other Private,Not applicable (i.e. only one owner),Unknown,Retailing,0.25,Derelict,S12000034,f2baf76b-c7a5-45a6-98e9-8fd274613584,2025-11-30,1701
pub_vdl.110,Aberdeenshire,FORMER ELLON ACADEMY SITE (NEW BUILDING),ELL9a,SCHOOLHILL ELLON,S01006959,Developable - Short Term,395803,830574,Local Authority,Not applicable (i.e. only one owner),2015,Education,0.81,Vacant Land,S12000034,f2baf76b-c7a5-45a6-98e9-8fd274613584,2025-11-30,1681
pub_vdl.111,Aberdeenshire,FORMER AIRFIELD CAMP,FA/D057,CAMP OFF B9033 FRASERBURGH,S01007104,Uneconomic to Develop/Soft End Use,402484,864382,Ownership unknown,Not applicable (i.e. only one owner),1980 or earlier,Defence,13.21,Derelict,S12000034,f2baf76b-c7a5-45a6-98e9-8fd274613584,2025-11-30,1673
pub_vdl.112,Aberdeenshire,MILL OF FOVERAN,FOVERAN1,FOVERAN,S01006973,Developable - Short Term,397578,823983,Other Private,Not applicable (i.e. only one owner),Unknown,Agriculture,0.4,Derelict,S12000034,f2baf76b-c7a5-45a6-98e9-8fd274613584,2025-11-30,1747
pub_vdl.113,Aberdeenshire,OPP CEMETERY,FRAS 3,SOUTH HARBOUR ROAD FRASERBURGH,S01007127,Developable - Short Term,400053,865701,Other Private,Not applicable (i.e. only one owner),Unknown,Unknown,2.26,Vacant Land,S12000034,f2baf76b-c7a5-45a6-98e9-8fd274613584,2025-11-30,1678
pub_vdl.114,Aberdeenshire,FORMER ALEXANDRA HOTEL,FRAS5,HIGH STREET FRASERBURGH,S01007127,Developable - Medium Term,399508,867203,Unknown Private,Not applicable (i.e. only one owner),2005,"Residential - Hotels, Hostels etc",0.36,Vacant Land,S12000034,f2baf76b-c7a5-45a6-98e9-8fd274613584,2025-11-30,1697
pub_vdl.115,Aberdeenshire,FAIRNEY HILL BUSINESS PARK,FRAS6,WEST SHORE ROAD FRASERBURGH,S01007108,Developable - Medium Term,398491,867212,Local Authority,Not applicable (i.e. only one owner),1996-2000,Agriculture,1.2,Vacant Land,S12000034,f2baf76b-c7a5-45a6-98e9-8fd274613584,2025-11-30,1679
pub_vdl.116,Aberdeenshire,FORMER POULTRY SHEDS,FRAS7,WEST SHORE ROAD FRASERBURGH,S01007108,Developable - Medium Term,398672,867292,Other Private,Not applicable (i.e. only one owner),2001-2004,Agriculture,0.82,Vacant Land,S12000034,f2baf76b-c7a5-45a6-98e9-8fd274613584,2025-11-30,1682
pub_vdl.117,Aberdeenshire,FORMER RECYCLING CENTRE,FRAS8,WESTSHORE ROAD FRASERBURGH,S01007108,Developable - Medium Term,398576,867281,Local Authority,Not applicable (i.e. only one owner),Unknown,Community & Health,0.12,Derelict,S12000034,f2baf76b-c7a5-45a6-98e9-8fd274613584,2025-11-30,1757
pub_vdl.131,Aberdeenshire,BRIGEND STEADING,KINT 5,NORTHERN RD KINTORE,S01006920,Developable - Short Term,378925,816756,Unknown Private,Not applicable (i.e. only one owner),2017,Agriculture,0.13,Derelict,S12000034,f2baf76b-c7a5-45a6-98e9-8fd274613584,2025-11-30,1714
pub_vdl.118,Aberdeenshire,CROSS STREET,FRAS9,FRASERBURGH,S01007121,Developable - Short Term,399659,866939,Other Private,Not applicable (i.e. only one owner),2022,Retailing,0.29,Vacant Land,S12000034,f2baf76b-c7a5-45a6-98e9-8fd274613584,2025-11-30,1758
pub_vdl.119,Aberdeenshire,FORMER CHURCH,HATT1,MAIN STREET HATTON OF CRUDEN,S01007071,Developable - Short Term,404840,837231,Other Private,Not applicable (i.e. only one owner),2014,Other,0.39,Vacant Land and Buildings,S12000034,f2baf76b-c7a5-45a6-98e9-8fd274613584,2025-11-30,1699
pub_vdl.120,Aberdeenshire,SOUTH OF STEVEN ROAD,HUN15,HUNTLY INDUSTRIAL ESTATE STEVEN ROAD HUNTLY,S01007002,Developable - Medium Term,352108,839482,Local Authority,Not applicable (i.e. only one owner),Unknown,Unknown,1.81,Vacant Land,S12000034,f2baf76b-c7a5-45a6-98e9-8fd274613584,2025-11-30,1675
pub_vdl.121,Aberdeenshire,CENTRAL AUCTION MART/RAILWAY SIDINGS,HUN2,ABERDEEN ROAD HUNTLY,S01007009,Unknown (uncertain/insufficient information),353482,839492,Other Private,Not applicable (i.e. only one owner),1991-1995,Agriculture,1.77,Derelict,S12000034,f2baf76b-c7a5-45a6-98e9-8fd274613584,2025-11-30,1674
pub_vdl.122,Aberdeenshire,FORMER GARAGES AND COUNCIL DEPOT,INSC1,COMMERCE STREET INSCH,S01007001,Developable - Medium Term,363030,827900,Local Authority,Unknown Private,2005,Transport,0.58,Derelict,S12000034,f2baf76b-c7a5-45a6-98e9-8fd274613584,2025-11-30,1690
pub_vdl.123,Aberdeenshire,A98 INVERBOYNDIE,INVERBOY 1,SITE ON A98 INVERBOYNDIE,S01007028,Developable - Undetermined,366734,864325,Unknown Private,Not applicable (i.e. only one owner),Unknown,Other General Industry,3.1,Vacant Land and Buildings,S12000034,f2baf76b-c7a5-45a6-98e9-8fd274613584,2025-11-30,1677
pub_vdl.124,Aberdeenshire,FORMER HARLAW CENTRE,INVERUR2,HARLAW ROAD INVERURIE,S01006895,Developable - Medium Term,376955,822437,Local Authority,Not applicable (i.e. only one owner),2018,Community & Health,1.2,Vacant Land,S12000034,f2baf76b-c7a5-45a6-98e9-8fd274613584,2025-11-30,1722
pub_vdl.125,Aberdeenshire,FORMER MATHERS FACTORY,INVERUR3,HARLAW ROAD INVERURIE,S01006895,Developable - Medium Term,376841,822525,Other Private,Not applicable (i.e. only one owner),2017,Manufacturing,0.4,Vacant Land,S12000034,f2baf76b-c7a5-45a6-98e9-8fd274613584,2025-11-30,1723
pub_vdl.126,Aberdeenshire,FORMER BLYTHEWOOD CARE HOME,INVERUR4,ELPHINSTONE ROAD PORT ELPHINSTONE INVERURIE,S01006903,Developable - Medium Term,377534,820229,Local Authority,Not applicable (i.e. only one owner),2018,Community & Health,0.48,Derelict,S12000034,f2baf76b-c7a5-45a6-98e9-8fd274613584,2025-11-30,1721
pub_vdl.127,Aberdeenshire,FORMER STRATHBURN COTTAGE,INVERUR7,MIDDLEMUIR ROAD INVERURIE,S01006896,Developable - Short Term,376820,821764,Unknown Private,Not applicable (i.e. only one owner),2021,Residential - Housing,0.27,Vacant Land,S12000034,f2baf76b-c7a5-45a6-98e9-8fd274613584,2025-11-30,1735
pub_vdl.128,Aberdeenshire,HIGHCLERE BUSINESS PARK,INVERUR8,INVERURIE,S01006912,Developable - Medium Term,375770,821486,Other Private,Not applicable (i.e. only one owner),2022,Storage,0.6,Vacant Land,S12000034,f2baf76b-c7a5-45a6-98e9-8fd274613584,2025-11-30,1744
pub_vdl.129,Aberdeenshire,FORMER J & M STRANGS FILLING STATION,KINCARD1,NORTH DEESIDE ROAD KINCARDINE O' NEIL,S01006869,Developable - Short Term,358935,799676,Unknown Private,Not applicable (i.e. only one owner),2019,Retailing,0.3,Vacant Land,S12000034,f2baf76b-c7a5-45a6-98e9-8fd274613584,2025-11-30,1734
pub_vdl.130,Aberdeenshire,FORMER TORRYBURN HOTEL,KINT 4,GAUCHILL ROAD KINTORE,S01006916,Developable - Medium Term,379045,815646,Unknown Private,Not applicable (i.e. only one owner),2015,"Residential - Hotels, Hostels etc",0.63,Derelict,S12000034,f2baf76b-c7a5-45a6-98e9-8fd274613584,2025-11-30,1693
pub_vdl.132,Aberdeenshire,FORMER MEARNS ACADEMY SITE,LKIRK2,ABERDEEN ROAD LAURENCEKIRK,S01006801,Developable - Short Term,372036,771707,Local Authority,Not applicable (i.e. only one owner),2017,Education,1.68,Derelict,S12000034,f2baf76b-c7a5-45a6-98e9-8fd274613584,2025-11-30,1715
pub_vdl.133,Aberdeenshire,TARLAIR BUSINESS PARK,MACD2,TARLAIR WAY MACDUFF,S01007040,Developable - Short Term,371670,864177,Local Authority,Not applicable (i.e. only one owner),2006,Agriculture,1.85,Vacant Land,S12000034,f2baf76b-c7a5-45a6-98e9-8fd274613584,2025-11-30,1725
pub_vdl.134,Aberdeenshire,FORMER FILLING STATION,MACD3,BUCHAN ST MACDUFF,S01007039,Developable - Medium Term,371095,864560,Unknown Private,Not applicable (i.e. only one owner),Unknown,Retailing,0.19,Vacant Land,S12000034,f2baf76b-c7a5-45a6-98e9-8fd274613584,2025-11-30,1746
pub_vdl.135,Aberdeenshire,FORMER MAUD HOSPITAL,MAUD2,BANK ROAD MAUD,S01007053,Developable - Short Term,392493,847584,Other Private,Not applicable (i.e. only one owner),2008,Community & Health,0.95,Derelict,S12000034,f2baf76b-c7a5-45a6-98e9-8fd274613584,2025-11-30,1738
pub_vdl.136,Aberdeenshire,FORMER OLD MILL INN,MCULTER1,SOUTH DEESIDE ROAD MARYCULTER,S01006853,Developable - Medium Term,385733,800131,Unknown Private,Not applicable (i.e. only one owner),2021,Recreation & Leisure,0.84,Derelict,S12000034,f2baf76b-c7a5-45a6-98e9-8fd274613584,2025-11-30,1728
pub_vdl.137,Aberdeenshire,FORMER MIDMAR INN,MIDMAR1,B9119 MIDMAR,S01006858,Developable - Undetermined,370561,805677,Unknown Private,Not applicable (i.e. only one owner),2007,Recreation & Leisure,0.25,Derelict,S12000034,f2baf76b-c7a5-45a6-98e9-8fd274613584,2025-11-30,1755
pub_vdl.138,Aberdeenshire,ADJ CO-OP STORE,MINT2,MINTLAW INDUSTRIAL ESTATE STATION ROAD MINTLAW,S01007059,Developable - Medium Term,399040,848489,Ownership unknown,Not applicable (i.e. only one owner),Unknown,Residential - Housing,0.2,Vacant Land,S12000034,f2baf76b-c7a5-45a6-98e9-8fd274613584,2025-11-30,1710
pub_vdl.139,Aberdeenshire,MARYMILL,MKIRK1,MARYKIRK,S01006806,Developable - Medium Term,368620,765355,Unknown Private,Not applicable (i.e. only one owner),2017,Agriculture,0.18,Derelict,S12000034,f2baf76b-c7a5-45a6-98e9-8fd274613584,2025-11-30,1716
pub_vdl.140,Aberdeenshire,OPP NEWMACHAR HOTEL,NEWM1,KINGSEAT ROAD NEWMACHAR,S01006947,Developable - Undetermined,388387,819981,Unknown Private,Not applicable (i.e. only one owner),Unknown,Agriculture,0.22,Derelict,S12000034,f2baf76b-c7a5-45a6-98e9-8fd274613584,2025-11-30,1704
pub_vdl.141,Aberdeenshire,FORMER HOSPITAL BUILDING,NEWM3,FORMER KINGSEAT HOSPITAL KINGSEAT,S01006950,Developable - Medium Term,390381,819018,Other Private,Not applicable (i.e. only one owner),1996-2000,Community & Health,0.54,Derelict,S12000034,f2baf76b-c7a5-45a6-98e9-8fd274613584,2025-11-30,1717
pub_vdl.142,Aberdeenshire,FORMER VILLAGE HALL,NEWM4,FORMER KINGSEAT HOSPITAL KINGSEAT,S01006950,Developable - Medium Term,390373,819166,Other Private,Not applicable (i.e. only one owner),1996-2000,Community & Health,0.19,Derelict,S12000034,f2baf76b-c7a5-45a6-98e9-8fd274613584,2025-11-30,1718
pub_vdl.143,Aberdeenshire,FORMER BUILDING E12,NEWM5,FORMER KINGSEAT HOSPITAL KINGSEAT,S01006950,Developable - Medium Term,390339,818927,Other Private,Not applicable (i.e. only one owner),1996-2000,Community & Health,0.11,Derelict,S12000034,f2baf76b-c7a5-45a6-98e9-8fd274613584,2025-11-30,1719
pub_vdl.144,Aberdeenshire,FORMER ADMIN BLOCK,NEWM6,FORMER KINGSEAT HOSPITAL KINGSEAT,S01006950,Developable - Medium Term,390479,819125,Other Private,Not applicable (i.e. only one owner),1996-2000,Community & Health,0.12,Derelict,S12000034,f2baf76b-c7a5-45a6-98e9-8fd274613584,2025-11-30,1720
pub_vdl.145,Aberdeenshire,FORMER ST DROSTAN'S EVENTIDE HOME,OLDDEER1,RUSSELL STREET OLD DEER,S01007064,Developable - Short Term,397661,847661,Other Private,Not applicable (i.e. only one owner),2014,Community & Health,0.88,Derelict,S12000034,f2baf76b-c7a5-45a6-98e9-8fd274613584,2025-11-30,1739
pub_vdl.146,Aberdeenshire,COUTENS FARM,OLDM1,COUTENS COLPY ROAD OLDMELDRUM,S01006988,Developable - Medium Term,380258,827645,Unknown Private,Not applicable (i.e. only one owner),Unknown,Agriculture,1.1,Derelict,S12000034,f2baf76b-c7a5-45a6-98e9-8fd274613584,2025-11-30,1687
pub_vdl.147,Aberdeenshire,FORMER PIGGERY,OLDM2,HATTONCROOK OLMELDRUM,S01006988,Developable - Undetermined,384773,825615,Unknown Private,Not applicable (i.e. only one owner),2009,Agriculture,0.9,Derelict,S12000034,f2baf76b-c7a5-45a6-98e9-8fd274613584,2025-11-30,1753
pub_vdl.148,Aberdeenshire,FORMER ARCHEAOLINK PARK,OYNE1,OYNE,S01006888,Developable - Medium Term,366908,825672,Local Authority,Not applicable (i.e. only one owner),2017,Recreation & Leisure,3.26,Derelict,S12000034,f2baf76b-c7a5-45a6-98e9-8fd274613584,2025-11-30,1713
pub_vdl.149,Aberdeenshire,STATION ROAD,PHD/D/058,STATION ROAD PETERHEAD,S01007080,Developable - Medium Term,412534,846303,Unknown Private,Not applicable (i.e. only one owner),Unknown,Other General Industry,0.21,Derelict,S12000034,f2baf76b-c7a5-45a6-98e9-8fd274613584,2025-11-30,1708
pub_vdl.150,Aberdeenshire,NORTH ST/ BROOK LANE,PHD/D/061,NORTH ST/ BROOK LANE PETERHEAD,S01007087,Developable - Medium Term,413487,846415,Other Private,Not applicable (i.e. only one owner),Unknown,Other General Industry,0.22,Vacant Land,S12000034,f2baf76b-c7a5-45a6-98e9-8fd274613584,2025-11-30,1707
pub_vdl.151,Aberdeenshire,UGIE STREET,PHD/V/060,UGIE STREET PETERHEAD,S01007086,Developable - Medium Term,413323,846659,Other Private,Not applicable (i.e. only one owner),Unknown,Other General Industry,0.29,Vacant Land,S12000034,f2baf76b-c7a5-45a6-98e9-8fd274613584,2025-11-30,1698
pub_vdl.152,Aberdeenshire,FORMER SCRAP METAL WORKS,PHEA4,UGIE ST/WILSON ST PETERHEAD,S01007086,Developable - Medium Term,413200,846717,Ownership unknown,Not applicable (i.e. only one owner),Unknown,Manufacturing,0.37,Derelict,S12000034,f2baf76b-c7a5-45a6-98e9-8fd274613584,2025-11-30,1694
pub_vdl.153,Aberdeenshire,FORMER BELLAMYS FACTORY,PHEA8,WINDMILL STREET PETERHEAD,S01007086,Developable - Short Term,413409,846349,Unknown Private,Not applicable (i.e. only one owner),Unknown,Manufacturing,0.81,Vacant Land,S12000034,f2baf76b-c7a5-45a6-98e9-8fd274613584,2025-11-30,1749
pub_vdl.154,Aberdeenshire,FORMER RECYCLING CENTRE,PHEAD11,DALES INDUSTRIAL ESTATE DAMHEAD WAY PETERHEAD,S01007097,Developable - Undetermined,411461,844785,Local Authority,Not applicable (i.e. only one owner),2009,Community & Health,0.66,Derelict,S12000034,f2baf76b-c7a5-45a6-98e9-8fd274613584,2025-11-30,1691
pub_vdl.155,Aberdeenshire,OPP BUS DEPOT,PHEAD14,GRANGE ROAD PETERHEAD,S01007090,Developable - Medium Term,411775,846631,Unknown Private,Not applicable (i.e. only one owner),Unknown,Unknown,0.39,Vacant Land,S12000034,f2baf76b-c7a5-45a6-98e9-8fd274613584,2025-11-30,1692
pub_vdl.156,Aberdeenshire,REAR BALMOOR IND EST,PHEAD15,GRANGE ROAD PETERHEAD,S01007090,Developable - Medium Term,411899,846585,Local Authority,Not applicable (i.e. only one owner),Unknown,Unknown,1.1,Vacant Land,S12000034,f2baf76b-c7a5-45a6-98e9-8fd274613584,2025-11-30,1696
pub_vdl.157,Aberdeenshire,ADJACENT ALDI,PHEAD16,KIRK STREET PETERHEAD,S01007080,Developable - Short Term,412630,846118,Unknown Private,Not applicable (i.e. only one owner),2018,Manufacturing,0.98,Vacant Land,S12000034,f2baf76b-c7a5-45a6-98e9-8fd274613584,2025-11-30,1726
pub_vdl.158,Aberdeenshire,FORMER FACTORY SITE,PHEAD17,BALMOOR INDUSTRIAL ESTATE CATTO DRIVE PETERHEAD,S01007090,Developable - Medium Term,411938,846756,Local Authority,Not applicable (i.e. only one owner),2018,Manufacturing,1.49,Vacant Land,S12000034,f2baf76b-c7a5-45a6-98e9-8fd274613584,2025-11-30,1730
pub_vdl.1067,Glasgow City,,1300,N OF HILLINGTON RD/ADJ TO RENFREW DIST.,S01009833,Developable - Undetermined,252681,665530,Other Private,Not applicable (i.e. only one owner),1981-1985,Transport,0.94,Vacant Land,S12000049,05df8fc4-004a-4125-8629-0ae5c553022b,2025-12-03,244
pub_vdl.159,Aberdeenshire,FORMER SEWAGE WORKS,PHEAD18,TORTORSTON ROAD PETERHEAD,S01007098,Developable - Medium Term,409105,846991,Unknown Private,Not applicable (i.e. only one owner),Unknown,Community & Health,0.8,Derelict,S12000034,f2baf76b-c7a5-45a6-98e9-8fd274613584,2025-11-30,1759
pub_vdl.160,Aberdeenshire,FORMER NORSE YARD,PITTMDN1,B999 ROAD PITMEDDEN,S01006983,Developable - Medium Term,388781,828061,Unknown Private,Not applicable (i.e. only one owner),Unknown,Other General Industry,1.7,Vacant Land and Buildings,S12000034,f2baf76b-c7a5-45a6-98e9-8fd274613584,2025-11-30,1731
pub_vdl.161,Aberdeenshire,FORMER HILLSIDE PETROL STATION,PORT1,HILLSIDE PORTLETHEN,S01006848,Developable - Medium Term,392536,797893,Other Private,Not applicable (i.e. only one owner),2001-2004,Retailing,0.15,Derelict,S12000034,f2baf76b-c7a5-45a6-98e9-8fd274613584,2025-11-30,1709
pub_vdl.162,Aberdeenshire,FORMER COULL CARS SITE,PORT3,HILLSIDE ROAD PORTLETHEN,S01006849,Developable - Short Term,392495,797974,Housing Association,Not applicable (i.e. only one owner),2011,Retailing,0.71,Vacant Land,S12000034,f2baf76b-c7a5-45a6-98e9-8fd274613584,2025-11-30,1689
pub_vdl.163,Aberdeenshire,HILLSIDE HOUSE,PORT4,HILLSIDE PORTLETHEN,S01006849,Developable - Undetermined,392168,797718,Unknown Private,Not applicable (i.e. only one owner),2016,Residential - Housing,0.15,Derelict,S12000034,f2baf76b-c7a5-45a6-98e9-8fd274613584,2025-11-30,1750
pub_vdl.164,Aberdeenshire,STEADINGS AT WOODLANDS,SAUCHEN1,OFF A944 SAUCHEN,S01006881,Developable - Medium Term,368416,810300,Unknown Private,Not applicable (i.e. only one owner),Unknown,Agriculture,0.54,Derelict,S12000034,f2baf76b-c7a5-45a6-98e9-8fd274613584,2025-11-30,1754
pub_vdl.165,Aberdeenshire,FORMER GAS STORAGE SITE,STON2,WALLACE WYND STONEHAVEN,S01006828,Unknown (uncertain/insufficient information),387608,785440,Private Gas,Not applicable (i.e. only one owner),Unknown,Manufacturing,0.24,Derelict,S12000034,f2baf76b-c7a5-45a6-98e9-8fd274613584,2025-11-30,1703
pub_vdl.166,Aberdeenshire,FORMER FAROCHIE DAIRY,STON3,CHEYNE STONEHAVEN,S01006822,Developable - Undetermined,384498,786438,Unknown Private,Not applicable (i.e. only one owner),Unknown,Agriculture,1.16,Derelict,S12000034,f2baf76b-c7a5-45a6-98e9-8fd274613584,2025-11-30,1752
pub_vdl.167,Aberdeenshire,CORNFIELD ROAD,TURR1,CORNFIELD ROAD TURRIFF,S01007019,Developable - Medium Term,372623,850159,Unknown Private,Not applicable (i.e. only one owner),Unknown,Other General Industry,1.39,Vacant Land,S12000034,f2baf76b-c7a5-45a6-98e9-8fd274613584,2025-11-30,1686
pub_vdl.168,Aberdeenshire,FORMER MARKETHILL SCHOOL,TURR2,BADEN POWELL ROAD TURRIFF,S01007019,Developable - Short Term,372259,850341,Other Private,Not applicable (i.e. only one owner),2019,Education,1,Vacant Land,S12000034,f2baf76b-c7a5-45a6-98e9-8fd274613584,2025-11-30,1727
pub_vdl.169,Aberdeenshire,SITE AT DUNCAN TERRACE,UDNYST1,MAIN ROAD UDNY STATION,S01006981,Developable - Short Term,390936,824407,Other Private,Not applicable (i.e. only one owner),2019,Retailing,0.24,Vacant Land,S12000034,f2baf76b-c7a5-45a6-98e9-8fd274613584,2025-11-30,1742
pub_vdl.170,Aberdeenshire,STEADING MILTON OF GARLOGIE,WEST 2,GARLOGIE WESTHILL,S01006931,Developable - Short Term,378348,806650,Other Private,Not applicable (i.e. only one owner),Unknown,Agriculture,0.22,Derelict,S12000034,f2baf76b-c7a5-45a6-98e9-8fd274613584,2025-11-30,1736
pub_vdl.178,Angus,FORMER ST THOMAS RC PRIMARY SCHOOL,AN/A/31,SEATON ROAD ARBROATH,S01007190,Unknown (uncertain/insufficient information),364968,741492,Local Authority,Not applicable (i.e. only one owner),2020,Education,1.35,Derelict,S12000041,a17f5236-c941-485c-9ff1-1f425b6df2f0,2025-11-30,1818
pub_vdl.188,Angus,PARK ROAD,AN/B/14,BRECHIN,S01007234,Developable - Short Term,360279,760226,Other Private,Not applicable (i.e. only one owner),Unknown,Other General Industry,0.43,Vacant Land and Buildings,S12000041,a17f5236-c941-485c-9ff1-1f425b6df2f0,2025-11-30,1764
pub_vdl.171,Angus,GOODS YARD PART,AN/A/04,HELEN STREET ARBROATH,S01007184,Developable - Medium Term,363838,741037,Network Rail/ Rail Franchise Holder,Not applicable (i.e. only one owner),1986-1990,Transport,0.99,Derelict,S12000041,a17f5236-c941-485c-9ff1-1f425b6df2f0,2025-11-30,1802
pub_vdl.172,Angus,PLOT 30.02,AN/A/13/A,JAMES CHALMERS ROAD KIRKTON INDUSTRIAL ESTATE ARBROATH,S01007174,Developable - Short Term,362488,742310,Other Private,Not applicable (i.e. only one owner),1991-1995,Agriculture,1.12,Vacant Land,S12000041,a17f5236-c941-485c-9ff1-1f425b6df2f0,2025-11-30,1804
pub_vdl.173,Angus,PLOT 42,AN/A/13/C,JAMES CHALMERS ROAD KIRKTON INDUSTRIAL ESTATE ARBROATH,S01007174,Developable - Short Term,362927,742222,Other Private,Not applicable (i.e. only one owner),1991-1995,Agriculture,0.65,Vacant Land,S12000041,a17f5236-c941-485c-9ff1-1f425b6df2f0,2025-11-30,1763
pub_vdl.174,Angus,FORMER SEAFORTH HOTEL,AN/A/27,DUNDEE ROAD ARBROATH,S01007181,Developable - Medium Term,363517,740195,Other Private,Not applicable (i.e. only one owner),2006,"Residential - Hotels, Hostels etc",0.56,Vacant Land,S12000041,a17f5236-c941-485c-9ff1-1f425b6df2f0,2025-11-30,1816
pub_vdl.175,Angus,ABBEY WORKS,AN/A/28,PALMER STREET ARBROATH,S01007189,Developable - Short Term,364575,741330,Other Private,Not applicable (i.e. only one owner),2009,Storage,1.69,Derelict,S12000041,a17f5236-c941-485c-9ff1-1f425b6df2f0,2025-11-30,1760
pub_vdl.176,Angus,WARDMILL/DENS ROAD,AN/A/29,ARBROATH,S01007198,Developable - Medium Term,363960,741582,Other Private,Not applicable (i.e. only one owner),Unknown,Other General Industry,1.33,Vacant Land and Buildings,S12000041,a17f5236-c941-485c-9ff1-1f425b6df2f0,2025-11-30,1807
pub_vdl.177,Angus,ABBEYBANK HOUSE,AN/A/30,SPRINGFIELD TERRACE ARBROATH,S01007189,Developable - Short Term,364719,741321,Other Private,Not applicable (i.e. only one owner),Unknown,Residential - Housing,0.44,Vacant Land and Buildings,S12000041,a17f5236-c941-485c-9ff1-1f425b6df2f0,2025-11-30,1798
pub_vdl.179,Angus,DEWAR HOUSE,AN/A/32,HILL TERRACE ARBROATH,S01007187,Unknown (uncertain/insufficient information),364495,741016,Local Authority,Not applicable (i.e. only one owner),2020,Offices,0.2,Derelict,S12000041,a17f5236-c941-485c-9ff1-1f425b6df2f0,2025-11-30,1780
pub_vdl.180,Angus,LAND AT BRECHIN INFIRMARY,AN/B/09,INFIRMARY ST BRECHIN,S01007234,Developable - Short Term,360150,760448,Health Boards,Not applicable (i.e. only one owner),1986-1990,Community & Health,1.52,Vacant Land and Buildings,S12000041,a17f5236-c941-485c-9ff1-1f425b6df2f0,2025-11-30,1822
pub_vdl.181,Angus,PLOT 1,AN/B/11/A,BRECHIN BUSINESS PARK A935 BRECHIN,S01007239,Developable - Short Term,358338,760087,Local Authority,Not applicable (i.e. only one owner),2001-2004,Agriculture,0.38,Vacant Land,S12000041,a17f5236-c941-485c-9ff1-1f425b6df2f0,2025-11-30,1839
pub_vdl.182,Angus,PLOT 2,AN/B/11/B,BRECHIN BUSINESS PARK A935 BRECHIN,S01007239,Developable - Short Term,358407,760086,Local Authority,Not applicable (i.e. only one owner),2001-2004,Agriculture,0.33,Vacant Land,S12000041,a17f5236-c941-485c-9ff1-1f425b6df2f0,2025-11-30,1806
pub_vdl.183,Angus,PLOT 19,AN/B/11/C,BRECHIN BUSINESS PARK A935 BRECHIN,S01007239,Developable - Short Term,358264,760231,Local Authority,Not applicable (i.e. only one owner),2001-2004,Agriculture,0.67,Vacant Land,S12000041,a17f5236-c941-485c-9ff1-1f425b6df2f0,2025-11-30,1797
pub_vdl.184,Angus,PLOT 3,AN/B/11/D,BRECHIN BUSINESS PARK A935 BRECHIN,S01007239,Developable - Short Term,358456,760088,Local Authority,Not applicable (i.e. only one owner),2001-2004,Agriculture,0.39,Vacant Land,S12000041,a17f5236-c941-485c-9ff1-1f425b6df2f0,2025-11-30,1778
pub_vdl.185,Angus,PLOT 4.01,AN/B/11/E,BRECHIN BUSINESS PARK A935 BRECHIN,S01007239,Developable - Short Term,358502,760098,Local Authority,Not applicable (i.e. only one owner),2001-2004,Agriculture,0.24,Vacant Land,S12000041,a17f5236-c941-485c-9ff1-1f425b6df2f0,2025-11-30,1803
pub_vdl.186,Angus,FORMER FLICKS NIGHTCLUB,AN/B/12,77-81 HIGH STREET BRECHIN,S01007235,Developable - Short Term,359815,760100,Other Private,Not applicable (i.e. only one owner),Unknown,Recreation & Leisure,0.1,Vacant Land and Buildings,S12000041,a17f5236-c941-485c-9ff1-1f425b6df2f0,2025-11-30,1796
pub_vdl.187,Angus,SLATER WAY,AN/B/13,MONTROSE STREET BRECHIN,S01007230,Developable - Medium Term,360929,759680,Other Private,Not applicable (i.e. only one owner),Unknown,Residential - Housing,0.23,Vacant Land,S12000041,a17f5236-c941-485c-9ff1-1f425b6df2f0,2025-11-30,1799
pub_vdl.189,Angus,FORMER ST DROSTAN'S CARE HOME,AN/B/15,INFIRMARY ST BRECHIN,S01007234,Unknown (uncertain/insufficient information),360283,760423,Local Authority,Not applicable (i.e. only one owner),Unknown,Community & Health,0.43,Derelict,S12000041,a17f5236-c941-485c-9ff1-1f425b6df2f0,2025-11-30,1819
pub_vdl.190,Angus,FORMER MAISONDIEU CHURCH,AN/B/16,WITCHDEN ROAD BRECHIN,S01007232,Developable - Medium Term,360168,759739,Other Private,Not applicable (i.e. only one owner),1981-1985,Other,0.23,Derelict,S12000041,a17f5236-c941-485c-9ff1-1f425b6df2f0,2025-11-30,1779
pub_vdl.191,Angus,"FORMER LEISURE CENTRE, THE INCH",AN/B/17,RIVER STREET BRECHIN,S01007232,Unknown (uncertain/insufficient information),360001,759736,Local Authority,Not applicable (i.e. only one owner),2017,Recreation & Leisure,0.1,Derelict,S12000041,,,
pub_vdl.192,Angus,LAND SOUTH OF FORMER ANDOVER PS,AN/B/18,BRECHIN,S01007232,Developable - Short Term,360247,759675,Local Authority,Not applicable (i.e. only one owner),1996-2000,Education,0.35,Vacant Land,S12000041,a17f5236-c941-485c-9ff1-1f425b6df2f0,2025-11-30,1773
pub_vdl.193,Angus,WOODSIDE / PITSKELLY,AN/C/04/A,CARNOUSTIE,S01007160,Developable - Short Term,354659,734557,Other Private,Not applicable (i.e. only one owner),Unknown,Unknown,2.27,Vacant Land,S12000041,a17f5236-c941-485c-9ff1-1f425b6df2f0,2025-11-30,1844
pub_vdl.194,Angus,BARRY ROAD,AN/C/04/B,PITSKELLY CARNOUSTIE,S01007160,Developable - Short Term,354521,734487,Other Private,Not applicable (i.e. only one owner),Unknown,Unknown,0.72,Vacant Land,S12000041,a17f5236-c941-485c-9ff1-1f425b6df2f0,2025-11-30,1815
pub_vdl.195,Angus,BONELLA STREET,AN/C/13,CARNOUSTIE,S01007165,Developable - Short Term,356413,734491,Other Private,Not applicable (i.e. only one owner),Unknown,Transport,0.39,Vacant Land,S12000041,a17f5236-c941-485c-9ff1-1f425b6df2f0,2025-11-30,1801
pub_vdl.196,Angus,LINKS PARADE,AN/C/14,CARNOUSTIE,S01007161,Developable - Short Term,355898,734222,Other Private,Not applicable (i.e. only one owner),2008,"Residential - Hotels, Hostels etc",0.1,Vacant Land,S12000041,a17f5236-c941-485c-9ff1-1f425b6df2f0,2025-11-30,1824
pub_vdl.197,Angus,LETHNOT ROAD,AN/E/01,EDZELL,S01007283,Unknown (uncertain/insufficient information),359673,769093,Unknown Private,Not applicable (i.e. only one owner),Unknown,Agriculture,0.84,Vacant Land,S12000041,a17f5236-c941-485c-9ff1-1f425b6df2f0,2025-11-30,1786
pub_vdl.198,Angus,PLOT 12.01,AN/F/12/A,ORCHARDBANK BUSINESS PARK FORFAR,S01007244,Developable - Short Term,343466,749874,Local Authority,Not applicable (i.e. only one owner),2001-2004,Agriculture,10.92,Vacant Land,S12000041,a17f5236-c941-485c-9ff1-1f425b6df2f0,2025-11-30,1842
pub_vdl.199,Angus,PLOT 12.02,AN/F/12/B,ORCHARDBANK BUSINESS PARK FORFAR,S01007244,Developable - Short Term,343702,749861,Local Authority,Not applicable (i.e. only one owner),2001-2004,Agriculture,4.37,Vacant Land,S12000041,a17f5236-c941-485c-9ff1-1f425b6df2f0,2025-11-30,1841
pub_vdl.200,Angus,PLOT 12.03,AN/F/12/C,ORCHARDBANK BUSINESS PARK FORFAR,S01007264,Developable - Short Term,343849,749698,Local Authority,Not applicable (i.e. only one owner),2001-2004,Agriculture,0.9,Vacant Land,S12000041,a17f5236-c941-485c-9ff1-1f425b6df2f0,2025-11-30,1800
pub_vdl.201,Angus,PLOT 12.04,AN/F/12/D,ORCHARDBANK BUSINESS PARK FORFAR,S01007264,Developable - Short Term,343740,749620,Local Authority,Not applicable (i.e. only one owner),2001-2004,Agriculture,0.42,Vacant Land,S12000041,a17f5236-c941-485c-9ff1-1f425b6df2f0,2025-11-30,1782
pub_vdl.202,Angus,SOUTH STREET MILL,AN/F/16,SOUTH STREET FORFAR,S01007256,Developable - Undetermined,346245,750644,Other Private,Not applicable (i.e. only one owner),Unknown,Manufacturing,0.8,Vacant Land and Buildings,S12000041,a17f5236-c941-485c-9ff1-1f425b6df2f0,2025-11-30,1821
pub_vdl.203,Angus,FORMER SWIMMING POOL,AN/F/17,THE VENNEL FORFAR,S01007258,Developable - Medium Term,345636,750543,Local Authority,Not applicable (i.e. only one owner),2017,Recreation & Leisure,0.1,Vacant Land and Buildings,S12000041,a17f5236-c941-485c-9ff1-1f425b6df2f0,2025-11-30,1793
pub_vdl.204,Angus,FORMER FUEL STORAGE DEPOT,AN/F/18,FYFE STREET FORFAR,S01007252,Unknown (uncertain/insufficient information),346195,751362,Other Private,Not applicable (i.e. only one owner),2018,Manufacturing,0.21,Derelict,S12000041,a17f5236-c941-485c-9ff1-1f425b6df2f0,2025-11-30,1812
pub_vdl.205,Angus,FORMER WELLBRAES SCHOOL,AN/F/20,WELLBRAES FORFAR,S01007257,Unknown (uncertain/insufficient information),345861,750924,Local Authority,Not applicable (i.e. only one owner),2016,Education,0.26,Vacant Land,S12000041,a17f5236-c941-485c-9ff1-1f425b6df2f0,2025-11-30,1820
pub_vdl.206,Angus,QUARRYBANK,AN/F/22,DUNDEE ROAD FORFAR,S01007261,Unknown (uncertain/insufficient information),345192,749287,Unknown Private,Not applicable (i.e. only one owner),Unknown,Agriculture,0.15,Vacant Land and Buildings,S12000041,a17f5236-c941-485c-9ff1-1f425b6df2f0,2025-11-30,1789
pub_vdl.207,Angus,GAIRIE WORKS,AN/K/5,BELLIES BRAE KIRRIEMUIR,S01007274,Developable - Undetermined,338615,753790,Other Private,Not applicable (i.e. only one owner),Unknown,Manufacturing,1.31,Vacant Land and Buildings,S12000041,a17f5236-c941-485c-9ff1-1f425b6df2f0,2025-11-30,1794
pub_vdl.213,Angus,PLOT 25.01,AN/M/22,FORTIES ROAD INDUSTRIAL ESTATE MONTROSE,S01007222,Developable - Medium Term,371647,760444,Unknown Private,Not applicable (i.e. only one owner),Unknown,Prepared Ground,0.18,Vacant Land,S12000041,a17f5236-c941-485c-9ff1-1f425b6df2f0,2025-11-30,1833
pub_vdl.214,Angus,PLOT 13.11,AN/M/23,FORTIES ROAD INDUSTRIAL ESTATE MONTROSE,S01007222,Developable - Medium Term,371580,760481,Unknown Private,Not applicable (i.e. only one owner),Unknown,Prepared Ground,0.53,Vacant Land,S12000041,a17f5236-c941-485c-9ff1-1f425b6df2f0,2025-11-30,1768
pub_vdl.208,Angus,WALDRON ROAD,AN/M/17,MONTROSE,S01007219,Developable - Medium Term,371712,759361,Other Private,Not applicable (i.e. only one owner),Unknown,Unknown,0.69,Vacant Land,S12000041,a17f5236-c941-485c-9ff1-1f425b6df2f0,2025-11-30,1770
pub_vdl.209,Angus,MONTROSE AIRFIELD,AN/M/18,MONTROSE,S01007222,Developable - Short Term,372534,760028,Other National/Local Government,Other Private,Unknown,Defence,51.9,Vacant Land and Buildings,S12000041,a17f5236-c941-485c-9ff1-1f425b6df2f0,2025-11-30,1809
pub_vdl.210,Angus,MONTROSE GOODS YARD,AN/M/19,MONTROSE,S01007215,Developable - Medium Term,371242,757890,Network Rail/ Rail Franchise Holder,Not applicable (i.e. only one owner),Unknown,Transport,0.56,Vacant Land,S12000041,a17f5236-c941-485c-9ff1-1f425b6df2f0,2025-11-30,1805
pub_vdl.211,Angus,CHAPEL WORKS,AN/M/20,EASTERN ROAD MONTROSE,S01007211,Developable - Short Term,371794,757715,Other Private,Not applicable (i.e. only one owner),Unknown,Manufacturing,0.17,Derelict,S12000041,a17f5236-c941-485c-9ff1-1f425b6df2f0,2025-11-30,1810
pub_vdl.212,Angus,FORMER MONTROSE INFIRMARY,AN/M/21,BASIN VIEW MONTROSE,S01007208,Developable - Undetermined,371037,757444,Health Boards,Not applicable (i.e. only one owner),2016,Community & Health,0.47,Derelict,S12000041,a17f5236-c941-485c-9ff1-1f425b6df2f0,2025-11-30,1825
pub_vdl.215,Angus,PLOT 20,AN/M/24,FORTIES ROAD INDUSTRIAL ESTATE MONTROSE,S01007222,Developable - Medium Term,371787,760526,Unknown Private,Not applicable (i.e. only one owner),2016,Prepared Ground,0.95,Vacant Land,S12000041,a17f5236-c941-485c-9ff1-1f425b6df2f0,2025-11-30,1826
pub_vdl.216,Angus,FORMER CUSTOM HOUSE,AN/M/25,CALEDONIA STREET MONTROSE,S01007210,Developable - Short Term,371635,757239,Private Port Company,Not applicable (i.e. only one owner),1980 or earlier,Business Class,0.43,Vacant Land and Buildings,S12000041,a17f5236-c941-485c-9ff1-1f425b6df2f0,2025-11-30,1851
pub_vdl.217,Angus,FORMER VISTORIA WORKS,AN/M/26,NORTH ESK ROAD MONTROSE,S01007219,Unknown (uncertain/insufficient information),371656,759294,Unknown Private,Not applicable (i.e. only one owner),Unknown,Manufacturing,0.48,Vacant Land,S12000041,a17f5236-c941-485c-9ff1-1f425b6df2f0,2025-11-30,1853
pub_vdl.218,Angus,STATION AND,AN/R/03,GOODS YARD INVERKEILLOR,S01007204,Developable - Undetermined,366650,749057,Network Rail/ Rail Franchise Holder,Not applicable (i.e. only one owner),1986-1990,Transport,1.6,Derelict,S12000041,a17f5236-c941-485c-9ff1-1f425b6df2f0,2025-11-30,1843
pub_vdl.219,Angus,RAILWAY LINES,AN/R/06/A,DISUSED/RURAL ANGUS,S01007241,Developable - Undetermined,354989,750460,Network Rail/ Rail Franchise Holder,Not applicable (i.e. only one owner),1980 or earlier,Transport,165.13,Derelict,S12000041,a17f5236-c941-485c-9ff1-1f425b6df2f0,2025-11-30,1766
pub_vdl.220,Angus,PANMURE ROAD,AN/R/13,MONIKIE,S01007140,Developable - Medium Term,350018,738730,Ownership unknown,Not applicable (i.e. only one owner),1980 or earlier,Transport,0.5,Derelict,S12000041,a17f5236-c941-485c-9ff1-1f425b6df2f0,2025-11-30,1781
pub_vdl.221,Angus,AIRFIELD RUNWAYS,AN/R/14,KINNELL FRIOCKHEIM,S01007226,Uneconomic to Develop/Soft End Use,361151,751072,Ownership unknown,Not applicable (i.e. only one owner),1980 or earlier,Defence,3.13,Derelict,S12000041,a17f5236-c941-485c-9ff1-1f425b6df2f0,2025-11-30,1837
pub_vdl.225,Angus,BALDOVAN HOUSE,AN/R/41,STRATHMARTINE,S01007133,Developable - Undetermined,339447,734863,Other Private,Not applicable (i.e. only one owner),1980 or earlier,Residential - Housing,4.33,Derelict,S12000041,a17f5236-c941-485c-9ff1-1f425b6df2f0,2025-11-30,1795
pub_vdl.243,Angus,BALBINNIE,AN/R/61,BY MUIRDRUM,S01007171,Unknown (uncertain/insufficient information),356519,739372,Unknown Private,Not applicable (i.e. only one owner),Unknown,Residential - Housing,0.47,Derelict,S12000041,a17f5236-c941-485c-9ff1-1f425b6df2f0,2025-11-30,1852
pub_vdl.222,Angus,STRATHMARTINE HOSPITAL,AN/R/33,STRATHMARTINE,S01007133,Developable - Short Term,338581,735180,Health Boards,Not applicable (i.e. only one owner),2007,Community & Health,17.5,Derelict,S12000041,a17f5236-c941-485c-9ff1-1f425b6df2f0,2025-11-30,1835
pub_vdl.223,Angus,FORMER PETROL FILLING STATION,AN/R/38,STRACATHRO SERVICES BRECHIN,S01007225,Developable - Short Term,362497,764704,Other Private,Not applicable (i.e. only one owner),Unknown,Transport,0.52,Derelict,S12000041,a17f5236-c941-485c-9ff1-1f425b6df2f0,2025-11-30,1808
pub_vdl.226,Angus,BALMUIRFIELD,AN/R/43,STRATHMARTINE,S01007134,Developable - Undetermined,339766,734179,Other Private,Not applicable (i.e. only one owner),1980 or earlier,Agriculture,3.25,Derelict,S12000041,a17f5236-c941-485c-9ff1-1f425b6df2f0,2025-11-30,1783
pub_vdl.227,Angus,FORMER SAWMILL,AN/R/45,WHIGSTREET FORFAR,S01007240,Unknown (uncertain/insufficient information),348216,744096,Ownership unknown,Not applicable (i.e. only one owner),Unknown,Forestry/Woodland,0.31,Derelict,S12000041,a17f5236-c941-485c-9ff1-1f425b6df2f0,2025-11-30,1811
pub_vdl.228,Angus,KIRKTON FARM STEADING,AN/R/46,ABERLEMNO,S01007228,Unknown (uncertain/insufficient information),352187,755543,Unknown Private,Not applicable (i.e. only one owner),Unknown,Other General Industry,0.43,Vacant Land and Buildings,S12000041,a17f5236-c941-485c-9ff1-1f425b6df2f0,2025-11-30,1813
pub_vdl.229,Angus,FORMER MUIRHEAD RESERVOIR,AN/R/47,COLLISTON,S01007172,Unknown (uncertain/insufficient information),360711,744337,Ownership unknown,Not applicable (i.e. only one owner),Unknown,Utility Services,3.53,Derelict,S12000041,a17f5236-c941-485c-9ff1-1f425b6df2f0,2025-11-30,1814
pub_vdl.224,Angus,NORANSIDE FORMER PRISON,AN/R/39,TANNADICE,S01007281,Developable - Short Term,347323,761227,Other Private,Not applicable (i.e. only one owner),2013,Community & Health,7.35,Derelict,S12000041,a17f5236-c941-485c-9ff1-1f425b6df2f0,2025-11-30,1836
pub_vdl.230,Angus,TRAVEBANK,AN/R/48,CARNOUSTIE,S01007144,Unknown (uncertain/insufficient information),352876,735736,Unknown Private,Not applicable (i.e. only one owner),2012,Residential - Housing,2.43,Derelict,S12000041,a17f5236-c941-485c-9ff1-1f425b6df2f0,2025-11-30,1834
pub_vdl.231,Angus,RAILWAY FIELD,AN/R/49,INVERKEILOR,S01007204,Developable - Short Term,366567,749151,Unknown Private,Not applicable (i.e. only one owner),2022,Transport,1.93,Derelict,S12000041,a17f5236-c941-485c-9ff1-1f425b6df2f0,2025-11-30,1787
pub_vdl.232,Angus,FORMER RESERVOIR,AN/R/50,HILLSIDE MONTROSE,S01007225,Developable - Short Term,370533,762010,Unknown Private,Not applicable (i.e. only one owner),1991-1995,Community & Health,0.83,Derelict,S12000041,a17f5236-c941-485c-9ff1-1f425b6df2f0,2025-11-30,1827
pub_vdl.233,Angus,LAND AT SALMON'S LEAP,AN/R/51,KIRKTON OF KINGOLDRUM,S01007270,Unknown (uncertain/insufficient information),333500,755036,Unknown Private,Not applicable (i.e. only one owner),Unknown,Other General Industry,0.13,Derelict,S12000041,a17f5236-c941-485c-9ff1-1f425b6df2f0,2025-11-30,1830
pub_vdl.234,Angus,DERELICT COTTAGE,AN/R/52,ROSSIE,S01007204,Unknown (uncertain/insufficient information),365728,753447,Unknown Private,Not applicable (i.e. only one owner),1980 or earlier,Residential - Housing,0.14,Derelict,S12000041,a17f5236-c941-485c-9ff1-1f425b6df2f0,2025-11-30,1831
pub_vdl.235,Angus,SHEPHERD'S COTTAGE,AN/R/53,WESTER DENOON,S01007267,Unknown (uncertain/insufficient information),334713,742488,Unknown Private,Not applicable (i.e. only one owner),Unknown,Residential - Housing,0.14,Derelict,S12000041,a17f5236-c941-485c-9ff1-1f425b6df2f0,2025-11-30,1832
pub_vdl.236,Angus,FARM COTTAGES,AN/R/54,WESTER DENOON,S01007267,Unknown (uncertain/insufficient information),334814,743577,Unknown Private,Not applicable (i.e. only one owner),Unknown,Residential - Housing,0.17,Derelict,S12000041,a17f5236-c941-485c-9ff1-1f425b6df2f0,2025-11-30,1840
pub_vdl.237,Angus,LAND AT DALGETY FARM,AN/R/55,BRECHIN,S01007229,Developable - Medium Term,360983,759252,Unknown Private,Not applicable (i.e. only one owner),1981-1985,Agriculture,0.19,Derelict,S12000041,a17f5236-c941-485c-9ff1-1f425b6df2f0,2025-11-30,1845
pub_vdl.238,Angus,KNOCKSIDE COTTAGE,AN/R/56,BRIDGEND OF LINTRATHEN,S01007279,Unknown (uncertain/insufficient information),325402,754328,Unknown Private,Not applicable (i.e. only one owner),Unknown,Residential - Housing,0.21,Derelict,S12000041,a17f5236-c941-485c-9ff1-1f425b6df2f0,2025-11-30,1846
pub_vdl.239,Angus,SOUTH BALLUDERON STEADING,AN/R/57,STRATHMARTINE,S01007133,Unknown (uncertain/insufficient information),337561,738073,Unknown Private,Not applicable (i.e. only one owner),1980 or earlier,Agriculture,0.25,Derelict,S12000041,a17f5236-c941-485c-9ff1-1f425b6df2f0,2025-11-30,1847
pub_vdl.240,Angus,FORMER DAIRY STEADING,AN/R/58,DICKMONTLAW FARM ARBROATH,S01007172,Developable - Medium Term,365032,743682,Unknown Private,Not applicable (i.e. only one owner),Unknown,Agriculture,0.47,Derelict,S12000041,a17f5236-c941-485c-9ff1-1f425b6df2f0,2025-11-30,1848
pub_vdl.241,Angus,ROCHELHILL,AN/R/59,GLAMIS,S01007247,Unknown (uncertain/insufficient information),337408,745046,Unknown Private,Not applicable (i.e. only one owner),Unknown,Agriculture,0.36,Derelict,S12000041,a17f5236-c941-485c-9ff1-1f425b6df2f0,2025-11-30,1849
pub_vdl.242,Angus,BENVIE FARM,AN/R/60,FOWLIS,S01007129,Unknown (uncertain/insufficient information),332685,731509,Unknown Private,Not applicable (i.e. only one owner),Unknown,Agriculture,0.4,Derelict,S12000041,a17f5236-c941-485c-9ff1-1f425b6df2f0,2025-11-30,1850
pub_vdl.244,Angus,LUNAN BANK FARM,AN/R/62,BY INVERKEILOR,S01007226,Developable - Medium Term,364606,748266,Unknown Private,Not applicable (i.e. only one owner),Unknown,Residential - Housing,0.49,Derelict,S12000041,a17f5236-c941-485c-9ff1-1f425b6df2f0,2025-11-30,1772
pub_vdl.245,Angus,BELLATLY FARMHOUSE STEADING,AN/R/63,GLENISLA,S01007279,Unknown (uncertain/insufficient information),323812,759214,Unknown Private,Not applicable (i.e. only one owner),Unknown,Agriculture,0.19,Derelict,S12000041,a17f5236-c941-485c-9ff1-1f425b6df2f0,2025-11-30,1790
pub_vdl.246,Angus,OLD CORN MILL HOLEMILL,AN/R/64,WHIGSTREET,S01007240,Unknown (uncertain/insufficient information),348211,743681,Unknown Private,Not applicable (i.e. only one owner),Unknown,Agriculture,0.21,Derelict,S12000041,a17f5236-c941-485c-9ff1-1f425b6df2f0,2025-11-30,1829
pub_vdl.247,Angus,ELLIOT MILL,H/AN/A/03,ARBROATH,S01007171,Developable - Medium Term,361877,739472,Other Private,Not applicable (i.e. only one owner),1980 or earlier,Manufacturing,1.25,Derelict,S12000041,a17f5236-c941-485c-9ff1-1f425b6df2f0,2025-11-30,1765
pub_vdl.248,Angus,"THE ELMS, ELM PARK",H/AN/A/25,CAIRNIE ROAD ARBROATH,S01007183,Developable - Short Term,363208,741732,Other Private,Not applicable (i.e. only one owner),1996-2000,Residential - Housing,0.78,Derelict,S12000041,a17f5236-c941-485c-9ff1-1f425b6df2f0,2025-11-30,1792
pub_vdl.249,Angus,FORMER GAS WORKS,H/AN/B/01,WITCHDEN ROAD BRECHIN,S01007232,Developable - Medium Term,360119,759859,Private Gas,Not applicable (i.e. only one owner),1980 or earlier,Manufacturing,0.5,Derelict,S12000041,a17f5236-c941-485c-9ff1-1f425b6df2f0,2025-11-30,1762
pub_vdl.250,Angus,SCOTT STREET GOODS YARD,H/AN/B/02,BRECHIN RAILWAY BRECHIN,S01007233,Developable - Medium Term,360473,760047,Other Private,Not applicable (i.e. only one owner),1980 or earlier,Transport,2.45,Derelict,S12000041,a17f5236-c941-485c-9ff1-1f425b6df2f0,2025-11-30,1791
pub_vdl.251,Angus,GREENLAW FARM,H/AN/C/9,GREENLAW HILL CARNOUSTIE,S01007144,Developable - Medium Term,354174,734670,Other Private,Not applicable (i.e. only one owner),2001-2004,Agriculture,1.5,Derelict,S12000041,a17f5236-c941-485c-9ff1-1f425b6df2f0,2025-11-30,1823
pub_vdl.252,Angus,PLOT 26.02,I/AN/A/10/A,BADEN POWELL ROAD KIRKTON INDUSTRIAL ESTATE ARBROATH,S01007174,Developable - Short Term,362849,742473,Local Authority,Not applicable (i.e. only one owner),1991-1995,Agriculture,0.54,Vacant Land,S12000041,a17f5236-c941-485c-9ff1-1f425b6df2f0,2025-11-30,1761
pub_vdl.253,Angus,PLOT 32.01,I/AN/A/13/A,JAMES CHALMERS ROAD KIRKTON INDUSTRIAL ESTATE ARBROATH,S01007174,Developable - Short Term,362397,742229,Other Private,Not applicable (i.e. only one owner),1991-1995,Agriculture,1.86,Vacant Land,S12000041,a17f5236-c941-485c-9ff1-1f425b6df2f0,2025-11-30,1771
pub_vdl.254,Angus,PLOT 33.02,I/AN/A/14,SIR WILLIAM SMITH ROAD KIRKTON INDUSTRIAL ESTATE ARBROATH,S01007174,Developable - Short Term,362736,742139,Local Authority,Not applicable (i.e. only one owner),1991-1995,Agriculture,0.37,Vacant Land,S12000041,a17f5236-c941-485c-9ff1-1f425b6df2f0,2025-11-30,1777
pub_vdl.255,Angus,PLOT 37,I/AN/A/16,JAMES CHALMERS ROAD KIRKTON INDUSTRIAL ESTATE ARBROATH,S01007174,Developable - Short Term,362676,742065,Local Authority,Not applicable (i.e. only one owner),1991-1995,Agriculture,0.94,Vacant Land,S12000041,a17f5236-c941-485c-9ff1-1f425b6df2f0,2025-11-30,1775
pub_vdl.394,Dumfries and Galloway,CREAMERY,WIG-DRGT01,OLD MILITARY ROAD DUNRAGIT,S01007502,Developable - Undetermined,215421,557335,Other Private,Not applicable (i.e. only one owner),1980 or earlier,Other General Industry,0.67,Derelict,S12000006,f3258a0d-aa15-4e28-b314-15a2ca415d1c,2025-12-03,1999
pub_vdl.256,Angus,PLOT 25,I/AN/A/18,SIR WILLIAM SMITH ROAD KIRKTON INDUSTRIAL ESTATE ARBROATH,S01007174,Developable - Short Term,362775,742361,Other Private,Not applicable (i.e. only one owner),1991-1995,Agriculture,0.74,Vacant Land,S12000041,a17f5236-c941-485c-9ff1-1f425b6df2f0,2025-11-30,1784
pub_vdl.257,Angus,PANDA LANE,I/AN/C/06/A,PANMURE INDUSTRIAL ESTATE CARNOUSTIE,S01007159,Developable - Medium Term,355437,734257,Other Private,Not applicable (i.e. only one owner),1986-1990,Unknown,0.11,Vacant Land,S12000041,a17f5236-c941-485c-9ff1-1f425b6df2f0,2025-11-30,1776
pub_vdl.258,Angus,PLOT 14,I/AN/C/12,PANMURE INDUSTRIAL ESTATE CARNOUSTIE,S01007159,Unknown (uncertain/insufficient information),355293,734138,Other Private,Not applicable (i.e. only one owner),2008,Other,0.22,Vacant Land,S12000041,a17f5236-c941-485c-9ff1-1f425b6df2f0,2025-11-30,1774
pub_vdl.259,Angus,FORMER KINLOCH PRIMARY SCHOOL,I/AN/C/13,DUNDEE STREET CARNOUSTIE,S01007162,Developable - Short Term,355873,734495,Local Authority,Not applicable (i.e. only one owner),2011,Education,0.34,Derelict,S12000041,a17f5236-c941-485c-9ff1-1f425b6df2f0,2025-11-30,1817
pub_vdl.260,Angus,EAST MUIRHEAD OF LOGIE,I/AN/K/4,KIRRIEMUIR,S01007269,Developable - Short Term,338892,753174,Other Private,Not applicable (i.e. only one owner),2013,Agriculture,0.84,Vacant Land,S12000041,a17f5236-c941-485c-9ff1-1f425b6df2f0,2025-11-30,1767
pub_vdl.261,Angus,PLOT 18,I/AN/M/10,BROOMFIELD INDUSTRIAL ESTATE MONTROSE,S01007219,Developable - Medium Term,371875,759383,Other Private,Not applicable (i.e. only one owner),1980 or earlier,Defence,0.42,Vacant Land,S12000041,a17f5236-c941-485c-9ff1-1f425b6df2f0,2025-11-30,1769
pub_vdl.264,Argyll and Bute,8,180,LONGROW CAMPBELTOWN ARGYLL & BUTE,S01007336,Developable - Undetermined,171677,620671,Other Private,Unknown Private,1986-1990,Manufacturing,0.28,Vacant Land,S12000035,719d27c1-a9c4-4f6f-b286-dc208407a92f,2025-12-03,1856
pub_vdl.269,Argyll and Bute,,2006/59c,KILBRIDE ROAD 1C DUNOON ARGYLL & BUTE,S01007353,Developable - Undetermined,216383,676284,Ownership unknown,Not applicable (i.e. only one owner),Unknown,Mineral Activity,0.52,Derelict,S12000035,719d27c1-a9c4-4f6f-b286-dc208407a92f,2025-12-03,1864
pub_vdl.333,Dumfries and Galloway,SMALL POX HOSPITAL,470000017,A75 NEWTON STEWART,S01007513,Developable - Undetermined,240660,564617,Health Boards,Not applicable (i.e. only one owner),1980 or earlier,Community & Health,0.34,Derelict,S12000006,f3258a0d-aa15-4e28-b314-15a2ca415d1c,2025-12-03,2013
pub_vdl.334,Dumfries and Galloway,BALDOON AIRFIELD,470000018,SHELL ROAD BRAEHEAD,S01007506,Developable - Undetermined,243292,553475,Other Private,Not applicable (i.e. only one owner),1980 or earlier,Defence,164.03,Derelict,S12000006,f3258a0d-aa15-4e28-b314-15a2ca415d1c,2025-12-03,2038
pub_vdl.262,Angus,SUNNYSIDE HOSPITAL,I/AN/R/37,HILLSIDE MONTROSE,S01007223,Developable - Short Term,370921,761728,Health Boards,Not applicable (i.e. only one owner),2014,Community & Health,25.44,Vacant Land and Buildings,S12000041,a17f5236-c941-485c-9ff1-1f425b6df2f0,2025-11-30,1838
pub_vdl.263,Argyll and Bute,5,119,CRAIGENDORAN STREET HELENSBURGH ARGYLL & BUTE,S01007402,Developable - Undetermined,230870,681299,Other Private,Unknown Private,1980 or earlier,Transport,0.53,Derelict,S12000035,719d27c1-a9c4-4f6f-b286-dc208407a92f,2025-12-03,1855
pub_vdl.586,East Ayrshire,FRMR THE NEW BUNG,6096,LITTLEMILL PLACE RANKISTON,S01007881,Developable - Undetermined,245067,614455,Ownership unknown,Ownership unknown,Unknown,Recreation & Leisure,0.11,Derelict,S12000008,8491ddb8-33f5-44a8-a6ba-be64cac85ae0,2025-11-30,2227
pub_vdl.265,Argyll and Bute,47,2005/1,LOW ASKOMIL CAMPBELTOWN ARGYLL & BUTE,S01007333,Developable - Undetermined,173506,620445,Other Private,Unknown Private,Unknown,Unknown,2.03,Vacant Land,S12000035,719d27c1-a9c4-4f6f-b286-dc208407a92f,2025-12-03,1860
pub_vdl.266,Argyll and Bute,46,2005/6,MILKNOWE ROAD CAMPBELTOWN ARGYLL & BUTE,S01007334,Developable - Undetermined,171650,620834,Other Private,Unknown Private,Unknown,Unknown,0.14,Vacant Land,S12000035,719d27c1-a9c4-4f6f-b286-dc208407a92f,2025-12-03,1861
pub_vdl.267,Argyll and Bute,63,2006/19,GLENGALLAN RD 9 OBAN ARGYLL & BUTE,S01007289,Developable - Medium Term,184526,727912,Ownership unknown,Not applicable (i.e. only one owner),Unknown,Unknown,1.06,Vacant Land,S12000035,719d27c1-a9c4-4f6f-b286-dc208407a92f,2025-12-03,1862
pub_vdl.268,Argyll and Bute,,2006/59a,KILBRIDE ROAD 1A DUNOON ARGYLL & BUTE,S01007372,Developable - Undetermined,216543,676386,Ownership unknown,Not applicable (i.e. only one owner),Unknown,Mineral Activity,0.39,Derelict,S12000035,719d27c1-a9c4-4f6f-b286-dc208407a92f,2025-12-03,1863
pub_vdl.290,Argyll and Bute,,2024/1,"ROTHESAY ACADEMY, ACADEMY ROAD ROTHESAY ARGYLL & BUTE",S01007343,Developable - Medium Term,208195,664918,Local Authority,Not applicable (i.e. only one owner),2022,Education,1.63,Vacant Land and Buildings,S12000035,719d27c1-a9c4-4f6f-b286-dc208407a92f,2025-12-03,1884
pub_vdl.270,Argyll and Bute,89,2006/60,KILBRIDE ROAD 2 DUNOON ARGYLL & BUTE,S01007353,Developable - Undetermined,216328,676033,Ownership unknown,Not applicable (i.e. only one owner),Unknown,Mineral Activity,0.55,Derelict,S12000035,719d27c1-a9c4-4f6f-b286-dc208407a92f,2025-12-03,1865
pub_vdl.271,Argyll and Bute,90,2006/61,UPPER LAUDERVALE DUNOON ARGYLL & BUTE,S01007372,Developable - Short Term,216577,675355,Ownership unknown,Not applicable (i.e. only one owner),Unknown,Unknown,0.67,Vacant Land,S12000035,719d27c1-a9c4-4f6f-b286-dc208407a92f,2025-12-03,1866
pub_vdl.272,Argyll and Bute,95,2006/72,ACADEMY ROAD ROTHESAY ARGYLL & BUTE,S01007344,Developable - Medium Term,208402,664926,Ownership unknown,Not applicable (i.e. only one owner),Unknown,Unknown,0.16,Vacant Land,S12000035,719d27c1-a9c4-4f6f-b286-dc208407a92f,2025-12-03,1885
pub_vdl.273,Argyll and Bute,97,2006/75,ST BRIDES ROAD 2 ROTHESAY ARGYLL & BUTE,S01007345,Developable - Medium Term,208202,664590,Ownership unknown,Not applicable (i.e. only one owner),Unknown,Residential - Housing,0.23,Vacant Land,S12000035,719d27c1-a9c4-4f6f-b286-dc208407a92f,2025-12-03,1869
pub_vdl.274,Argyll and Bute,52,2006/8,HOSPITAL OBAN ARGYLL & BUTE,S01007290,Developable - Medium Term,185620,728841,Ownership unknown,Not applicable (i.e. only one owner),Unknown,Unknown,0.59,Vacant Land,S12000035,719d27c1-a9c4-4f6f-b286-dc208407a92f,2025-12-03,1870
pub_vdl.275,Argyll and Bute,105,2006/89,BENGULLION ROAD CAMPBELTOWN ARGYLL & BUTE,S01007337,Developable - Undetermined,171463,620110,Ownership unknown,Not applicable (i.e. only one owner),Unknown,Unknown,0.11,Vacant Land,S12000035,719d27c1-a9c4-4f6f-b286-dc208407a92f,2025-12-03,1867
pub_vdl.291,Argyll and Bute,11,209,SNIPEFIELD CAMPBELTOWN ARGYLL & BUTE,S01007333,Developable - Undetermined,171393,621395,Highlands and Islands Enterprise,Unknown Private,1986-1990,Agriculture,0.23,Vacant Land,S12000035,719d27c1-a9c4-4f6f-b286-dc208407a92f,2025-12-03,1857
pub_vdl.395,Dumfries and Galloway,FORMER HOTEL,WIG-GLNL01,MAIN STREET GLENLUCE,S01007503,Developable - Short Term,219836,557527,Housing Association,Not applicable (i.e. only one owner),Unknown,"Residential - Hotels, Hostels etc",0.23,Derelict,S12000006,f3258a0d-aa15-4e28-b314-15a2ca415d1c,2025-12-03,2027
pub_vdl.276,Argyll and Bute,52,2006/8b,HOSPITAL OBAN ARGYLL & BUTE,S01007290,Developable - Medium Term,185579,728698,Ownership unknown,Not applicable (i.e. only one owner),Unknown,Unknown,0.36,Vacant Land,S12000035,719d27c1-a9c4-4f6f-b286-dc208407a92f,2025-12-03,1879
pub_vdl.277,Argyll and Bute,109,2007/04,TARBERT ROAD CAMPBELTOWN ARGYLL & BUTE,S01007331,Developable - Medium Term,171360,621592,Ownership unknown,Not applicable (i.e. only one owner),2007,Agriculture,0.51,Vacant Land,S12000035,719d27c1-a9c4-4f6f-b286-dc208407a92f,2025-12-03,1868
pub_vdl.278,Argyll and Bute,,2012/1,WHITEGATES ROAD LOCHGILPHEAD ARGYLL & BUTE,S01007316,Developable - Medium Term,186552,687757,Local Authority,Not applicable (i.e. only one owner),2007,Education,1.04,Vacant Land,S12000035,719d27c1-a9c4-4f6f-b286-dc208407a92f,2025-12-03,1883
pub_vdl.279,Argyll and Bute,,2013/1,ARGYLL STREET DUNOON ARGYLL & BUTE,S01007355,Developable - Undetermined,217240,677391,Ownership unknown,Not applicable (i.e. only one owner),Unknown,Storage,1.03,Vacant Land,S12000035,719d27c1-a9c4-4f6f-b286-dc208407a92f,2025-12-03,1871
pub_vdl.280,Argyll and Bute,,2013/2,MEADOWS ROAD ROTHESAY ARGYLL & BUTE,S01007347,Developable - Short Term,208472,664217,Other Private,Not applicable (i.e. only one owner),Unknown,Storage,0.66,Vacant Land,S12000035,719d27c1-a9c4-4f6f-b286-dc208407a92f,2025-12-03,1872
pub_vdl.281,Argyll and Bute,,2015/1,"THE ROWANS, UNION STREET LOCHGILPHEAD ARGYLL & BUTE",S01007316,Developable - Medium Term,186438,687934,Local Authority,Not applicable (i.e. only one owner),Unknown,Residential - Housing,0.11,Vacant Land,S12000035,719d27c1-a9c4-4f6f-b286-dc208407a92f,2025-12-03,1873
pub_vdl.282,Argyll and Bute,,2015/3,ARDYNE TOWARD ARGYLL & BUTE,S01007353,Developable - Undetermined,209861,668565,Ownership unknown,Not applicable (i.e. only one owner),Unknown,Manufacturing,27.86,Derelict,S12000035,719d27c1-a9c4-4f6f-b286-dc208407a92f,2025-12-03,1874
pub_vdl.292,Argyll and Bute,12,227,KYLES HYDRO PORT BANNATYNE ARGYLL & BUTE,S01007343,Developable - Medium Term,207645,667189,Other Private,Other Private,1986-1990,Recreation & Leisure,4.77,Derelict,S12000035,719d27c1-a9c4-4f6f-b286-dc208407a92f,2025-12-03,1858
pub_vdl.283,Argyll and Bute,,2015/4,POLPHAIL PORTAVADIE ARGYLL & BUTE,S01007351,Developable - Short Term,193201,669029,Other Private,Not applicable (i.e. only one owner),Unknown,Residential - Housing,1.3,Vacant Land,S12000035,719d27c1-a9c4-4f6f-b286-dc208407a92f,2025-12-03,1875
pub_vdl.284,Argyll and Bute,,2015/6,ST PETER'S SEMINARY CARDROSS ARGYLL & BUTE,S01007405,Unknown (uncertain/insufficient information),235297,678399,Ownership unknown,Not applicable (i.e. only one owner),Unknown,Education,0.23,Derelict,S12000035,719d27c1-a9c4-4f6f-b286-dc208407a92f,2025-12-03,1876
pub_vdl.285,Argyll and Bute,,2018/1,"WATSON PLACE, WYNDHAM ROAD, ARDBEG ROTHESAY ARGYLL & BUTE",S01007341,Developable - Medium Term,208317,666835,Housing Association,Not applicable (i.e. only one owner),2018,Residential - Housing,0.27,Vacant Land,S12000035,719d27c1-a9c4-4f6f-b286-dc208407a92f,2025-12-03,1877
pub_vdl.286,Argyll and Bute,,2021/3,ABERCROMBY STREET HELENSBURGH ARGYLL & BUTE,S01007387,Developable - Medium Term,229863,683200,Ownership unknown,Not applicable (i.e. only one owner),2021,Passive Open Space,0.1,Vacant Land,S12000035,719d27c1-a9c4-4f6f-b286-dc208407a92f,2025-12-03,1878
pub_vdl.287,Argyll and Bute,,2023/1,9-20 CHURCHILL SQUARE HELENSBURGH ARGYLL & BUTE,S01007390,Developable - Medium Term,231156,682759,Defence,Not applicable (i.e. only one owner),2022,Residential - Housing,0.15,Vacant Land,S12000035,719d27c1-a9c4-4f6f-b286-dc208407a92f,2025-12-03,1880
pub_vdl.288,Argyll and Bute,,2023/2,HELENSBURGH PIER HELENSBURGH ARGYLL & BUTE,S01007395,Developable - Short Term,229525,682227,Local Authority,Not applicable (i.e. only one owner),2022,Recreation & Leisure,0.4,Vacant Land,S12000035,719d27c1-a9c4-4f6f-b286-dc208407a92f,2025-12-03,1881
pub_vdl.289,Argyll and Bute,,2023/3,3 KILBRIDE ROAD DUNOON ARGYLL & BUTE,S01007372,Developable - Medium Term,216644,675910,Other Private,Not applicable (i.e. only one owner),2022,"Residential - Hotels, Hostels etc",0.39,Vacant Land,S12000035,719d27c1-a9c4-4f6f-b286-dc208407a92f,2025-12-03,1882
pub_vdl.858,Fife,MUIREDGE COLLIERY,BUC003,MUIREDGE IE BUCKHAVEN,S01009623,Developable - Undetermined,335335,698389,Local Authority,Not applicable (i.e. only one owner),1980 or earlier,Mineral Activity,0.26,Derelict,S12000047,e998e5f9-b4af-42cd-8816-217d383535a5,2025-11-30,2649
pub_vdl.293,Argyll and Bute,17,251,TOM A MHOID ROAD DUNOON ARGYLL & BUTE,S01007370,Developable - Medium Term,217382,676382,Other Private,Unknown Private,1991-1995,Recreation & Leisure,0.46,Vacant Land,S12000035,719d27c1-a9c4-4f6f-b286-dc208407a92f,2025-12-03,1859
pub_vdl.294,Argyll and Bute,27,40,PILOT STREET DUNOON ARGYLL & BUTE,S01007366,Developable - Medium Term,217553,677273,Other Private,Unknown Private,1981-1985,Unknown,0.61,Vacant Land,S12000035,719d27c1-a9c4-4f6f-b286-dc208407a92f,2025-12-03,1854
pub_vdl.295,Clackmannanshire,FORTHBANK,ALLOA026,ALLOA,S01007452,Developable - Medium Term,288872,691844,Local Authority,Not applicable (i.e. only one owner),1980 or earlier,Manufacturing,1.22,Derelict,S12000005,b0dafddf-a030-44f6-af10-41c76ccfc79d,2025-11-30,1940
pub_vdl.296,Clackmannanshire,CARSEBRIDGE ROW,ALLOA047,ALLOA,S01007460,Developable - Short Term,289496,693676,Other Private,Not applicable (i.e. only one owner),2001-2004,Unknown,0.57,Vacant Land,S12000005,b0dafddf-a030-44f6-af10-41c76ccfc79d,2025-11-30,1939
pub_vdl.297,Clackmannanshire,THE SHORE,ALLOA048,ALLOA,S01007452,Developable - Short Term,288433,692020,Local Authority,Not applicable (i.e. only one owner),2010,Storage,0.6,Derelict,S12000005,b0dafddf-a030-44f6-af10-41c76ccfc79d,2025-11-30,1941
pub_vdl.298,Clackmannanshire,PATONS BOWLING CLUB,ALLOA049,ALLOA TULLIBODY ROAD,S01007470,Developable - Undetermined,287994,693520,Other Private,Not applicable (i.e. only one owner),2013,Recreation & Leisure,1.03,Vacant Land and Buildings,S12000005,b0dafddf-a030-44f6-af10-41c76ccfc79d,2025-11-30,1942
pub_vdl.331,Dumfries and Galloway,CATHERINEFIELD BOMBSTORE,470000015,CATHERINE FIELD ROAD DUMFRIES,S01007626,Developable - Undetermined,300750,578828,Ownership unknown,Ownership unknown,1980 or earlier,Defence,1.21,Derelict,S12000006,f3258a0d-aa15-4e28-b314-15a2ca415d1c,2025-12-03,1961
pub_vdl.299,Clackmannanshire,FORTHBANK YARD,ALLOA052,ALLOA FORTHBANK,S01007452,Developable - Short Term,288740,691891,Local Authority,Not applicable (i.e. only one owner),2015,Unknown,0.33,Vacant Land,S12000005,b0dafddf-a030-44f6-af10-41c76ccfc79d,2025-11-30,1944
pub_vdl.300,Clackmannanshire,INDUSTRIAL YARD,ALLOA054,ALLOA KELLIEBANK,S01007480,Developable - Medium Term,287398,692508,Other Private,Not applicable (i.e. only one owner),2016,Transport,0.72,Vacant Land and Buildings,S12000005,b0dafddf-a030-44f6-af10-41c76ccfc79d,2025-11-30,1953
pub_vdl.301,Clackmannanshire,GREENFIELD HOUSE,ALLOA055,ALLOA GREENSIDE STREET,S01007467,Developable - Medium Term,288538,693294,Other Private,Not applicable (i.e. only one owner),2016,Offices,0.78,Vacant Land and Buildings,S12000005,b0dafddf-a030-44f6-af10-41c76ccfc79d,2025-11-30,1954
pub_vdl.302,Clackmannanshire,FORMER LEISURE BOWL SITE,ALLOA057,ALLOA PARKWAY,S01007467,Developable - Short Term,288562,693120,Local Authority,Not applicable (i.e. only one owner),2021,Recreation & Leisure,1.15,Derelict,S12000005,b0dafddf-a030-44f6-af10-41c76ccfc79d,2025-11-30,1957
pub_vdl.990,Fife,LARGOBEATH COLLIERY,LAR001,WEST CASSINGRAY LARGOWARD,S01009702,Unknown (uncertain/insufficient information),347816,707029,Ownership unknown,Ownership unknown,Unknown,Mineral Activity,1.62,Derelict,S12000047,e998e5f9-b4af-42cd-8816-217d383535a5,2025-11-30,2496
pub_vdl.303,Clackmannanshire,BROOK STREET/BEAUCLERC STREET,ALVA006,ALVA BROOK STREET,S01007426,Developable - Short Term,288328,697383,Other Private,Not applicable (i.e. only one owner),1986-1990,Unknown,0.53,Derelict,S12000005,b0dafddf-a030-44f6-af10-41c76ccfc79d,2025-11-30,1951
pub_vdl.304,Clackmannanshire,ALLOA ROAD,CLACK001,CLACKMANNAN ALLOA ROAD,S01007448,Developable - Undetermined,291507,691961,Other Nationalised Industry or Statutory undertakers,Not applicable (i.e. only one owner),2014,Transport,0.18,Vacant Land,S12000005,b0dafddf-a030-44f6-af10-41c76ccfc79d,2025-11-30,1945
pub_vdl.305,Clackmannanshire,FORMER BUS GARAGE,CLACK003,CLACKMANNAN LOCHIES ROAD,S01007450,Developable - Short Term,291318,691632,Local Authority,Not applicable (i.e. only one owner),2017,Transport,0.19,Vacant Land and Buildings,S12000005,b0dafddf-a030-44f6-af10-41c76ccfc79d,2025-11-30,1955
pub_vdl.306,Clackmannanshire,KILBAGIE,CSIDE006,COUNTRYSIDE KILBAGIE,S01007448,Developable - Undetermined,292740,689958,Other Private,Not applicable (i.e. only one owner),2015,Manufacturing,18.66,Derelict,S12000005,b0dafddf-a030-44f6-af10-41c76ccfc79d,2025-11-30,1947
pub_vdl.307,Clackmannanshire,FORMER TULLYGARTH COLLIERY,CSIDE007,COUNTRYSIDE,S01007448,Developable - Undetermined,292701,692376,Other Private,Not applicable (i.e. only one owner),2015,Mineral Activity,4.44,Derelict,S12000005,b0dafddf-a030-44f6-af10-41c76ccfc79d,2025-11-30,1946
pub_vdl.332,Dumfries and Galloway,OLD GASWORKS SITE,470000016,KINGHOLM QUAY DUMFRIES,S01007599,Developable - Medium Term,297549,573542,Other Private,Not applicable (i.e. only one owner),Unknown,Manufacturing,0.42,Derelict,S12000006,f3258a0d-aa15-4e28-b314-15a2ca415d1c,2025-12-03,1962
pub_vdl.308,Clackmannanshire,FORMER GLENOCHIL NURSERY,CSIDE010,COUNTRYSIDE NORTH OF A91,S01007420,Developable - Short Term,286156,697071,Local Authority,Not applicable (i.e. only one owner),2012,Retailing,2.7,Derelict,S12000005,b0dafddf-a030-44f6-af10-41c76ccfc79d,2025-11-30,1956
pub_vdl.309,Clackmannanshire,DEVON VILLAGE,DEVON001,DEVON VILLAGE NORTH OF A908,S01007432,Developable - Medium Term,290407,696008,Other Private,Not applicable (i.e. only one owner),1996-2000,Transport,0.34,Vacant Land,S12000005,b0dafddf-a030-44f6-af10-41c76ccfc79d,2025-11-30,1948
pub_vdl.310,Clackmannanshire,MAIN STREET,SAUCH008,SAUCHIE MAIN STREET,S01007455,Developable - Medium Term,289424,694117,Local Authority,Not applicable (i.e. only one owner),2001-2004,Mineral Activity,0.35,Derelict,S12000005,b0dafddf-a030-44f6-af10-41c76ccfc79d,2025-11-30,1943
pub_vdl.311,Clackmannanshire,MIDDLETON MILL,TILLI004,TILLICOULTRY UPPER MILL STREET,S01007437,Unknown (uncertain/insufficient information),291389,697223,Other Private,Not applicable (i.e. only one owner),1986-1990,Manufacturing,1.27,Derelict,S12000005,b0dafddf-a030-44f6-af10-41c76ccfc79d,2025-11-30,1949
pub_vdl.312,Clackmannanshire,BLACKFAULDS STREET,TILLI014,COALSNAUGHTON BLACKFAULDS STREET,S01007432,Developable - Short Term,291657,695981,Other Private,Not applicable (i.e. only one owner),2010,Mineral Activity,0.37,Derelict,S12000005,b0dafddf-a030-44f6-af10-41c76ccfc79d,2025-11-30,1950
pub_vdl.313,Clackmannanshire,CRANKIE BRAE,TILLI017,TILLICOULTRY PARK STREET,S01007434,Developable - Short Term,291971,696131,Local Authority,Not applicable (i.e. only one owner),2015,Agriculture,1.44,Vacant Land,S12000005,b0dafddf-a030-44f6-af10-41c76ccfc79d,2025-11-30,1952
pub_vdl.314,Dumfries and Galloway,FORMER GARAGE,110000010,LONDON RD STRANRAER,S01007489,Developable - Medium Term,207798,560778,Ownership unknown,Not applicable (i.e. only one owner),Unknown,Other General Industry,0.21,Derelict,S12000006,f3258a0d-aa15-4e28-b314-15a2ca415d1c,2025-12-03,2017
pub_vdl.315,Dumfries and Galloway,FMR TARFF MILLS,140000001,KIRKCOWAN,S01007504,Developable - Undetermined,233036,560241,Ownership unknown,Not applicable (i.e. only one owner),Unknown,Manufacturing,0.28,Derelict,S12000006,f3258a0d-aa15-4e28-b314-15a2ca415d1c,2025-12-03,1967
pub_vdl.316,Dumfries and Galloway,BORELAND FELL,140000002,QUARRY KIRKCOWAN,S01007504,Uneconomic to Develop/Soft End Use,234868,559385,Ownership unknown,Not applicable (i.e. only one owner),1986-1990,Mineral Activity,3.86,Derelict,S12000006,f3258a0d-aa15-4e28-b314-15a2ca415d1c,2025-12-03,1968
pub_vdl.317,Dumfries and Galloway,FORMER CORN MILL,160000002,HIGH STREET PORT WILLIAM,S01007510,Developable - Undetermined,233939,543580,Other Private,Not applicable (i.e. only one owner),Unknown,Other General Industry,0.25,Derelict,S12000006,f3258a0d-aa15-4e28-b314-15a2ca415d1c,2025-12-03,2015
pub_vdl.318,Dumfries and Galloway,BARBRIDGE MILL,210000001,DALBEATTIE,S01007541,Developable - Medium Term,283956,561389,Other Private,Not applicable (i.e. only one owner),Unknown,Manufacturing,0.39,Derelict,S12000006,f3258a0d-aa15-4e28-b314-15a2ca415d1c,2025-12-03,1994
pub_vdl.396,Dumfries and Galloway,TECHNICAL SITE,WIG-LW01,WIG BAY LESWALT,S01007495,Developable - Undetermined,203391,565338,Other Private,Not applicable (i.e. only one owner),1980 or earlier,Defence,2.18,Derelict,S12000006,f3258a0d-aa15-4e28-b314-15a2ca415d1c,2025-12-03,2026
pub_vdl.319,Dumfries and Galloway,NEWBRIDGE CARAVAN SITE,300000021,DUMFRIES DUMFRIES,S01007569,Developable - Medium Term,295289,578726,Other Private,Not applicable (i.e. only one owner),2001-2004,"Residential - Hotels, Hostels etc",3.28,Derelict,S12000006,f3258a0d-aa15-4e28-b314-15a2ca415d1c,2025-12-03,2019
pub_vdl.320,Dumfries and Galloway,COLLIERY,320000001,FAULDHEAD KIRKCONNEL,S01007552,Uneconomic to Develop/Soft End Use,273345,612368,Other Private,Not applicable (i.e. only one owner),1980 or earlier,Mineral Activity,9.23,Derelict,S12000006,f3258a0d-aa15-4e28-b314-15a2ca415d1c,2025-12-03,1966
pub_vdl.321,Dumfries and Galloway,BUCCLEUCH RD,330000015,SANQUHAR,S01007556,Developable - Short Term,278123,610047,Other Private,Not applicable (i.e. only one owner),Unknown,Unknown,0.12,Derelict,S12000006,f3258a0d-aa15-4e28-b314-15a2ca415d1c,2025-12-03,2016
pub_vdl.322,Dumfries and Galloway,FORMER TANNERY,400000002,PORT STREET ANNAN,S01007661,Developable - Undetermined,318963,566417,Ownership unknown,Ownership unknown,Unknown,Manufacturing,0.21,Derelict,S12000006,f3258a0d-aa15-4e28-b314-15a2ca415d1c,2025-12-03,1991
pub_vdl.323,Dumfries and Galloway,FMR STATION YARD,4400000001,MOFFAT,S01007643,Developable - Medium Term,308523,604853,Other Private,Not applicable (i.e. only one owner),Unknown,Transport,0.39,Derelict,S12000006,f3258a0d-aa15-4e28-b314-15a2ca415d1c,2025-12-03,2012
pub_vdl.324,Dumfries and Galloway,FMR GAS WORKS,4400000008,HOLM STREET MOFFAT,S01007643,Developable - Undetermined,308571,605100,Other Private,Not applicable (i.e. only one owner),Unknown,Manufacturing,0.19,Derelict,S12000006,f3258a0d-aa15-4e28-b314-15a2ca415d1c,2025-12-03,2021
pub_vdl.921,Fife,WHITEHILL-B,GLE104,WHITEHILL IE GLENROTHES,S01009576,Developable - Undetermined,325288,699566,Other Private,Not applicable (i.e. only one owner),2005,Manufacturing,0.41,Derelict,S12000047,e998e5f9-b4af-42cd-8816-217d383535a5,2025-11-30,2532
pub_vdl.325,Dumfries and Galloway,FMR MERCURY HOTEL,440000007,MOFFAT MOFFAT,S01007643,Developable - Short Term,308508,605013,Other Private,Not applicable (i.e. only one owner),1996-2000,"Residential - Hotels, Hostels etc",0.35,Derelict,S12000006,f3258a0d-aa15-4e28-b314-15a2ca415d1c,2025-12-03,1971
pub_vdl.326,Dumfries and Galloway,DISUSED MILL/PLANT,470000009,OLD MILITARY ROAD TWYNHOLM,S01007524,Developable - Undetermined,267585,555375,Other Private,Not applicable (i.e. only one owner),2010,Manufacturing,0.44,Derelict,S12000006,f3258a0d-aa15-4e28-b314-15a2ca415d1c,2025-12-03,1978
pub_vdl.327,Dumfries and Galloway,MARINE WORKS UNIT,470000011,SHORE STREET DRUMMORE,Unknown,Developable - Undetermined,213693,536777,Other Private,Not applicable (i.e. only one owner),2010,Other General Industry,0.15,Derelict,S12000006,f3258a0d-aa15-4e28-b314-15a2ca415d1c,2025-12-03,2044
pub_vdl.328,Dumfries and Galloway,FORFIELD COURT,470000012,CAIRNRYAN ROAD STRANRAER,S01007498,Developable - Medium Term,207696,561374,Other Private,Not applicable (i.e. only one owner),2010,"Residential - Hotels, Hostels etc",0.16,Derelict,S12000006,f3258a0d-aa15-4e28-b314-15a2ca415d1c,2025-12-03,2005
pub_vdl.329,Dumfries and Galloway,DISUSED COALMINE,470000013,ROWANBURN,S01007650,Developable - Medium Term,340808,577384,Coal Authority,Not applicable (i.e. only one owner),Unknown,Mineral Activity,6.61,Derelict,S12000006,f3258a0d-aa15-4e28-b314-15a2ca415d1c,2025-12-03,1986
pub_vdl.330,Dumfries and Galloway,WELL ROAD,470000014,MOFFAT MOFFAT,S01007643,Developable - Short Term,308981,605408,Other Private,Not applicable (i.e. only one owner),Unknown,Unknown,0.6,Derelict,S12000006,f3258a0d-aa15-4e28-b314-15a2ca415d1c,2025-12-03,1972
pub_vdl.335,Dumfries and Galloway,TERALLY BRICK WORKS,470000020,A716 PORT LOGAN WIGTON,S01007501,Uneconomic to Develop/Soft End Use,212053,540660,Other Private,Not applicable (i.e. only one owner),1980 or earlier,Manufacturing,4,Derelict,S12000006,f3258a0d-aa15-4e28-b314-15a2ca415d1c,2025-12-03,2014
pub_vdl.336,Dumfries and Galloway,BLACKCRAIG LEAD MINE,470000021,OLD MILITARY ROAD NEWTON STEWART,S01007519,Uneconomic to Develop/Soft End Use,244785,564454,Ownership unknown,Not applicable (i.e. only one owner),1980 or earlier,Mineral Activity,0.19,Derelict,S12000006,f3258a0d-aa15-4e28-b314-15a2ca415d1c,2025-12-03,1970
pub_vdl.337,Dumfries and Galloway,KIDSDALE RADAR STATION,470000023,ISLE OF WHITHORN ISLE OF WHITHORN,S01007512,Uneconomic to Develop/Soft End Use,244389,536858,Other Private,Other Private,1980 or earlier,Defence,5.02,Derelict,S12000006,f3258a0d-aa15-4e28-b314-15a2ca415d1c,2025-12-03,1973
pub_vdl.338,Dumfries and Galloway,FMR ROADS DEPOT,490000001,EAGLESFIELD EAGLESFIELD,S01007653,Developable - Medium Term,322895,573979,Housing Association,Not applicable (i.e. only one owner),1996-2000,Transport,1.52,Derelict,S12000006,f3258a0d-aa15-4e28-b314-15a2ca415d1c,2025-12-03,1974
pub_vdl.339,Dumfries and Galloway,CRECA CAMP,500000001,CRECA CRECA,S01007671,Developable - Short Term,322756,570269,Other Private,Not applicable (i.e. only one owner),Unknown,Defence,0.41,Derelict,S12000006,f3258a0d-aa15-4e28-b314-15a2ca415d1c,2025-12-03,1975
pub_vdl.340,Dumfries and Galloway,ALBERT HALL,ANN-AH01,PORT STREET ANNAN,S01007661,Developable - Undetermined,319132,566426,Other Private,Other Private,1991-1995,Unknown,0.19,Derelict,S12000006,f3258a0d-aa15-4e28-b314-15a2ca415d1c,2025-12-03,2031
pub_vdl.341,Dumfries and Galloway,NORTH WEST,BTKBI201-1,MAIN STREET BEATTOCK,S01007641,Developable - Medium Term,307722,602623,Other Private,Not applicable (i.e. only one owner),Unknown,Transport,3.76,Derelict,S12000006,f3258a0d-aa15-4e28-b314-15a2ca415d1c,2025-12-03,1963
pub_vdl.537,East Ayrshire,,40,BRIDGEND STEWARTON,S01007936,Developable - Short Term,242157,645792,Ownership unknown,Ownership unknown,1981-1985,Unknown,0.43,Vacant Land,S12000008,8491ddb8-33f5-44a8-a6ba-be64cac85ae0,2025-11-30,2163
pub_vdl.342,Dumfries and Galloway,FORMER MAXWELLTOWN SCHOOLS,DFS-0055,LOCHSIDE ROAD DUMFRIES,S01007575,Developable - Short Term,294977,578133,Local Authority,Not applicable (i.e. only one owner),2020,Education,7.51,Vacant Land,S12000006,f3258a0d-aa15-4e28-b314-15a2ca415d1c,2025-12-03,1988
pub_vdl.343,Dumfries and Galloway,CONVENT,DFS-0062,MAXWELL STREET DUMFRIES,S01007589,Developable - Medium Term,296685,575767,Other Private,Not applicable (i.e. only one owner),2011,Retailing,0.92,Derelict,S12000006,f3258a0d-aa15-4e28-b314-15a2ca415d1c,2025-12-03,2040
pub_vdl.344,Dumfries and Galloway,FORMER RESTAURANT,DFS-0063,MOFFAT ROAD DUMFRIES,S01007614,Developable - Medium Term,298072,577243,Other Private,Not applicable (i.e. only one owner),2017,Business Class,0.11,Derelict,S12000006,f3258a0d-aa15-4e28-b314-15a2ca415d1c,2025-12-03,2042
pub_vdl.345,Dumfries and Galloway,8 ENGLISH STREET AND LAND TO REAR,DFS-0064,ENGLISH STREET DUMFRIES,S01007589,Developable - Medium Term,296684,575767,Other Private,Not applicable (i.e. only one owner),2011,Retailing,0.13,Derelict,S12000006,f3258a0d-aa15-4e28-b314-15a2ca415d1c,2025-12-03,2039
pub_vdl.346,Dumfries and Galloway,FORMER LANGLANDS SCHOOL,DFS-0065,LOREBURN PARK DUMFRIES,S01007613,Developable - Short Term,297549,576663,Other Private,Not applicable (i.e. only one owner),2020,Education,0.33,Derelict,S12000006,f3258a0d-aa15-4e28-b314-15a2ca415d1c,2025-12-03,2043
pub_vdl.347,Dumfries and Galloway,ROSEFIELD MILLS,DFS-060,TROQUEER ROAD SOUTH DUMFRIES,S01007592,Developable - Short Term,297306,575436,Urban Regeneration Company,Other Private,1980 or earlier,Manufacturing,1.37,Derelict,S12000006,f3258a0d-aa15-4e28-b314-15a2ca415d1c,2025-12-03,2008
pub_vdl.348,Dumfries and Galloway,FACTORY SHOP,DFS-061,DUMFRIES,S01007612,Developable - Medium Term,297030,576190,Other Private,Not applicable (i.e. only one owner),2018,Retailing,0.21,Derelict,S12000006,f3258a0d-aa15-4e28-b314-15a2ca415d1c,2025-12-03,2024
pub_vdl.349,Dumfries and Galloway,FORMER NEWTON HOTEL,DFS-MU2040,GLASGOW ROAD DUMFRIES,S01007576,Developable - Medium Term,295743,578016,Other Private,Other Private,1991-1995,"Residential - Hotels, Hostels etc",1.33,Derelict,S12000006,f3258a0d-aa15-4e28-b314-15a2ca415d1c,2025-12-03,2032
pub_vdl.370,Dumfries and Galloway,FORD MILLS,LNGHM001,WATERSIDE LANGHOLM,S01007647,Developable - Undetermined,336296,584421,Other Private,Not applicable (i.e. only one owner),Unknown,Manufacturing,0.84,Derelict,S12000006,f3258a0d-aa15-4e28-b314-15a2ca415d1c,2025-12-03,1996
pub_vdl.350,Dumfries and Galloway,LAND AT GILNOCKIE,DFSBI-010,TINWALD DOWNS ROAD DUMFRIES,S01007627,Developable - Short Term,299923,578663,Scottish Enterprise,Not applicable (i.e. only one owner),1980 or earlier,Defence,2.38,Vacant Land,S12000006,,,
pub_vdl.351,Dumfries and Galloway,LAND NORTH OF AVIATION MUSEUM,DFSBI1-005,TINWALD DOWNS ROAD DUMFRIES,S01007627,Developable - Medium Term,300202,578695,Scottish Enterprise,Not applicable (i.e. only one owner),1980 or earlier,Defence,2.15,Vacant Land,S12000006,f3258a0d-aa15-4e28-b314-15a2ca415d1c,2025-12-03,1982
pub_vdl.352,Dumfries and Galloway,CARGENBRIDGE,DFSBI2-006,DALBEATTIE ROAD DUMFRIES,S01007594,Developable - Medium Term,294955,574779,Scottish Enterprise,Not applicable (i.e. only one owner),Unknown,Manufacturing,9.64,Vacant Land,S12000006,f3258a0d-aa15-4e28-b314-15a2ca415d1c,2025-12-03,2022
pub_vdl.353,Dumfries and Galloway,LAND WEST OF FORMER FACTORY,DFSBI266-4,EDINBURGH ROAD DUMFRIES,S01007622,Developable - Medium Term,298819,579133,Other Private,Not applicable (i.e. only one owner),2015,Other General Industry,0.54,Derelict,S12000006,f3258a0d-aa15-4e28-b314-15a2ca415d1c,2025-12-03,2020
pub_vdl.354,Dumfries and Galloway,HEATHHALL AIRFIELD,DFSBI4-007,CATHERINEFIELD ROAD DUMFRIES,S01007626,Developable - Medium Term,300404,578695,Scottish Enterprise,Not applicable (i.e. only one owner),1980 or earlier,Defence,7.12,Derelict,S12000006,f3258a0d-aa15-4e28-b314-15a2ca415d1c,2025-12-03,1983
pub_vdl.355,Dumfries and Galloway,LAND SOUTH OF DUMFRIES ENTERPRISE PARK,DFSBI5-008,TINWALD DOWNS ROAD DUMFRIES,S01007627,Developable - Medium Term,299793,578549,Other Private,Not applicable (i.e. only one owner),1980 or earlier,Defence,2.47,Derelict,S12000006,f3258a0d-aa15-4e28-b314-15a2ca415d1c,2025-12-03,2037
pub_vdl.356,Dumfries and Galloway,FORMER DEPOT,DFSH221-02,TERREGLES ROAD DUMFRIES,S01007572,Developable - Undetermined,295529,576334,Other Private,Not applicable (i.e. only one owner),Unknown,Storage,1.1,Derelict,S12000006,f3258a0d-aa15-4e28-b314-15a2ca415d1c,2025-12-03,1989
pub_vdl.357,Dumfries and Galloway,LAND AT BROOMS ROAD,DFSH269-09,BROOMS ROAD DUMFRIES,S01007610,Developable - Short Term,298149,576175,Housing Association,Not applicable (i.e. only one owner),2015,Utility Services,0.36,Derelict,S12000006,f3258a0d-aa15-4e28-b314-15a2ca415d1c,2025-12-03,1981
pub_vdl.358,Dumfries and Galloway,HEATHHALL COLLEGE,DFSH4-0001,CATHERINEFIELD ROAD DUMFRIES,S01007620,Developable - Short Term,299796,579420,Housing Association,Not applicable (i.e. only one owner),2008,Education,2.92,Derelict,S12000006,f3258a0d-aa15-4e28-b314-15a2ca415d1c,2025-12-03,1965
pub_vdl.359,Dumfries and Galloway,LADYFIELD EAST,DFSLF001,GLENCAPLE ROAD DUMFRIES,S01007593,Developable - Short Term,297881,574087,Health Boards,Not applicable (i.e. only one owner),Unknown,Community & Health,1.38,Derelict,S12000006,f3258a0d-aa15-4e28-b314-15a2ca415d1c,2025-12-03,2002
pub_vdl.360,Dumfries and Galloway,LADYFIELD WEST,DFSLF002,GLENCAPLE ROAD DUMFRIES,S01007593,Developable - Short Term,297831,574395,Health Boards,Not applicable (i.e. only one owner),Unknown,Community & Health,2.02,Derelict,S12000006,f3258a0d-aa15-4e28-b314-15a2ca415d1c,2025-12-03,2025
pub_vdl.361,Dumfries and Galloway,FORMER INTERFLOOR FACTORY,DFSMU2030,EDINBURGH ROAD DUMFRIES,S01007622,Developable - Medium Term,298901,579071,Other Nationalised Industry or Statutory undertakers,Not applicable (i.e. only one owner),2001-2004,Manufacturing,2.69,Derelict,S12000006,f3258a0d-aa15-4e28-b314-15a2ca415d1c,2025-12-03,1984
pub_vdl.362,Dumfries and Galloway,EASTRIGGS MOD SITE,ESTRG001,EASTRIGGS ANNAN,S01007675,Developable - Undetermined,325951,564796,Defence,Not applicable (i.e. only one owner),2020,Defence,430.4,Derelict,S12000006,f3258a0d-aa15-4e28-b314-15a2ca415d1c,2025-12-03,1997
pub_vdl.363,Dumfries and Galloway,BROWHOUSES MOD SITE,ESTRG002,EASTRIGGS ANNAN,S01007675,Developable - Undetermined,328373,565640,Defence,Not applicable (i.e. only one owner),2020,Defence,3.16,Derelict,S12000006,f3258a0d-aa15-4e28-b314-15a2ca415d1c,2025-12-03,1998
pub_vdl.364,Dumfries and Galloway,FORMER GARAGE,GOFH20001,HIGH STREET GATEHOUSE OF FLEET,S01007522,Developable - Short Term,260261,556509,Other Private,Not applicable (i.e. only one owner),2010,Other General Industry,0.39,Derelict,S12000006,f3258a0d-aa15-4e28-b314-15a2ca415d1c,2025-12-03,2011
pub_vdl.365,Dumfries and Galloway,MINISTERS MERSE,H400000004,ANNAN,S01007661,Developable - Short Term,318727,566081,Urban Regeneration Company,Not applicable (i.e. only one owner),1986-1990,Unknown,1.71,Derelict,S12000006,f3258a0d-aa15-4e28-b314-15a2ca415d1c,2025-12-03,2030
pub_vdl.366,Dumfries and Galloway,GLASGOW ROAD,I330000019,SANQUHAR SANQUHAR,S01007555,Developable - Short Term,277478,610482,Other Private,Not applicable (i.e. only one owner),Unknown,Unknown,0.67,Vacant Land,S12000006,f3258a0d-aa15-4e28-b314-15a2ca415d1c,2025-12-03,1976
pub_vdl.367,Dumfries and Galloway,KIRKCUDBRIGHT CREAMERY,KBTH202-01,BRIDGE STREET KIRKCUDBRIGHT,S01007525,Developable - Short Term,268360,551394,Other Private,Not applicable (i.e. only one owner),2010,Manufacturing,1.1,Derelict,S12000006,f3258a0d-aa15-4e28-b314-15a2ca415d1c,2025-12-03,1969
pub_vdl.368,Dumfries and Galloway,REID AND TAYLORS MILL,LNGHM-002,WILLIAM STREET LANGHOLM,S01007648,Developable - Undetermined,336170,584618,Other Private,Not applicable (i.e. only one owner),2014,Manufacturing,0.68,Derelict,S12000006,f3258a0d-aa15-4e28-b314-15a2ca415d1c,2025-12-03,2046
pub_vdl.369,Dumfries and Galloway,OLD SCHOOL,LNGHM-003,THOMAS TELFORD ROAD LANGHOLM,S01007648,Developable - Short Term,335965,584778,Local Authority,Not applicable (i.e. only one owner),2022,Education,0.4,Derelict,S12000006,f3258a0d-aa15-4e28-b314-15a2ca415d1c,2025-12-03,2045
pub_vdl.371,Dumfries and Galloway,PARK PLACE,LRBH3-0011,LOCKERBIE,S01007637,Developable - Short Term,313955,581438,Other Private,Not applicable (i.e. only one owner),Unknown,Manufacturing,0.62,Derelict,S12000006,f3258a0d-aa15-4e28-b314-15a2ca415d1c,2025-12-03,1979
pub_vdl.372,Dumfries and Galloway,FORMER CARAVAN PARK,LRBMU2020,KINTAIL PARK LOCKERBIE,S01007638,Developable - Medium Term,313279,582239,Local Authority,Not applicable (i.e. only one owner),Unknown,"Residential - Hotels, Hostels etc",1.42,Vacant Land,S12000006,f3258a0d-aa15-4e28-b314-15a2ca415d1c,2025-12-03,1980
pub_vdl.373,Dumfries and Galloway,LAND OFF TERREGLES ROAD,NITH-0039-09,TERREGLES ROAD DUMFRIES,S01007585,Developable - Medium Term,295715,576491,Other Private,Not applicable (i.e. only one owner),Unknown,Unknown,0.49,Derelict,S12000006,f3258a0d-aa15-4e28-b314-15a2ca415d1c,2025-12-03,1964
pub_vdl.374,Dumfries and Galloway,NORTH GATESIDE BING,SANQ-001,SANQUHAR,S01007558,Uneconomic to Develop/Soft End Use,276640,611660,Other Private,Not applicable (i.e. only one owner),1980 or earlier,Mineral Activity,11,Derelict,S12000006,f3258a0d-aa15-4e28-b314-15a2ca415d1c,2025-12-03,1992
pub_vdl.375,Dumfries and Galloway,SOUTH GATESIDE BING,SANQ-002,SANQUHAR,S01007558,Uneconomic to Develop/Soft End Use,276421,611403,Other Private,Not applicable (i.e. only one owner),1980 or earlier,Mineral Activity,3.66,Derelict,S12000006,f3258a0d-aa15-4e28-b314-15a2ca415d1c,2025-12-03,1993
pub_vdl.376,Dumfries and Galloway,QUEENSBERRY ARMS,SANQ-005,HIGH STREET SANQUHAR,S01007556,Developable - Medium Term,278180,609818,Other Private,Not applicable (i.e. only one owner),Unknown,"Residential - Hotels, Hostels etc",0.13,Derelict,S12000006,f3258a0d-aa15-4e28-b314-15a2ca415d1c,2025-12-03,2035
pub_vdl.377,Dumfries and Galloway,SITE OFF COTTON STREET,STEW-0028-09,COTTON STREET CASTLE DOUGLAS,S01007535,Developable - Medium Term,276611,562721,Other Private,Not applicable (i.e. only one owner),Unknown,Manufacturing,0.26,Derelict,S12000006,f3258a0d-aa15-4e28-b314-15a2ca415d1c,2025-12-03,1959
pub_vdl.378,Dumfries and Galloway,FORMER GASWORKS,STEW-0030-20,MARLE STREET CASTLE DOUGLAS,S01007534,Developable - Medium Term,276119,562050,Other Private,Not applicable (i.e. only one owner),2019,Manufacturing,0.2,Derelict,S12000006,f3258a0d-aa15-4e28-b314-15a2ca415d1c,2025-12-03,1990
pub_vdl.379,Dumfries and Galloway,FORMER GARAGE,STEW-0031-20,BORGUE KIRKCUDBRIGHTSHIRE,S01007524,Developable - Undetermined,262929,548406,Other Private,Not applicable (i.e. only one owner),Unknown,Other General Industry,0.15,Derelict,S12000006,f3258a0d-aa15-4e28-b314-15a2ca415d1c,2025-12-03,1987
pub_vdl.380,Dumfries and Galloway,PARK HOUSE,STEW-0031-21,KIRKCUDBRIGHT,S01007530,Developable - Undetermined,268277,550134,Other Private,Not applicable (i.e. only one owner),2018,"Residential - Hotels, Hostels etc",0.26,Derelict,S12000006,f3258a0d-aa15-4e28-b314-15a2ca415d1c,2025-12-03,2004
pub_vdl.381,Dumfries and Galloway,COW PARK QUARRY,STEW-0034-09,MAXWELL PARK DALBEATTIE,S01007539,Unknown (uncertain/insufficient information),282704,561844,Other Private,Not applicable (i.e. only one owner),Unknown,Mineral Activity,1.19,Derelict,S12000006,f3258a0d-aa15-4e28-b314-15a2ca415d1c,2025-12-03,1985
pub_vdl.382,Dumfries and Galloway,BARNCROSH,STEW-01,RINGFORD,S01007532,Developable - Medium Term,270906,559232,Other Private,Not applicable (i.e. only one owner),2019,Business Class,1.82,Derelict,S12000006,f3258a0d-aa15-4e28-b314-15a2ca415d1c,2025-12-03,2023
pub_vdl.383,Dumfries and Galloway,FORMER BAKERY,STEW-241,CHURCH STREET CASTLE DOUGL,S01007537,Developable - Medium Term,276365,562329,Other Private,Not applicable (i.e. only one owner),2022,Other General Industry,0.16,Derelict,S12000006,f3258a0d-aa15-4e28-b314-15a2ca415d1c,2025-12-03,2041
pub_vdl.384,Dumfries and Galloway,IRONLOSH STEADING,STEW-35-BAL,BALMACLELLAN CASTLE DOUGLAS,S01007551,Unknown (uncertain/insufficient information),267110,579465,Other Private,Not applicable (i.e. only one owner),Unknown,Agriculture,0.16,Derelict,S12000006,f3258a0d-aa15-4e28-b314-15a2ca415d1c,2025-12-03,2010
pub_vdl.385,Dumfries and Galloway,OLD FILLING STATION,STEW-36-BAL,BALMACLELLAN CASTLE DOUGLAS,S01007551,Developable - Short Term,265254,579111,Other Private,Not applicable (i.e. only one owner),Unknown,Retailing,0.1,Derelict,S12000006,f3258a0d-aa15-4e28-b314-15a2ca415d1c,2025-12-03,2034
pub_vdl.393,Dumfries and Galloway,WARDS GARAGE,WIG-DM3,STAIR STREET DRUMMORE,S01007501,Developable - Medium Term,213532,536717,Other Private,Not applicable (i.e. only one owner),2022,Other General Industry,0.12,Derelict,S12000006,f3258a0d-aa15-4e28-b314-15a2ca415d1c,2025-12-03,2047
pub_vdl.386,Dumfries and Galloway,RAILWAY YARD,STRBI3000,STATION STREET STRANRAER,S01007488,Developable - Medium Term,206786,560483,Network Rail/ Rail Franchise Holder,Not applicable (i.e. only one owner),Unknown,Transport,3.38,Derelict,S12000006,f3258a0d-aa15-4e28-b314-15a2ca415d1c,2025-12-03,1977
pub_vdl.387,Dumfries and Galloway,LAND BEHIND THE COACHMANS,STRH60000,BELMONT ROAD STRANRAER,S01007490,Developable - Medium Term,206123,560126,Unknown Private,Not applicable (i.e. only one owner),Unknown,Recreation & Leisure,0.66,Derelict,S12000006,f3258a0d-aa15-4e28-b314-15a2ca415d1c,2025-12-03,2018
pub_vdl.388,Dumfries and Galloway,QUEENSBERRY TAILINGS PONDS,WAN-002,WANLOCKHEAD,S01007558,Unknown (uncertain/insufficient information),285533,614179,Other Private,Not applicable (i.e. only one owner),1980 or earlier,Mineral Activity,1.98,Derelict,S12000006,f3258a0d-aa15-4e28-b314-15a2ca415d1c,2025-12-03,1995
pub_vdl.389,Dumfries and Galloway,LAND AT CAIRN POINT,WIG-0002-09,CAIRNRYAN,S01007498,Developable - Undetermined,206157,568763,Other Private,Not applicable (i.e. only one owner),Unknown,Other General Industry,3.98,Derelict,S12000006,f3258a0d-aa15-4e28-b314-15a2ca415d1c,2025-12-03,1958
pub_vdl.390,Dumfries and Galloway,LOCHRYAN HOTEL,WIG-0002-10,CAIRNRYAN,S01007498,Developable - Medium Term,207284,567345,Other Private,Not applicable (i.e. only one owner),Unknown,"Residential - Hotels, Hostels etc",0.22,Derelict,S12000006,f3258a0d-aa15-4e28-b314-15a2ca415d1c,2025-12-03,2003
pub_vdl.391,Dumfries and Galloway,LAND AND BUILDING SOUTH OF HARBOUR FRONT,WIG-0003-09,DRUMMORE,S01007501,Developable - Short Term,213684,536708,Other Private,Not applicable (i.e. only one owner),Unknown,Manufacturing,0.18,Derelict,S12000006,f3258a0d-aa15-4e28-b314-15a2ca415d1c,2025-12-03,1960
pub_vdl.392,Dumfries and Galloway,LAND OPPOSITE CHEESE FACTORY,WIG-CR001,COMMERCE ROAD STRANRAER,S01007492,Developable - Medium Term,206538,559873,Other Private,Not applicable (i.e. only one owner),2006,Manufacturing,0.64,Vacant Land,S12000006,f3258a0d-aa15-4e28-b314-15a2ca415d1c,2025-12-03,2006
pub_vdl.991,Fife,PILMUIR WORKS,LAR002,PILMUIR ROAD LOWER LARGO,S01009651,Unknown (uncertain/insufficient information),339875,703981,Ownership unknown,Ownership unknown,Unknown,Manufacturing,0.82,Derelict,S12000047,e998e5f9-b4af-42cd-8816-217d383535a5,2025-11-30,2630
pub_vdl.397,Dumfries and Galloway,GALLOWAY GAZETTE BUILDING,WIG-NS-002,VICTORIA LANE NEWTON STEWART,S01007515,Developable - Medium Term,241047,565506,Other Private,Not applicable (i.e. only one owner),Unknown,Other General Industry,0.14,Derelict,S12000006,f3258a0d-aa15-4e28-b314-15a2ca415d1c,2025-12-03,2001
pub_vdl.398,Dumfries and Galloway,GALLOWAY ARMS HOTEL,WIG-NS-003,VICTORIA STREET NEWTON STEWART,S01007514,Developable - Medium Term,241072,565553,Other Private,Not applicable (i.e. only one owner),2020,"Residential - Hotels, Hostels etc",0.15,Derelict,S12000006,f3258a0d-aa15-4e28-b314-15a2ca415d1c,2025-12-03,2000
pub_vdl.399,Dumfries and Galloway,GRAPES HOTEL,WIG-NS001,VICTORIA STREET NEWTON STEWART,S01007515,Developable - Undetermined,241068,565477,Other Private,Not applicable (i.e. only one owner),Unknown,"Residential - Hotels, Hostels etc",0.11,Derelict,S12000006,f3258a0d-aa15-4e28-b314-15a2ca415d1c,2025-12-03,2028
pub_vdl.400,Dumfries and Galloway,SOUTH STREET DEPOT,WIG-PW02,SOUTH STREET PORT WILLIAM,S01007510,Developable - Medium Term,234037,543164,Other Private,Not applicable (i.e. only one owner),Unknown,Other General Industry,1.56,Derelict,S12000006,f3258a0d-aa15-4e28-b314-15a2ca415d1c,2025-12-03,2036
pub_vdl.401,Dumfries and Galloway,OLD CREAMERY,WIG-SOR01,CREECH MILL SORBIE NEWTON STEWA,S01007509,Unknown (uncertain/insufficient information),243622,547509,Other Private,Not applicable (i.e. only one owner),Unknown,Manufacturing,1.48,Derelict,S12000006,f3258a0d-aa15-4e28-b314-15a2ca415d1c,2025-12-03,2033
pub_vdl.402,Dumfries and Galloway,EAST PIER,WIG-STREP,STRANRAER,S01007488,Developable - Medium Term,206320,561124,Other Private,Not applicable (i.e. only one owner),2011,Transport,5.33,Derelict,S12000006,f3258a0d-aa15-4e28-b314-15a2ca415d1c,2025-12-03,2009
pub_vdl.403,Dumfries and Galloway,LAND AT FORSYTH AVENUE,WIG-WHTH01,WHITHORN,S01007509,Developable - Short Term,244555,541021,Ownership unknown,Ownership unknown,2005,Manufacturing,0.35,Vacant Land,S12000006,f3258a0d-aa15-4e28-b314-15a2ca415d1c,2025-12-03,2007
pub_vdl.404,Dundee City,SOUTH WARD ROAD,1037,,S01007705,Developable - Medium Term,340019,730329,Unknown Private,Not applicable (i.e. only one owner),2014,Wholesale Distribution,0.21,Vacant Land,S12000042,,,
pub_vdl.1072,Glasgow City,,1682,FRENCH ST / COLVEND ST,S01010046,Developable - Short Term,260831,663141,Other Private,Not applicable (i.e. only one owner),1980 or earlier,Unknown,0.35,Vacant Land,S12000049,05df8fc4-004a-4125-8629-0ae5c553022b,2025-12-03,264
pub_vdl.405,Dundee City,LAND AT CENTRAL WATERFRONT,1040,,S01007706,Developable - Medium Term,340665,730070,Local Authority,Not applicable (i.e. only one owner),2014,Other,0.31,Vacant Land,S12000042,,,
pub_vdl.406,Dundee City,LAND AT CENTRAL WATERFRONT,1041,,S01007706,Developable - Medium Term,340582,730148,Local Authority,Not applicable (i.e. only one owner),2014,Other,0.89,Vacant Land,S12000042,,,
pub_vdl.407,Dundee City,CENTRAL WATERFRONT,1045,,S01007706,Developable - Short Term,340386,730003,Local Authority,Not applicable (i.e. only one owner),2015,Other,0.58,Vacant Land,S12000042,,,
pub_vdl.408,Dundee City,"FORMER OLYMPIA LEISURE CENTRE, FORMER HILTON HOTEL",1049,,S01007706,Developable - Medium Term,340700,730040,Local Authority,Not applicable (i.e. only one owner),2017,Recreation & Leisure,0.22,Vacant Land,S12000042,,,
pub_vdl.409,Dundee City,"FORMER LANGLANDS & MCAINSH SITE, SEAGATE",1050,,S01007710,Developable - Short Term,340693,730520,Other Private,Not applicable (i.e. only one owner),2019,Manufacturing,0.93,Vacant Land,S12000042,,,
pub_vdl.555,East Ayrshire,,5038,BANK GLEN NEW CUMNOCK,S01007898,Developable - Medium Term,260074,612483,Ownership unknown,Ownership unknown,Unknown,Recreation & Leisure,0.3,Vacant Land,S12000008,8491ddb8-33f5-44a8-a6ba-be64cac85ae0,2025-11-30,2257
pub_vdl.410,Dundee City,"RAILYARDS (DIESEL DEPOT), ROSEANGLE",2092,,S01007691,Developable - Short Term,339581,729569,Network Rail/ Rail Franchise Holder,Not applicable (i.e. only one owner),1986-1990,Transport,4.09,Vacant Land,S12000042,,,
pub_vdl.411,Dundee City,PERRIE STREET/GRAY STREET,2141,,S01007854,Developable - Medium Term,337301,731603,Local Authority,Not applicable (i.e. only one owner),1980 or earlier,Residential - Housing,0.48,Vacant Land,S12000042,,,
pub_vdl.412,Dundee City,LOCHEE ROAD,2144,,S01007828,Developable - Medium Term,338584,730985,Local Authority,Not applicable (i.e. only one owner),1991-1995,Residential - Housing,0.33,Vacant Land,S12000042,,,
pub_vdl.413,Dundee City,LOCHEE ROAD,2146,,S01007699,Developable - Medium Term,338800,730860,Local Authority,Not applicable (i.e. only one owner),1991-1995,Residential - Housing,0.22,Vacant Land,S12000042,,,
pub_vdl.414,Dundee City,"FORMER GAS WORKS SITE, EAST DOCK STREET",2155,,S01007710,Developable - Undetermined,341234,730789,Private Gas,Not applicable (i.e. only one owner),1996-2000,Manufacturing,3.98,Vacant Land,S12000042,,,
pub_vdl.567,East Ayrshire,N,6048,MAIN STREET MUIRKIRK,S01007903,Developable - Short Term,269835,627438,Local Authority,Not applicable (i.e. only one owner),1991-1995,Education,0.23,Vacant Land,S12000008,8491ddb8-33f5-44a8-a6ba-be64cac85ae0,2025-11-30,2208
pub_vdl.415,Dundee City,20-28 HAREFIELD ROAD,2158,,S01007827,Developable - Short Term,338313,731777,Other Private,Not applicable (i.e. only one owner),1996-2000,Retailing,0.34,Derelict,S12000042,,,
pub_vdl.416,Dundee City,"FOREBANK HOUSE, EADIES ROAD",2177,,S01007712,Developable - Undetermined,340324,730886,Ownership unknown,Ownership unknown,1996-2000,Residential - Housing,0.3,Derelict,S12000042,,,
pub_vdl.417,Dundee City,LAWSIDE ROAD,2180,,S01007828,Developable - Undetermined,338714,731207,Other Private,Not applicable (i.e. only one owner),1996-2000,Education,0.31,Vacant Land,S12000042,,,
pub_vdl.418,Dundee City,BRIGHT STREET,2183,,S01007827,Developable - Short Term,337917,731734,Ownership unknown,Ownership unknown,1996-2000,Unknown,0.2,Vacant Land,S12000042,,,
pub_vdl.419,Dundee City,OLD KINGS CROSS ROAD / LOONS ROAD,2185,,S01007833,Developable - Undetermined,338363,731400,Ownership unknown,Ownership unknown,1996-2000,Residential - Housing,0.33,Vacant Land,S12000042,,,
pub_vdl.587,East Ayrshire,FRMR BOWLING GREEN,6097,LITTLEMILL PLACE RANKISTON,S01007881,Developable - Undetermined,245128,614520,Ownership unknown,Ownership unknown,Unknown,Recreation & Leisure,0.21,Derelict,S12000008,8491ddb8-33f5-44a8-a6ba-be64cac85ae0,2025-11-30,2228
pub_vdl.420,Dundee City,LOCHEE ROAD,2200,,S01007828,Developable - Medium Term,338518,731056,Local Authority,Not applicable (i.e. only one owner),2006,Residential - Housing,0.12,Vacant Land,S12000042,,,
pub_vdl.421,Dundee City,BROUGHTY FERRY ROAD,2226,,S01007742,Developable - Undetermined,343736,731013,Ownership unknown,Ownership unknown,2007,Residential - Housing,1.6,Vacant Land,S12000042,,,
pub_vdl.422,Dundee City,116-120 LOCHEE ROAD,2227,,S01007701,Developable - Short Term,339175,730566,Ownership unknown,Ownership unknown,2007,Other,0.18,Vacant Land,S12000042,,,
pub_vdl.423,Dundee City,LOWER PLEASANCE,2232,,S01007701,Developable - Undetermined,339225,730459,Ownership unknown,Ownership unknown,2007,Manufacturing,0.55,Derelict,S12000042,,,
pub_vdl.424,Dundee City,"FORMER QUEEN VICTORIA WORKS, BROOK STREET",2233,,S01007691,Developable - Short Term,339278,730402,Ownership unknown,Ownership unknown,2007,Manufacturing,0.83,Derelict,S12000042,,,
pub_vdl.603,East Ayrshire,FORMER GREENBANK MILL,6134,EAST MAIN STREET DARVEL,S01007943,Developable - Undetermined,257112,637609,Ownership unknown,Ownership unknown,Unknown,Manufacturing,0.93,Vacant Land,S12000008,8491ddb8-33f5-44a8-a6ba-be64cac85ae0,2025-11-30,2244
pub_vdl.1003,Fife,BALRYMONTH FILTER BEDS,SAN001,PIPELAND FARM ST ANDREWS,S01009727,Unknown (uncertain/insufficient information),350675,714811,Ownership unknown,Ownership unknown,Unknown,Utility Services,1.17,Derelict,S12000047,e998e5f9-b4af-42cd-8816-217d383535a5,2025-11-30,2629
pub_vdl.425,Dundee City,"1-61 CARNEGIE SQUARE, 115-151 HILLTOWN",2237,,S01007715,Developable - Medium Term,340174,731037,Local Authority,Not applicable (i.e. only one owner),2008,Residential - Housing,0.54,Vacant Land,S12000042,,,
pub_vdl.426,Dundee City,"CRAIGIE WALLACE WORKS, WALLACE STREET",2255,,S01007709,Developable - Short Term,341115,730905,Other Private,Not applicable (i.e. only one owner),2009,Manufacturing,1.02,Derelict,S12000042,,,
pub_vdl.427,Dundee City,LAND ADJACENT TO DOCK GATES,2265,,S01007707,Developable - Undetermined,341391,730465,Private Port Company,Other Private,2011,Defence,0.36,Vacant Land,S12000042,,,
pub_vdl.428,Dundee City,"FORMER SHOPPING CENTRE, AIMER SQUARE",2271,,S01007855,Developable - Short Term,337845,731565,Local Authority,Not applicable (i.e. only one owner),2013,Retailing,0.15,Vacant Land,S12000042,,,
pub_vdl.429,Dundee City,"FORMER LOCK UPS, WHORTERBANK",2274,,S01007853,Developable - Medium Term,338199,731375,Local Authority,Not applicable (i.e. only one owner),2014,Residential - Housing,0.13,Vacant Land,S12000042,,,
pub_vdl.663,East Lothian,FORMER EDENHALL HOSPITAL,ELC105,EDENHALL ROAD MUSSELBURGH EAST LOTHIAN,S01008190,Developable - Short Term,335338,671957,Health Boards,Not applicable (i.e. only one owner),2007,Community & Health,5.4,Vacant Land and Buildings,S12000010,bd13f073-c359-4686-aa7c-5e4ae12f7c64,2024-09-04,152
pub_vdl.430,Dundee City,"FORMER COLLEGE, CONSTITUTION ROAD",2280,,S01007702,Developable - Short Term,339821,730745,Other Private,Not applicable (i.e. only one owner),2015,Education,0.96,Derelict,S12000042,,,
pub_vdl.431,Dundee City,"FORMER ST MARY'S INFANT SCHOOL, HIGH STREET",2281,,S01007853,Developable - Medium Term,338019,731339,Local Authority,Not applicable (i.e. only one owner),2016,Education,0.18,Vacant Land,S12000042,,,
pub_vdl.432,Dundee City,"FORMER LOCHEE PRIMARY SCHOOL, DONALD STREET",2285,,S01007854,Developable - Medium Term,337325,731482,Local Authority,Not applicable (i.e. only one owner),2017,Education,1.58,Vacant Land,S12000042,,,
pub_vdl.433,Dundee City,"FORMER BALGRAY WORKS, BALGRAY PLACE",2289,,S01007824,Developable - Medium Term,340235,732342,Other Private,Not applicable (i.e. only one owner),2018,Manufacturing,0.7,Derelict,S12000042,,,
pub_vdl.434,Dundee City,"FORMER MARYFIELD SCIENTIFIC SITE, MAINS LOAN",2290,,S01007733,Developable - Medium Term,341001,731929,Local Authority,Not applicable (i.e. only one owner),2019,Utility Services,0.16,Vacant Land,S12000042,,,
pub_vdl.664,East Lothian,FORMER COCKENZIE POWER STATION,ELC106,EDINBURGH ROAD COCKENZIE EAST LOTHIAN,S01008218,Developable - Undetermined,339466,675441,Scottish Power,Not applicable (i.e. only one owner),2015,Utility Services,12.4,Derelict,S12000010,bd13f073-c359-4686-aa7c-5e4ae12f7c64,2024-09-04,144
pub_vdl.435,Dundee City,"FORMER SUPERMARKET, MAIN STREET",2294,,S01007717,Developable - Medium Term,340131,731527,Other Private,Not applicable (i.e. only one owner),2019,Retailing,1.63,Vacant Land,S12000042,,,
pub_vdl.436,Dundee City,"PITALPIN WORKS, PITALPIN STREET",3010,,S01007854,Developable - Short Term,336998,731948,Other Private,Housing Association,1986-1990,Manufacturing,1.11,Derelict,S12000042,,,
pub_vdl.437,Dundee City,BEAULY AVENUE,3044,,S01007808,Uneconomic to Develop/Soft End Use,339946,733444,Local Authority,Not applicable (i.e. only one owner),1980 or earlier,Residential - Housing,0.21,Vacant Land,S12000042,,,
pub_vdl.438,Dundee City,CHEVIOT CRESCENT,3047,,S01007791,Developable - Undetermined,342063,733890,Urban Regeneration Company,Other Private,1980 or earlier,Agriculture,0.26,Derelict,S12000042,,,
pub_vdl.439,Dundee City,LONGHAUGH ROAD,3056,,S01007800,Uneconomic to Develop/Soft End Use,342837,732763,Local Authority,Not applicable (i.e. only one owner),1980 or earlier,Passive Open Space,1.49,Vacant Land,S12000042,,,
pub_vdl.605,East Ayrshire,FORMER HIGHHOUSE COAL PIT,6137,BARONY ROAD AUCHINLECK,S01007923,Developable - Medium Term,254791,621769,Ownership unknown,Ownership unknown,Unknown,Mineral Activity,1.73,Vacant Land,S12000008,8491ddb8-33f5-44a8-a6ba-be64cac85ae0,2025-11-30,2246
pub_vdl.440,Dundee City,STANNERGATE,3078,,S01007737,Unknown (uncertain/insufficient information),342488,731036,Network Rail/ Rail Franchise Holder,Not applicable (i.e. only one owner),1980 or earlier,Passive Open Space,3.66,Vacant Land,S12000042,,,
pub_vdl.441,Dundee City,ELMWOOD ROAD,3098,,S01007841,Developable - Short Term,336940,731376,Other Private,Not applicable (i.e. only one owner),1980 or earlier,Passive Open Space,0.65,Vacant Land,S12000042,,,
pub_vdl.442,Dundee City,BAIRD AVENUE,3104,,S01007858,Developable - Medium Term,337534,732799,Other Private,Not applicable (i.e. only one owner),1980 or earlier,Agriculture,0.51,Vacant Land,S12000042,,,
pub_vdl.443,Dundee City,BALUNIE DRIVE,3109,,S01007779,Developable - Medium Term,344571,732567,Other Private,Not applicable (i.e. only one owner),1980 or earlier,Agriculture,0.84,Vacant Land,S12000042,,,
pub_vdl.444,Dundee City,NOBEL ROAD NORTH,3118,,S01007867,Developable - Undetermined,335105,732199,Other Private,Not applicable (i.e. only one owner),1980 or earlier,Agriculture,0.35,Vacant Land,S12000042,,,
pub_vdl.606,East Ayrshire,WOODEND COTTAGE,6138,87 MAIN ROAD CROOKEDHOLM KILMARNOCK,S01007959,Developable - Medium Term,244781,637344,Ownership unknown,Ownership unknown,Unknown,Offices,0.29,Derelict,S12000008,8491ddb8-33f5-44a8-a6ba-be64cac85ae0,2025-11-30,2247
pub_vdl.445,Dundee City,SMEATON ROAD,3123,,S01007846,Developable - Short Term,335849,732246,Local Authority,Not applicable (i.e. only one owner),1980 or earlier,Agriculture,0.11,Vacant Land,S12000042,,,
pub_vdl.446,Dundee City,CRAIGOWAN ROAD,3125,,S01007848,Uneconomic to Develop/Soft End Use,336155,731776,Local Authority,Not applicable (i.e. only one owner),1991-1995,Residential - Housing,0.17,Vacant Land,S12000042,,,
pub_vdl.447,Dundee City,BROWNHILL ROAD,3127,,S01007847,Developable - Undetermined,336346,731956,Local Authority,Not applicable (i.e. only one owner),1991-1995,Residential - Housing,0.1,Vacant Land,S12000042,,,
pub_vdl.448,Dundee City,PITALPIN STREET,3129,,S01007854,Developable - Undetermined,336948,731967,Local Authority,Not applicable (i.e. only one owner),1980 or earlier,Residential - Housing,0.15,Vacant Land,S12000042,,,
pub_vdl.449,Dundee City,BEAULY AVENUE,3148,,S01007808,Uneconomic to Develop/Soft End Use,339927,733469,Local Authority,Not applicable (i.e. only one owner),1980 or earlier,Residential - Housing,0.18,Vacant Land,S12000042,,,
pub_vdl.607,East Ayrshire,FORMER GARAGE SITE,6139,STRUTHERS AVENUE CROOKEDHOLM KILMARNOCK,S01007960,Developable - Medium Term,244699,637657,Ownership unknown,Ownership unknown,2008,Transport,0.1,Vacant Land,S12000008,8491ddb8-33f5-44a8-a6ba-be64cac85ae0,2025-11-30,2248
pub_vdl.450,Dundee City,CHEVIOT CRESCENT.,3177,,S01007790,Uneconomic to Develop/Soft End Use,342737,734032,Urban Regeneration Company,Not applicable (i.e. only one owner),1991-1995,Residential - Housing,0.14,Vacant Land,S12000042,,,
pub_vdl.451,Dundee City,WHITFIELD TERRACE,3178,,S01007783,Developable - Short Term,343520,733114,Local Authority,Not applicable (i.e. only one owner),1991-1995,Residential - Housing,0.21,Vacant Land,S12000042,,,
pub_vdl.452,Dundee City,BALDOVIE ROAD,3198,,S01007779,Developable - Short Term,344812,733120,Other Private,Not applicable (i.e. only one owner),1980 or earlier,Agriculture,9.11,Vacant Land,S12000042,,,
pub_vdl.453,Dundee City,2-4 BALMORAL TERRACE,3199,,S01007748,Uneconomic to Develop/Soft End Use,344148,732475,Local Authority,Not applicable (i.e. only one owner),1991-1995,Residential - Housing,0.2,Vacant Land,S12000042,,,
pub_vdl.454,Dundee City,DALCLAVERHOUSE INDUSTRIAL ESTATE,3217,,S01007796,Developable - Short Term,341456,733898,Local Authority,Not applicable (i.e. only one owner),1991-1995,Agriculture,2.1,Vacant Land,S12000042,,,
pub_vdl.621,East Ayrshire,CORNER SITE,6165,DONNINGTON STREET DARVEL,S01007942,Developable - Medium Term,256378,637607,Ownership unknown,Not applicable (i.e. only one owner),2021,Other General Industry,0.15,Vacant Land,S12000008,8491ddb8-33f5-44a8-a6ba-be64cac85ae0,2025-11-30,2262
pub_vdl.455,Dundee City,DALCLAVERHOUSE INDUSTRIAL ESTATE,3218,,S01007791,Developable - Short Term,341307,734026,Local Authority,Not applicable (i.e. only one owner),1991-1995,Agriculture,1.8,Vacant Land,S12000042,,,
pub_vdl.456,Dundee City,DRUMGEITH ROAD,3222,,S01007783,Developable - Short Term,344200,733264,Other Private,Not applicable (i.e. only one owner),1991-1995,Residential - Housing,0.91,Vacant Land,S12000042,,,
pub_vdl.457,Dundee City,NAPIER DRIVE,3256,,S01007850,Developable - Undetermined,337100,732195,Local Authority,Not applicable (i.e. only one owner),2018,Education,1.92,Vacant Land,S12000042,,,
pub_vdl.458,Dundee City,MARINER DRIVE,3274,,S01007869,Developable - Short Term,335515,730440,Scottish Enterprise,Not applicable (i.e. only one owner),1996-2000,Agriculture,1.18,Vacant Land,S12000042,,,
pub_vdl.459,Dundee City,MARINER DRIVE,3275,,S01007869,Developable - Short Term,335644,730297,Scottish Enterprise,Not applicable (i.e. only one owner),1996-2000,Agriculture,3.25,Vacant Land,S12000042,,,
pub_vdl.665,East Lothian,EAST FORTUNE STEADING,ELC108,LAND SOUTH OF B1377 EAST FORTUNE EAST LOTHIAN,S01008262,Developable - Medium Term,354929,679194,Ownership unknown,Not applicable (i.e. only one owner),Unknown,Agriculture,3.35,Derelict,S12000010,bd13f073-c359-4686-aa7c-5e4ae12f7c64,2024-09-04,142
pub_vdl.460,Dundee City,GIRVAN GARDENS,3283,,S01007783,Developable - Medium Term,344119,733135,Local Authority,Not applicable (i.e. only one owner),1996-2000,Residential - Housing,1.48,Vacant Land,S12000042,,,
pub_vdl.461,Dundee City,25-31 BALCAIRN PLACE,3292,,S01007748,Developable - Undetermined,344156,732388,Local Authority,Not applicable (i.e. only one owner),1996-2000,Residential - Housing,0.29,Vacant Land,S12000042,,,
pub_vdl.462,Dundee City,MIDMILL ROAD,3293,,S01007805,Developable - Undetermined,342661,732618,Local Authority,Not applicable (i.e. only one owner),2008,Residential - Housing,0.17,Vacant Land,S12000042,,,
pub_vdl.463,Dundee City,BUICK PLACE/BRIDGEND STREET,3302,,S01007805,Developable - Undetermined,342748,732642,Local Authority,Not applicable (i.e. only one owner),1996-2000,Residential - Housing,0.23,Vacant Land,S12000042,,,
pub_vdl.464,Dundee City,CARBERRY CRESCENT,3303,,S01007789,Developable - Undetermined,343170,733948,Local Authority,Not applicable (i.e. only one owner),1996-2000,Residential - Housing,0.1,Vacant Land,S12000042,,,
pub_vdl.666,East Lothian,FORMER WALLYFORD PRIMARY SCHOOL,ELC11,ALBERT PLACE WALLYFORD EAST LOTHIAN,S01008169,Developable - Short Term,336887,672174,Local Authority,Not applicable (i.e. only one owner),2022,Education,1.31,Vacant Land,S12000010,bd13f073-c359-4686-aa7c-5e4ae12f7c64,2024-09-04,156
pub_vdl.465,Dundee City,NAPIER DRIVE/QUARRY GARDENS,3308,,S01007851,Developable - Undetermined,337140,732089,Local Authority,Not applicable (i.e. only one owner),1996-2000,Recreation & Leisure,0.38,Vacant Land,S12000042,,,
pub_vdl.466,Dundee City,DERWENT AVENUE,3315,,S01007810,Developable - Undetermined,339328,733396,Local Authority,Not applicable (i.e. only one owner),1996-2000,Business Class,0.17,Vacant Land,S12000042,,,
pub_vdl.467,Dundee City,CHARLES BOWMAN AVENUE,3332,,S01007796,Developable - Short Term,341281,733811,Local Authority,Not applicable (i.e. only one owner),1996-2000,Agriculture,0.42,Vacant Land,S12000042,,,
pub_vdl.468,Dundee City,ALLOWAY PLACE,3334,,S01007801,Developable - Undetermined,341740,732437,Ownership unknown,Ownership unknown,1996-2000,Residential - Housing,0.19,Vacant Land,S12000042,,,
pub_vdl.469,Dundee City,LOTHIAN CRESCENT,3336,,S01007785,Developable - Undetermined,342945,733318,Local Authority,Not applicable (i.e. only one owner),Unknown,Unknown,0.12,Vacant Land,S12000042,,,
pub_vdl.667,East Lothian,FA'SIDE LODGE,ELC111,22A CHURCH STREET TRANENT EAST LOTHIAN,S01008219,Developable - Undetermined,340439,672912,Local Authority,Not applicable (i.e. only one owner),2014,Other,0.57,Vacant Land,S12000010,bd13f073-c359-4686-aa7c-5e4ae12f7c64,2024-09-04,154
pub_vdl.470,Dundee City,DARVEL PLACE,3337,,S01007800,Developable - Undetermined,341819,732845,Local Authority,Not applicable (i.e. only one owner),2007,Residential - Housing,0.15,Vacant Land,S12000042,,,
pub_vdl.471,Dundee City,23-25 HEBRIDES DRIVE,3338,,S01007797,Developable - Medium Term,341065,733468,Local Authority,Not applicable (i.e. only one owner),2017,Residential - Housing,0.26,Vacant Land,S12000042,,,
pub_vdl.472,Dundee City,DOUGLAS ROAD,3354,,S01007803,Developable - Short Term,343209,731918,Other Private,Not applicable (i.e. only one owner),1996-2000,Other General Industry,0.35,Vacant Land,S12000042,,,
pub_vdl.473,Dundee City,FORMER WHITFIELD & QUARRYFIELD COURTS,3372,,S01007784,Developable - Medium Term,343112,733501,Local Authority,Not applicable (i.e. only one owner),2001-2004,Residential - Housing,0.65,Vacant Land,S12000042,,,
pub_vdl.474,Dundee City,KINGSWAY WEST,3381,,S01007858,Developable - Undetermined,336850,732615,Other Private,Not applicable (i.e. only one owner),1996-2000,Other General Industry,11.55,Vacant Land and Buildings,S12000042,,,
pub_vdl.668,East Lothian,TYNINGHAME LINKS STEADING,ELC115,LIMETREE WALK TYNINGHAME EAST LOTHIAN,S01008277,Developable - Short Term,362534,680911,Other Private,Not applicable (i.e. only one owner),2001-2004,Agriculture,0.88,Derelict,S12000010,bd13f073-c359-4686-aa7c-5e4ae12f7c64,2024-09-04,131
pub_vdl.475,Dundee City,5-7 FAIRMUIR ROAD,3384,,S01007824,Developable - Medium Term,339854,732407,Other Private,Not applicable (i.e. only one owner),2001-2004,Retailing,0.49,Vacant Land,S12000042,,,
pub_vdl.476,Dundee City,KILSPINDIE STREET,3403,,S01007826,Developable - Short Term,337981,732315,Other Private,Not applicable (i.e. only one owner),2001-2004,Other General Industry,0.45,Derelict,S12000042,,,
pub_vdl.477,Dundee City,CLAVERHOUSE EAST,3404,,S01007791,Developable - Short Term,341885,734190,Local Authority,Not applicable (i.e. only one owner),1996-2000,Agriculture,0.56,Vacant Land,S12000042,,,
pub_vdl.478,Dundee City,CLAVERHOUSE EAST,3405,,S01007791,Developable - Short Term,341701,734117,Local Authority,Not applicable (i.e. only one owner),1996-2000,Agriculture,0.55,Vacant Land,S12000042,,,
pub_vdl.479,Dundee City,CLEPINGTON ROAD,3406,,S01007825,Developable - Undetermined,338605,732318,Ownership unknown,Ownership unknown,Unknown,Other,1.42,Vacant Land,S12000042,,,
pub_vdl.644,East Dunbartonshire,EX OIL TERMINAL,3.BR6,WESTERHILL ROAD BISHOPBRIGGS,S01008118,Developable - Medium Term,262505,671097,Other Private,Not applicable (i.e. only one owner),1991-1995,Storage,6.76,Derelict,S12000045,79ae29b1-b701-495a-92e4-6204f49262ee,2024-09-04,108
pub_vdl.480,Dundee City,CLAVERHOUSE BUSINESS PARK,3416,,S01007791,Developable - Undetermined,342459,734234,Local Authority,Not applicable (i.e. only one owner),2005,Agriculture,20.68,Vacant Land,S12000042,,,
pub_vdl.481,Dundee City,LONGCROFT ROAD,3424,,S01007803,Developable - Undetermined,342820,732566,Local Authority,Not applicable (i.e. only one owner),2007,Residential - Housing,0.11,Vacant Land,S12000042,,,
pub_vdl.482,Dundee City,GEORGE BUCKMAN DRIVE,3434,,S01007858,Developable - Short Term,336905,733079,Local Authority,Not applicable (i.e. only one owner),1996-2000,Agriculture,0.34,Vacant Land,S12000042,,,
pub_vdl.483,Dundee City,TRANENT GROVE,3444,,S01007784,Developable - Medium Term,343368,733468,Local Authority,Not applicable (i.e. only one owner),2008,Education,1.42,Vacant Land,S12000042,,,
pub_vdl.484,Dundee City,WHITFIELD DRIVE,3445,,S01007785,Developable - Medium Term,343177,733339,Other Private,Not applicable (i.e. only one owner),2008,Other,0.29,Vacant Land,S12000042,,,
pub_vdl.645,East Dunbartonshire,WESTERHILL ROAD SOUTH,3.BR7,WESTERHILL ROAD SOUTH BISHOPBRIGGS,S01008118,Developable - Medium Term,262461,671253,Other Private,Not applicable (i.e. only one owner),1986-1990,Storage,0.39,Vacant Land,S12000045,79ae29b1-b701-495a-92e4-6204f49262ee,2024-09-04,107
pub_vdl.485,Dundee City,PITKERRO ROAD,3448,,S01007800,Developable - Short Term,342591,732899,Other Private,Not applicable (i.e. only one owner),2008,Other,0.46,Vacant Land,S12000042,,,
pub_vdl.486,Dundee City,"FORMER FINTRY PRIMARY SCHOOL, FINAVON TERRACE",3453,,S01007795,Developable - Short Term,341808,733498,Local Authority,Not applicable (i.e. only one owner),2009,Education,0.53,Vacant Land,S12000042,,,
pub_vdl.487,Dundee City,4 LOTHIAN CRESCENT,3454,,S01007785,Developable - Undetermined,342996,733396,Local Authority,Not applicable (i.e. only one owner),2009,Other,0.1,Vacant Land,S12000042,,,
pub_vdl.488,Dundee City,"FORMER KIRKTON NURSERY SCHOOL, BALGOWAN AVENUE",3457,,S01007810,Developable - Undetermined,339380,733684,Local Authority,Not applicable (i.e. only one owner),2009,Education,0.35,Vacant Land,S12000042,,,
pub_vdl.489,Dundee City,"FORMER CHILDRENS HOME, DUNCAN PLACE",3462,,S01007814,Developable - Undetermined,338842,733724,Local Authority,Not applicable (i.e. only one owner),2009,"Residential - Hotels, Hostels etc",0.15,Vacant Land,S12000042,,,
pub_vdl.655,East Dunbartonshire,CLOBERFIELD ROAD,6.BR4,CLOBERFIELD INDUSTRIAL ESTATE MILNGAVIE,S01008146,Developable - Short Term,271058,674972,Other Private,Not applicable (i.e. only one owner),2022,Manufacturing,0.55,Vacant Land,S12000045,79ae29b1-b701-495a-92e4-6204f49262ee,2024-09-04,114
pub_vdl.490,Dundee City,"FORMER LAWSIDE ACADEMY, RANNOCH ROAD",3474,,S01007822,Developable - Medium Term,338366,733118,Local Authority,Not applicable (i.e. only one owner),2010,Education,3.16,Vacant Land,S12000042,,,
pub_vdl.491,Dundee City,FORMER HILLSIDE & GOWRIE COURTS,3477,,S01007843,Developable - Medium Term,335981,731148,Local Authority,Not applicable (i.e. only one owner),2011,Residential - Housing,1.11,Vacant Land,S12000042,,,
pub_vdl.492,Dundee City,54 - 78 MURRAYFIELD PLACE,3481,,S01007783,Developable - Medium Term,343076,733113,Local Authority,Not applicable (i.e. only one owner),2012,Residential - Housing,0.71,Vacant Land,S12000042,,,
pub_vdl.493,Dundee City,"FORMER NEWFIELD PRIMARY SCHOOL, MAYBOLE PLACE",3487,,S01007781,Developable - Medium Term,344103,733230,Local Authority,Not applicable (i.e. only one owner),2013,Education,1.91,Vacant Land,S12000042,,,
pub_vdl.494,Dundee City,"FORMER WHITFIELD PRIMARY SCHOOL, WHITFIELD DRIVE",3488,,S01007785,Developable - Medium Term,343256,733329,Local Authority,Not applicable (i.e. only one owner),2013,Education,1.12,Vacant Land,S12000042,,,
pub_vdl.669,East Lothian,DIRLETON NEW MAINS,ELC116,EH39 5EN DIRLETON EAST LOTHIAN,S01008267,Developable - Short Term,351570,684677,Other Private,Not applicable (i.e. only one owner),2010,Agriculture,0.66,Derelict,S12000010,bd13f073-c359-4686-aa7c-5e4ae12f7c64,2024-09-04,137
pub_vdl.495,Dundee City,"FORMER DOUGLAS HOUSE, BALUNIE DRIVE",3498,,S01007803,Developable - Medium Term,343431,732565,Local Authority,Not applicable (i.e. only one owner),2014,"Residential - Hotels, Hostels etc",0.72,Vacant Land,S12000042,,,
pub_vdl.496,Dundee City,"FORMER GAS HOLDER, PITKERRO ROAD",3501,,S01007783,Developable - Undetermined,343030,732817,Private Gas,Not applicable (i.e. only one owner),2014,Storage,1.63,Vacant Land,S12000042,,,
pub_vdl.497,Dundee City,22-23 TRANENT WALK,3502,,S01007784,Developable - Medium Term,343199,733637,Local Authority,Not applicable (i.e. only one owner),2015,Residential - Housing,0.23,Vacant Land,S12000042,,,
pub_vdl.498,Dundee City,"FORMER CLINIC, BALMORAL TEARRCE",3503,,S01007748,Developable - Medium Term,344391,732302,Local Authority,Not applicable (i.e. only one owner),2015,Community & Health,0.13,Vacant Land,S12000042,,,
pub_vdl.499,Dundee City,"FORMER MOSSGIEL PS, BALLOCHMYLE DRIVE",3507,,S01007807,Developable - Medium Term,341769,732646,Local Authority,Not applicable (i.e. only one owner),2015,Education,1.46,Vacant Land,S12000042,,,
pub_vdl.670,East Lothian,HARLOW HILL HOUSE,ELC117,HARLAW HILL ROAD PRESTONPANS EAST LOTHIAN,S01008203,Developable - Medium Term,338949,674608,Other Private,Not applicable (i.e. only one owner),Unknown,Residential - Housing,0.32,Derelict,S12000010,bd13f073-c359-4686-aa7c-5e4ae12f7c64,2024-09-04,130
pub_vdl.500,Dundee City,"FORMER SHOPPING CENTRE, WHITFIELD DRIVE",3513,,S01007785,Developable - Medium Term,343070,733380,Local Authority,Not applicable (i.e. only one owner),2016,Retailing,0.74,Vacant Land,S12000042,,,
pub_vdl.501,Dundee City,6 DONALDS LANE,3514,,S01007856,Developable - Undetermined,336887,731882,Unknown Private,Not applicable (i.e. only one owner),2016,Other General Industry,0.11,Vacant Land,S12000042,,,
pub_vdl.502,Dundee City,"FORMER STORAGE TANKS, EAST CAMPERDOWN STREET",3516,,S01007737,Developable - Medium Term,342071,730939,Unknown Private,Not applicable (i.e. only one owner),2016,Storage,0.55,Vacant Land,S12000042,,,
pub_vdl.503,Dundee City,"FORMER MENZIESHILL HIGH SCHOOL, YARROW TERRACE",3517,,S01007841,Developable - Medium Term,336690,731157,Local Authority,Not applicable (i.e. only one owner),2017,Education,3.03,Vacant Land,S12000042,,,
pub_vdl.504,Dundee City,"FORMER LOCKUPS, KEMNAY GARDENS",3521,,S01007743,Developable - Undetermined,343418,731799,Local Authority,Not applicable (i.e. only one owner),2017,Transport,0.11,Vacant Land,S12000042,,,
pub_vdl.702,East Renfrewshire,FMR JOINERY,8511633,MAIN STREET BUSBY,S01008367,Developable - Short Term,257920,656647,Other Private,Not applicable (i.e. only one owner),2001-2004,Manufacturing,0.2,Vacant Land,S12000011,b7f2efa9-2ab8-456e-bcdf-4bdb6b6e0fb3,2025-12-10,2367
pub_vdl.505,Dundee City,DUNSINANE AVENUE,3524,,S01007826,Developable - Medium Term,337528,732506,Other Private,Not applicable (i.e. only one owner),2017,Manufacturing,0.36,Vacant Land,S12000042,,,
pub_vdl.506,Dundee City,CLAVERHOUSE BUSINESS PARK,3528,,S01007791,Developable - Medium Term,342128,733988,Local Authority,Not applicable (i.e. only one owner),2017,Agriculture,0.49,Vacant Land,S12000042,,,
pub_vdl.507,Dundee City,"2-30 MURRAYFIELD DRIVE, 175-180 WHITFIELD AVENUE",3529,,S01007783,Developable - Undetermined,343084,733032,Local Authority,Not applicable (i.e. only one owner),2018,Residential - Housing,0.23,Vacant Land,S12000042,,,
pub_vdl.508,Dundee City,"KINGSWAY EAST WORKS, KINGSWAY EAST",3532,,S01007803,Developable - Short Term,342852,731829,Unknown Private,Not applicable (i.e. only one owner),2018,Manufacturing,2.86,Derelict,S12000042,,,
pub_vdl.509,Dundee City,"FORMER HILLSIDE PRIMARY SCHOOL, DENOON TERRACE",3533,,S01007838,Developable - Medium Term,336904,731189,Local Authority,Not applicable (i.e. only one owner),2018,Education,1.78,Vacant Land,S12000042,,,
pub_vdl.740,City of Edinburgh,GRANTON HARBOUR 2,EC37,GRANTON EDINBURGH,S01008920,Developable - Short Term,323683,677518,Private Port Company,Not applicable (i.e. only one owner),Unknown,Transport,1.32,Derelict,S12000036,f2bdcd42-8a34-49f4-aaa3-3d580553ac53,2025-11-30,1912
pub_vdl.510,Dundee City,"FORMER GOWRIEHILL PRIMARY SCHOOL, ETIVE GARDENS",3534,,S01007842,Developable - Medium Term,335665,731239,Local Authority,Not applicable (i.e. only one owner),2018,Education,1.67,Vacant Land,S12000042,,,
pub_vdl.511,Dundee City,FORTIES ROAD,3535,,S01007783,Developable - Undetermined,344531,733174,Other Private,Not applicable (i.e. only one owner),2018,Other General Industry,1.42,Derelict,S12000042,,,
pub_vdl.512,Dundee City,"FORMER TESCO DEPOT, BAIRD AVENUE",3538,,S01007858,Developable - Undetermined,338158,732704,Other Private,Not applicable (i.e. only one owner),2019,Wholesale Distribution,3.87,Vacant Land,S12000042,,,
pub_vdl.513,Dundee City,BROOK STREET,4002,,S01007762,Developable - Short Term,346187,730956,Network Rail/ Rail Franchise Holder,Other Private,1980 or earlier,Unknown,0.21,Vacant Land,S12000042,,,
pub_vdl.514,Dundee City,FINTRY PLACE,4005,,S01007760,Developable - Short Term,346303,731626,Local Authority,Other Private,1980 or earlier,Passive Open Space,0.71,Vacant Land,S12000042,,,
pub_vdl.741,City of Edinburgh,MADELVIC 1,EC39,GRANTON EDINBURGH,S01008921,Developable - Medium Term,323075,677076,Ownership unknown,Not applicable (i.e. only one owner),2009,Manufacturing,1.04,Vacant Land and Buildings,S12000036,f2bdcd42-8a34-49f4-aaa3-3d580553ac53,2025-11-30,1913
pub_vdl.515,Dundee City,FOWLER ROAD,4029,,S01007779,Developable - Short Term,345529,733041,Local Authority,Not applicable (i.e. only one owner),1986-1990,Agriculture,0.55,Vacant Land,S12000042,,,
pub_vdl.516,Dundee City,"293 KING STREET, 126-130 LONG LANE",4038,,S01007762,Developable - Medium Term,346362,730747,Unknown Private,Not applicable (i.e. only one owner),2012,Other General Industry,0.13,Vacant Land,S12000042,,,
pub_vdl.517,Dundee City,"FORMER LOCK-UPS, FETTERCAIRN DRIVE",4039,,S01007772,Developable - Undetermined,347353,731922,Local Authority,Not applicable (i.e. only one owner),2019,Transport,0.12,Vacant Land,S12000042,,,
pub_vdl.518,East Ayrshire,NUMBER 6 BING,1014,GILMILNSCROFT AUCHINLECK,S01007897,Developable - Medium Term,255840,623543,Ownership unknown,Ownership unknown,1986-1990,Mineral Activity,1.6,Derelict,S12000008,8491ddb8-33f5-44a8-a6ba-be64cac85ae0,2025-11-30,2171
pub_vdl.519,East Ayrshire,NUMBER 15 BING,1015,ROUNDSHAW AUCHINLECK,S01007899,Developable - Medium Term,257083,623858,Ownership unknown,Ownership unknown,1986-1990,Mineral Activity,6.41,Derelict,S12000008,8491ddb8-33f5-44a8-a6ba-be64cac85ae0,2025-11-30,2172
pub_vdl.520,East Ayrshire,N,110,BURNSIDE STREET KILMARNOCK,S01007975,Developable - Short Term,242595,636888,Ownership unknown,Ownership unknown,1981-1985,Unknown,1.5,Vacant Land,S12000008,8491ddb8-33f5-44a8-a6ba-be64cac85ae0,2025-11-30,2168
pub_vdl.521,East Ayrshire,N,141,QUEEN'S DRIVE KILMARNOCK,S01007975,Developable - Short Term,243100,636759,Ownership unknown,Ownership unknown,1986-1990,Manufacturing,0.5,Vacant Land,S12000008,8491ddb8-33f5-44a8-a6ba-be64cac85ae0,2025-11-30,2169
pub_vdl.522,East Ayrshire,,166,KIRKLAND ROAD DARVEL,S01007940,Developable - Medium Term,256804,637716,Ownership unknown,Ownership unknown,1986-1990,Unknown,0.29,Vacant Land and Buildings,S12000008,8491ddb8-33f5-44a8-a6ba-be64cac85ae0,2025-11-30,2170
pub_vdl.523,East Ayrshire,,2005,WELLWOOD STREET MUIRKIRK,S01007903,Developable - Undetermined,269835,627686,Ownership unknown,Ownership unknown,1986-1990,Unknown,1.26,Derelict,S12000008,8491ddb8-33f5-44a8-a6ba-be64cac85ae0,2025-11-30,2173
pub_vdl.524,East Ayrshire,S,2007,OFF FURNESS ROAD MUIRKIRK,S01007903,Developable - Medium Term,269604,627166,Ownership unknown,Ownership unknown,1981-1985,Unknown,0.22,Vacant Land,S12000008,8491ddb8-33f5-44a8-a6ba-be64cac85ae0,2025-11-30,2174
pub_vdl.525,East Ayrshire,N,2014,FURNACE ROAD MUIRKIRK,S01007903,Developable - Medium Term,269771,626944,Local Authority,Not applicable (i.e. only one owner),1981-1985,Unknown,1.87,Vacant Land,S12000008,8491ddb8-33f5-44a8-a6ba-be64cac85ae0,2025-11-30,2175
pub_vdl.568,East Ayrshire,N,6055,CASTLE NEW CUMNOCK,S01007908,Developable - Medium Term,261800,613429,Other Private,Not applicable (i.e. only one owner),2001-2004,Manufacturing,0.57,Derelict,S12000008,8491ddb8-33f5-44a8-a6ba-be64cac85ae0,2025-11-30,2209
pub_vdl.526,East Ayrshire,N,3014,BACK ROGERTON AUCHINLECK,S01007899,Developable - Medium Term,255769,622683,Ownership unknown,Ownership unknown,1986-1990,Mineral Activity,1.3,Derelict,S12000008,8491ddb8-33f5-44a8-a6ba-be64cac85ae0,2025-11-30,2176
pub_vdl.527,East Ayrshire,N,3024,LAMONT CRESCENT CUMNOCK,S01007911,Developable - Medium Term,257694,618802,Ownership unknown,Ownership unknown,1986-1990,Unknown,0.25,Vacant Land,S12000008,8491ddb8-33f5-44a8-a6ba-be64cac85ae0,2025-11-30,2177
pub_vdl.528,East Ayrshire,N,3030,CRONBERRY SCHOOL CRONBERRY,S01007899,Developable - Medium Term,260873,622596,Ownership unknown,Ownership unknown,1986-1990,Mineral Activity,4.57,Derelict,S12000008,8491ddb8-33f5-44a8-a6ba-be64cac85ae0,2025-11-30,2178
pub_vdl.529,East Ayrshire,N,3035,SKEW BRIDGE MUIRKIRK,S01007899,Developable - Medium Term,264391,625284,Ownership unknown,Ownership unknown,1986-1990,Unknown,0.7,Derelict,S12000008,8491ddb8-33f5-44a8-a6ba-be64cac85ae0,2025-11-30,2179
pub_vdl.530,East Ayrshire,N,3036,DYKES AUCHINLECK,S01007899,Developable - Medium Term,256837,621768,Ownership unknown,Ownership unknown,1986-1990,Mineral Activity,3.24,Derelict,S12000008,8491ddb8-33f5-44a8-a6ba-be64cac85ae0,2025-11-30,2180
pub_vdl.577,East Ayrshire,N,6078,BROWN STREET NEWMILNS,S01007946,Developable - Medium Term,253369,637134,Ownership unknown,Ownership unknown,2008,Residential - Housing,0.22,Vacant Land,S12000008,8491ddb8-33f5-44a8-a6ba-be64cac85ae0,2025-11-30,2218
pub_vdl.531,East Ayrshire,N,3037,BIRNIEKNOWE 1 AUCHINLECK,S01007899,Developable - Short Term,257732,622092,Ownership unknown,Ownership unknown,1986-1990,Mineral Activity,2.8,Derelict,S12000008,8491ddb8-33f5-44a8-a6ba-be64cac85ae0,2025-11-30,2181
pub_vdl.532,East Ayrshire,N,3039,HAPPOCK LUGAR,S01007899,Developable - Medium Term,258196,621663,Ownership unknown,Ownership unknown,1986-1990,Mineral Activity,3.5,Derelict,S12000008,8491ddb8-33f5-44a8-a6ba-be64cac85ae0,2025-11-30,2182
pub_vdl.533,East Ayrshire,N,3042,BARONY POWER STN AUCHINLECK,S01007897,Developable - Medium Term,252424,621776,Scottish Power,Not applicable (i.e. only one owner),1986-1990,Utility Services,9.9,Derelict,S12000008,8491ddb8-33f5-44a8-a6ba-be64cac85ae0,2025-11-30,2183
pub_vdl.534,East Ayrshire,D,3055,SORN ROAD AUCHINLECK,S01007924,Developable - Short Term,254970,622522,Other Private,Not applicable (i.e. only one owner),1991-1995,Unknown,0.38,Derelict,S12000008,8491ddb8-33f5-44a8-a6ba-be64cac85ae0,2025-11-30,2184
pub_vdl.535,East Ayrshire,N,3065,BARONY COLLIERY AUCHINLECK,S01007897,Developable - Medium Term,252907,621359,Coal Authority,Not applicable (i.e. only one owner),Unknown,Mineral Activity,44.1,Derelict,S12000008,8491ddb8-33f5-44a8-a6ba-be64cac85ae0,2025-11-30,2185
pub_vdl.566,East Ayrshire,N,6042,GALSTON ROAD HURLFORD KILMARNOCK,S01007957,Developable - Short Term,245575,636874,Other Private,Not applicable (i.e. only one owner),1991-1995,Retailing,0.15,Vacant Land,S12000008,8491ddb8-33f5-44a8-a6ba-be64cac85ae0,2025-11-30,2207
pub_vdl.536,East Ayrshire,N,32,BROWN STREET NEWMILNS,S01007946,Developable - Medium Term,252996,637021,Ownership unknown,Ownership unknown,1981-1985,Unknown,0.27,Vacant Land,S12000008,8491ddb8-33f5-44a8-a6ba-be64cac85ae0,2025-11-30,2162
pub_vdl.538,East Ayrshire,N,4009,WATERSIDE WATERSIDE,S01007870,Developable - Medium Term,243915,608589,Ownership unknown,Ownership unknown,1981-1985,Manufacturing,6.72,Derelict,S12000008,8491ddb8-33f5-44a8-a6ba-be64cac85ae0,2025-11-30,2268
pub_vdl.539,East Ayrshire,N,4013,DALMELLINGTON RD WATERSIDE,S01007870,Developable - Short Term,243871,608262,Coal Authority,Not applicable (i.e. only one owner),1981-1985,Other,13.3,Derelict,S12000008,8491ddb8-33f5-44a8-a6ba-be64cac85ae0,2025-11-30,2269
pub_vdl.540,East Ayrshire,N,4017,DALMELLINGTON RD WATERSIDE,S01007870,Developable - Medium Term,243650,608660,Ownership unknown,Ownership unknown,1981-1985,Unknown,0.34,Derelict,S12000008,8491ddb8-33f5-44a8-a6ba-be64cac85ae0,2025-11-30,2265
pub_vdl.565,East Ayrshire,N,6037,CAIRN ROAD CUMNOCK,S01007912,Developable - Short Term,256755,619093,Ownership unknown,Ownership unknown,1991-1995,Manufacturing,0.93,Vacant Land,S12000008,8491ddb8-33f5-44a8-a6ba-be64cac85ae0,2025-11-30,2206
pub_vdl.541,East Ayrshire,N,4025,NW WATERSIDE WATERSIDE,S01007870,Developable - Medium Term,243479,609089,Ownership unknown,Ownership unknown,1981-1985,Unknown,0.17,Derelict,S12000008,8491ddb8-33f5-44a8-a6ba-be64cac85ae0,2025-11-30,2270
pub_vdl.542,East Ayrshire,N,4030,PENNYVENIE MINE DALMELLINGTON,S01007870,Developable - Medium Term,248591,606792,Coal Authority,Not applicable (i.e. only one owner),1981-1985,Mineral Activity,9.7,Derelict,S12000008,8491ddb8-33f5-44a8-a6ba-be64cac85ae0,2025-11-30,2186
pub_vdl.543,East Ayrshire,N,4034,NORTH PATNA PATNA,S01007880,Developable - Medium Term,242012,611450,Coal Authority,Not applicable (i.e. only one owner),1981-1985,Mineral Activity,0.7,Derelict,S12000008,8491ddb8-33f5-44a8-a6ba-be64cac85ae0,2025-11-30,2187
pub_vdl.544,East Ayrshire,NUMBER 4,4046,HIGH PENNYVENIE DALMELLINGTON,S01007870,Developable - Medium Term,250072,606914,Coal Authority,Not applicable (i.e. only one owner),1986-1990,Mineral Activity,3.4,Derelict,S12000008,8491ddb8-33f5-44a8-a6ba-be64cac85ae0,2025-11-30,2188
pub_vdl.545,East Ayrshire,,42,GAS LANE GALSTON,S01007952,Developable - Short Term,249971,636810,Ownership unknown,Ownership unknown,1981-1985,Unknown,0.12,Vacant Land,S12000008,8491ddb8-33f5-44a8-a6ba-be64cac85ae0,2025-11-30,2164
pub_vdl.546,East Ayrshire,,5011,LIME ROAD NEW CUMNOCK,S01007905,Developable - Medium Term,262444,612867,Housing Association,Not applicable (i.e. only one owner),1981-1985,Residential - Housing,0.4,Vacant Land,S12000008,8491ddb8-33f5-44a8-a6ba-be64cac85ae0,2025-11-30,2189
pub_vdl.594,East Ayrshire,FORMER OPENCAST COAL SITE,6115,CHALMERSTON DALMELLINGTON,S01007870,Uneconomic to Develop/Soft End Use,247270,608964,Private Coal Company,Not applicable (i.e. only one owner),2013,Mineral Activity,40.66,Derelict,S12000008,8491ddb8-33f5-44a8-a6ba-be64cac85ae0,2025-11-30,2235
pub_vdl.547,East Ayrshire,N,5013,BURNFOOT BURNSIDE,S01007898,Developable - Medium Term,258776,611218,Coal Authority,Not applicable (i.e. only one owner),1986-1990,Residential - Housing,2.26,Derelict,S12000008,8491ddb8-33f5-44a8-a6ba-be64cac85ae0,2025-11-30,2190
pub_vdl.548,East Ayrshire,N,5020,POLQUHIRTER COTT NEW CUMNOCK,S01007898,Developable - Medium Term,262850,613210,Coal Authority,Not applicable (i.e. only one owner),1986-1990,Mineral Activity,2.7,Derelict,S12000008,8491ddb8-33f5-44a8-a6ba-be64cac85ae0,2025-11-30,2191
pub_vdl.549,East Ayrshire,N,5021,CRAIGHOUSE NEW CUMNOCK,S01007870,Developable - Medium Term,254841,610414,Ownership unknown,Ownership unknown,1986-1990,Mineral Activity,2.5,Derelict,S12000008,8491ddb8-33f5-44a8-a6ba-be64cac85ae0,2025-11-30,2192
pub_vdl.550,East Ayrshire,BRICKWORKS,5023,AFTON NEW CUMNOCK,S01007898,Developable - Medium Term,259047,613225,Ownership unknown,Ownership unknown,1986-1990,Mineral Activity,12.3,Derelict,S12000008,8491ddb8-33f5-44a8-a6ba-be64cac85ae0,2025-11-30,2193
pub_vdl.551,East Ayrshire,N,5031,BANK GLEN CHURCH NEW CUMNOCK,S01007898,Developable - Medium Term,259990,612452,Ownership unknown,Ownership unknown,1986-1990,Community & Health,0.23,Derelict,S12000008,8491ddb8-33f5-44a8-a6ba-be64cac85ae0,2025-11-30,2194
pub_vdl.552,East Ayrshire,N,5034,BANKGLEN SCHOOL NEW CUMNOCK,S01007898,Developable - Medium Term,259940,612508,Ownership unknown,Ownership unknown,1991-1995,Education,0.77,Derelict,S12000008,8491ddb8-33f5-44a8-a6ba-be64cac85ae0,2025-11-30,2195
pub_vdl.553,East Ayrshire,,5035,BANK HOUSE NEW CUMNOCK,S01007898,Developable - Medium Term,260172,612326,Ownership unknown,Ownership unknown,1991-1995,Unknown,3.2,Vacant Land and Buildings,S12000008,8491ddb8-33f5-44a8-a6ba-be64cac85ae0,2025-11-30,2196
pub_vdl.554,East Ayrshire,N,5037,KNOCKSHINNOCH NEW CUMNOCK,S01007898,Developable - Medium Term,260975,612534,Ownership unknown,Ownership unknown,1991-1995,Unknown,1.28,Derelict,S12000008,8491ddb8-33f5-44a8-a6ba-be64cac85ae0,2025-11-30,2197
pub_vdl.556,East Ayrshire,N,55,BONNYTON I. E. KILMARNOCK,S01008012,Developable - Short Term,242060,638313,Local Authority,Not applicable (i.e. only one owner),1981-1985,Unknown,0.28,Vacant Land,S12000008,8491ddb8-33f5-44a8-a6ba-be64cac85ae0,2025-11-30,2165
pub_vdl.557,East Ayrshire,,6002,LITTLEMILL ROAD DRONGAN,S01007882,Developable - Short Term,244594,618874,Ownership unknown,Ownership unknown,1991-1995,Storage,1.01,Vacant Land,S12000008,8491ddb8-33f5-44a8-a6ba-be64cac85ae0,2025-11-30,2198
pub_vdl.558,East Ayrshire,N,6011,BURNOCK MINE OCHILTREE,S01007882,Developable - Medium Term,250257,617516,Ownership unknown,Ownership unknown,1986-1990,Unknown,3.6,Derelict,S12000008,8491ddb8-33f5-44a8-a6ba-be64cac85ae0,2025-11-30,2199
pub_vdl.559,East Ayrshire,W,6012,TRABBOCH DRONGAN,S01007882,Developable - Medium Term,243420,622078,Ownership unknown,Ownership unknown,1986-1990,Unknown,5.24,Derelict,S12000008,8491ddb8-33f5-44a8-a6ba-be64cac85ae0,2025-11-30,2200
pub_vdl.1068,Glasgow City,,1316,WEST OF 295 EDMISTON DRIVE,S01009848,Developable - Undetermined,254662,664746,Other Private,Not applicable (i.e. only one owner),1981-1985,Unknown,0.21,Derelict,S12000049,05df8fc4-004a-4125-8629-0ae5c553022b,2025-12-03,245
pub_vdl.560,East Ayrshire,N,6013,COLLIERY MAUCHLINE,S01007887,Developable - Medium Term,249653,629501,Other Private,Not applicable (i.e. only one owner),1986-1990,Mineral Activity,12,Derelict,S12000008,8491ddb8-33f5-44a8-a6ba-be64cac85ae0,2025-11-30,2201
pub_vdl.561,East Ayrshire,N,6014,LITTLEMILL COLL. RANKISTON,S01007881,Developable - Medium Term,244385,614418,Coal Authority,Not applicable (i.e. only one owner),1986-1990,Mineral Activity,24.23,Derelict,S12000008,8491ddb8-33f5-44a8-a6ba-be64cac85ae0,2025-11-30,2202
pub_vdl.562,East Ayrshire,N,6016,POLQUHAIRN COLL SINCLAIRSTON,S01007881,Developable - Medium Term,247061,615911,Ownership unknown,Ownership unknown,1986-1990,Mineral Activity,7,Derelict,S12000008,8491ddb8-33f5-44a8-a6ba-be64cac85ae0,2025-11-30,2203
pub_vdl.563,East Ayrshire,N,6030,GREYHOUND STADIUM AUCHINLECK,S01007923,Developable - Short Term,254555,622153,Other Private,Not applicable (i.e. only one owner),1996-2000,Recreation & Leisure,1.29,Vacant Land and Buildings,S12000008,8491ddb8-33f5-44a8-a6ba-be64cac85ae0,2025-11-30,2204
pub_vdl.564,East Ayrshire,SAWMILL SITE,6036,ARMOUR WYND DALMELLINGTON,S01007870,Developable - Medium Term,247869,606507,Other Private,Not applicable (i.e. only one owner),1991-1995,Manufacturing,1.6,Derelict,S12000008,8491ddb8-33f5-44a8-a6ba-be64cac85ae0,2025-11-30,2205
pub_vdl.569,East Ayrshire,N,6058,WELLINGTON STREET KILMARNOCK,S01008011,Developable - Medium Term,242955,638364,Ownership unknown,Ownership unknown,2001-2004,Retailing,0.16,Derelict,S12000008,8491ddb8-33f5-44a8-a6ba-be64cac85ae0,2025-11-30,2210
pub_vdl.570,East Ayrshire,BLACKWOODS,6061,SOUTHHOOK ROAD KILMARNOCK,S01008015,Developable - Short Term,241858,638683,Ownership unknown,Ownership unknown,2001-2004,Manufacturing,0.39,Derelict,S12000008,8491ddb8-33f5-44a8-a6ba-be64cac85ae0,2025-11-30,2211
pub_vdl.571,East Ayrshire,,6067,BARRHILL TERRACE CUMNOCK,S01007917,Developable - Medium Term,257608,620400,Ownership unknown,Ownership unknown,2005,Transport,1.11,Derelict,S12000008,8491ddb8-33f5-44a8-a6ba-be64cac85ae0,2025-11-30,2212
pub_vdl.572,East Ayrshire,FORMER SCHOOL SITE AND ADJACENT FORMER HOTEL,6069,SCHOOL ROAD AUCHINLECK,S01007922,Developable - Undetermined,255000,622196,Other Private,Not applicable (i.e. only one owner),2008,Education,0.74,Vacant Land,S12000008,8491ddb8-33f5-44a8-a6ba-be64cac85ae0,2025-11-30,2213
pub_vdl.573,East Ayrshire,N,6070,IRVINE ROAD CROSSHOUSE,S01008026,Developable - Medium Term,239274,638437,Unknown Private,Not applicable (i.e. only one owner),2005,Manufacturing,0.37,Vacant Land,S12000008,8491ddb8-33f5-44a8-a6ba-be64cac85ae0,2025-11-30,2214
pub_vdl.574,East Ayrshire,DEPOT,6071,CARSPHAIRN ROAD DALMELLINGTON,S01007870,Unknown (uncertain/insufficient information),248592,605524,Ownership unknown,Not applicable (i.e. only one owner),2008,Storage,0.4,Vacant Land,S12000008,8491ddb8-33f5-44a8-a6ba-be64cac85ae0,2025-11-30,2215
pub_vdl.575,East Ayrshire,FORMER GARAGE,6073,LITTLEMILL ROAD DRONGAN,S01007891,Developable - Medium Term,244651,618761,Ownership unknown,Ownership unknown,2008,Transport,0.79,Vacant Land,S12000008,8491ddb8-33f5-44a8-a6ba-be64cac85ae0,2025-11-30,2216
pub_vdl.576,East Ayrshire,FORMER GARAGE,6077,KILMARNOCK ROAD MAUCHLINE,S01007887,Unknown (uncertain/insufficient information),249318,628141,Ownership unknown,Ownership unknown,2008,Other,0.24,Vacant Land,S12000008,8491ddb8-33f5-44a8-a6ba-be64cac85ae0,2025-11-30,2217
pub_vdl.585,East Ayrshire,,6095,43 MAIN STREET PATNA,S01007877,Developable - Undetermined,241389,610575,Ownership unknown,Ownership unknown,Unknown,Education,0.14,Derelict,S12000008,8491ddb8-33f5-44a8-a6ba-be64cac85ae0,2025-11-30,2226
pub_vdl.578,East Ayrshire,FORMER CARAVAN SITE,6079,CARSKEOCH PATNA,S01007880,Developable - Medium Term,241581,609688,Ownership unknown,Ownership unknown,2008,Recreation & Leisure,1.34,Vacant Land,S12000008,8491ddb8-33f5-44a8-a6ba-be64cac85ae0,2025-11-30,2219
pub_vdl.579,East Ayrshire,N,6081,IRVINE ROAD KILMARNOCK,S01008029,Developable - Medium Term,240782,638165,Ownership unknown,Ownership unknown,2005,Unknown,0.47,Vacant Land,S12000008,8491ddb8-33f5-44a8-a6ba-be64cac85ae0,2025-11-30,2220
pub_vdl.580,East Ayrshire,FORMER WORKS,6082,ANNANHILL KILMARNOCK,S01008029,Developable - Medium Term,240708,637925,Ownership unknown,Ownership unknown,2005,Unknown,3.76,Derelict,S12000008,8491ddb8-33f5-44a8-a6ba-be64cac85ae0,2025-11-30,2221
pub_vdl.581,East Ayrshire,REAR OF ASDA,6083,QUEEN'S DRIVE KILMARNOCK,S01007975,Developable - Undetermined,243129,636690,Ownership unknown,Ownership unknown,2008,Unknown,0.16,Vacant Land,S12000008,8491ddb8-33f5-44a8-a6ba-be64cac85ae0,2025-11-30,2222
pub_vdl.582,East Ayrshire,DISMANTLED RAILWAY,6089,BURN ROAD DARVEL,S01007942,Developable - Undetermined,256173,637673,Ownership unknown,Ownership unknown,Unknown,Transport,0.78,Derelict,S12000008,8491ddb8-33f5-44a8-a6ba-be64cac85ae0,2025-11-30,2223
pub_vdl.583,East Ayrshire,FRMR CAR MAINTENANCE GARAGE,6092,GALSTON ROAD HURLFORD KILMARNOCK,S01007961,Developable - Undetermined,246117,636850,Ownership unknown,Ownership unknown,2010,Transport,0.23,Vacant Land,S12000008,8491ddb8-33f5-44a8-a6ba-be64cac85ae0,2025-11-30,2224
pub_vdl.584,East Ayrshire,ADJACENT TO SMITHY COTTAGE,6093,A735 LUGTON,S01007930,Developable - Undetermined,241275,652989,Ownership unknown,Ownership unknown,Unknown,Unknown,0.21,Vacant Land,S12000008,8491ddb8-33f5-44a8-a6ba-be64cac85ae0,2025-11-30,2225
pub_vdl.588,East Ayrshire,FORMER KILMARNOCK INFIRMARY,6099,HILL STREET KILMARNOCK,S01008011,Developable - Undetermined,242785,638293,Unknown Private,Not applicable (i.e. only one owner),Unknown,Community & Health,0.42,Derelict,S12000008,8491ddb8-33f5-44a8-a6ba-be64cac85ae0,2025-11-30,2231
pub_vdl.589,East Ayrshire,FORMER CAFÉ,6101,WHITELAYSYKE BRIDGE NEW CUMNOCK,S01007898,Developable - Undetermined,261507,614554,Ownership unknown,Ownership unknown,Unknown,Retailing,0.53,Vacant Land,S12000008,8491ddb8-33f5-44a8-a6ba-be64cac85ae0,2025-11-30,2229
pub_vdl.590,East Ayrshire,FORMER KNOCHSHINNOCK COAL DISPOSAL POINT,6102,KNOCHSHINNOCH LEGGATE NEW CUMNOCK,S01007898,Developable - Undetermined,260614,612411,Private Coal Company,Not applicable (i.e. only one owner),Unknown,Mineral Activity,7.3,Derelict,S12000008,8491ddb8-33f5-44a8-a6ba-be64cac85ae0,2025-11-30,2232
pub_vdl.591,East Ayrshire,FORMER HOTEL,6103,66 MAIN STREET PATNA,S01007877,Developable - Medium Term,241378,610645,Ownership unknown,Ownership unknown,2013,"Residential - Hotels, Hostels etc",0.18,Vacant Land,S12000008,8491ddb8-33f5-44a8-a6ba-be64cac85ae0,2025-11-30,2230
pub_vdl.592,East Ayrshire,FORMER OPENCAST COAL SITE,6107,DARNCONNER CUMNOCK,S01007899,Uneconomic to Develop/Soft End Use,257685,623446,Private Coal Company,Not applicable (i.e. only one owner),2013,Mineral Activity,43.8,Derelict,S12000008,8491ddb8-33f5-44a8-a6ba-be64cac85ae0,2025-11-30,2233
pub_vdl.593,East Ayrshire,FORMER OPENCAST COAL SITE,6114,CHALMERSTON NORTH DALMELLINGTON,S01007881,Uneconomic to Develop/Soft End Use,249508,612126,Private Coal Company,Not applicable (i.e. only one owner),2013,Mineral Activity,109.85,Derelict,S12000008,8491ddb8-33f5-44a8-a6ba-be64cac85ae0,2025-11-30,2234
pub_vdl.595,East Ayrshire,FORMER OPENCAST COAL SITE,6116,BENBAIN REMAINDER DALMELLINGTON,S01007870,Uneconomic to Develop/Soft End Use,250495,607902,Private Coal Company,Not applicable (i.e. only one owner),2013,Mineral Activity,193.62,Derelict,S12000008,8491ddb8-33f5-44a8-a6ba-be64cac85ae0,2025-11-30,2236
pub_vdl.604,East Ayrshire,FORMER BURLINGTON BERTIE'S,6135,BRAEFOOT KILMARNOCK,S01007979,Uneconomic to Develop/Soft End Use,242966,637869,Ownership unknown,Ownership unknown,Unknown,Recreation & Leisure,0.12,Vacant Land,S12000008,8491ddb8-33f5-44a8-a6ba-be64cac85ae0,2025-11-30,2245
pub_vdl.596,East Ayrshire,FORMER OPENCAST COAL SITE,6117,BENBAIN REMAINDER NORTH DALMELLINGTON,S01007870,Uneconomic to Develop/Soft End Use,249794,609843,Private Coal Company,Not applicable (i.e. only one owner),2013,Mineral Activity,138.29,Derelict,S12000008,8491ddb8-33f5-44a8-a6ba-be64cac85ae0,2025-11-30,2237
pub_vdl.597,East Ayrshire,FORMER OPENCAST COAL SITE,6118,CHALMERSTON BACKFILL DALMELLINGTON,S01007870,Uneconomic to Develop/Soft End Use,248296,609117,Private Coal Company,Not applicable (i.e. only one owner),2013,Mineral Activity,23.14,Derelict,S12000008,8491ddb8-33f5-44a8-a6ba-be64cac85ae0,2025-11-30,2238
pub_vdl.598,East Ayrshire,FORMER OPENCAST COAL SITE,6119,CHALMERSTON OVERBURDEN DALMELLINGTON,S01007870,Uneconomic to Develop/Soft End Use,247883,608761,Private Coal Company,Not applicable (i.e. only one owner),2013,Mineral Activity,7.61,Derelict,S12000008,8491ddb8-33f5-44a8-a6ba-be64cac85ae0,2025-11-30,2239
pub_vdl.599,East Ayrshire,,6128,BROWN STREET A NEWMILNS,S01007946,Developable - Medium Term,253094,637023,Ownership unknown,Ownership unknown,2015,Transport,0.16,Vacant Land,S12000008,8491ddb8-33f5-44a8-a6ba-be64cac85ae0,2025-11-30,2240
pub_vdl.600,East Ayrshire,,6129,BROWN STREET B NEWMILNS,S01007946,Developable - Medium Term,253266,637157,Ownership unknown,Ownership unknown,2015,Business Class,0.51,Vacant Land,S12000008,8491ddb8-33f5-44a8-a6ba-be64cac85ae0,2025-11-30,2241
pub_vdl.601,East Ayrshire,FORMER ST JOHN'S PRIMARY SCHOOL,6132,BARSHARE RD CUMNOCK,S01007914,Developable - Medium Term,257867,619735,Local Authority,Not applicable (i.e. only one owner),2015,Education,0.8,Vacant Land,S12000008,8491ddb8-33f5-44a8-a6ba-be64cac85ae0,2025-11-30,2242
pub_vdl.602,East Ayrshire,FORMER J.H. YATES & SONS DEPOT,6133,CRAIGENS RD CUMNOCK,S01007911,Developable - Short Term,257776,618596,Ownership unknown,Ownership unknown,2010,Wholesale Distribution,1.9,Vacant Land,S12000008,8491ddb8-33f5-44a8-a6ba-be64cac85ae0,2025-11-30,2243
pub_vdl.1588,Highland,GAP SITE AND SHED,205 MUR2,BIGGINS MURKLE,S01010793,Developable - Undetermined,316597,968294,Ownership unknown,Not applicable (i.e. only one owner),1981-1985,Agriculture,0.19,Derelict,S12000017,a10ac28a-dc05-4d2b-afcb-10e5a2fdd1e5,2025-11-30,738
pub_vdl.608,East Ayrshire,FORMER ST BARBARA'S CHURCH,6140,TOWNHEAD DALMELLINGTON,S01007873,Developable - Undetermined,248136,605813,Ownership unknown,Ownership unknown,2001-2004,Other,0.11,Vacant Land,S12000008,8491ddb8-33f5-44a8-a6ba-be64cac85ae0,2025-11-30,2249
pub_vdl.609,East Ayrshire,FORMER MINER'S ROWS,6144,HIGH HOUSE / MAIN STREET AUCHINLECK,S01007923,Developable - Medium Term,255104,621772,Ownership unknown,Ownership unknown,Unknown,Residential - Housing,0.36,Vacant Land and Buildings,S12000008,8491ddb8-33f5-44a8-a6ba-be64cac85ae0,2025-11-30,2250
pub_vdl.610,East Ayrshire,FORMER FIREPLACE FACTORY,6152,KILMARNOCK ROAD KILMAURS,S01008030,Developable - Short Term,241222,640948,Other Private,Not applicable (i.e. only one owner),2017,Manufacturing,0.31,Vacant Land,S12000008,8491ddb8-33f5-44a8-a6ba-be64cac85ae0,2025-11-30,2251
pub_vdl.611,East Ayrshire,FORMER RESIDENTIAL DEVELOPMENT,6153,STONER CRESCENT AUCHINLECK,S01007924,Developable - Undetermined,255188,622498,Local Authority,Not applicable (i.e. only one owner),Unknown,Residential - Housing,1.56,Vacant Land,S12000008,8491ddb8-33f5-44a8-a6ba-be64cac85ae0,2025-11-30,2252
pub_vdl.612,East Ayrshire,FORMER RESIDENTIAL DEVELOPMENT,6154,RANOLDCOUP ROAD DARVEL,S01007943,Developable - Medium Term,256415,637348,Local Authority,Not applicable (i.e. only one owner),Unknown,Residential - Housing,0.19,Vacant Land,S12000008,8491ddb8-33f5-44a8-a6ba-be64cac85ae0,2025-11-30,2253
pub_vdl.613,East Ayrshire,FORMER RESIDENTIAL DEVELOPMENT,6155,HENDERSON DRIVE SMALLBURN MUIRKIRK,S01007902,Developable - Undetermined,268811,626940,Local Authority,Not applicable (i.e. only one owner),Unknown,Residential - Housing,1.07,Vacant Land,S12000008,8491ddb8-33f5-44a8-a6ba-be64cac85ae0,2025-11-30,2254
pub_vdl.749,City of Edinburgh,WEST HARBOUR ROAD2,EC84,GRANTON EDINBURGH,S01008920,Developable - Medium Term,323143,677311,Unknown Private,Not applicable (i.e. only one owner),2015,Transport,1.03,Vacant Land,S12000036,f2bdcd42-8a34-49f4-aaa3-3d580553ac53,2025-11-30,1920
pub_vdl.614,East Ayrshire,FORMER CRAIGMARK MINE,6157,BURNTON,S01007870,Uneconomic to Develop/Soft End Use,247615,607089,Ownership unknown,Ownership unknown,Unknown,Mineral Activity,6.35,Derelict,S12000008,8491ddb8-33f5-44a8-a6ba-be64cac85ae0,2025-11-30,2255
pub_vdl.615,East Ayrshire,FORMER RESIDENTIAL DEVELOPMENT,6159,MAXHOLM ROAD RICCARTON KILMARNOCK,S01007974,Developable - Short Term,242373,636211,Ownership unknown,Ownership unknown,Unknown,Residential - Housing,4.25,Vacant Land,S12000008,8491ddb8-33f5-44a8-a6ba-be64cac85ae0,2025-11-30,2256
pub_vdl.616,East Ayrshire,FORMER PUB SITE,6160,LITTLEMILL ROAD DRONGAN,S01007891,Developable - Short Term,244624,618565,Other Private,Not applicable (i.e. only one owner),2020,Recreation & Leisure,0.17,Vacant Land,S12000008,8491ddb8-33f5-44a8-a6ba-be64cac85ae0,2025-11-30,2258
pub_vdl.617,East Ayrshire,FORMER HOUSES,6161,BACK ROGERTON AUCHINLECK,S01007922,Developable - Undetermined,255375,622198,Local Authority,Not applicable (i.e. only one owner),2020,Residential - Housing,0.24,Vacant Land,S12000008,8491ddb8-33f5-44a8-a6ba-be64cac85ae0,2025-11-30,2259
pub_vdl.618,East Ayrshire,FORMER OLD MILL INN,6162,MILL STREET CATRINE,S01007886,Developable - Medium Term,252684,625965,Unknown Private,Not applicable (i.e. only one owner),2021,Recreation & Leisure,0.14,Vacant Land,S12000008,8491ddb8-33f5-44a8-a6ba-be64cac85ae0,2025-11-30,2260
pub_vdl.619,East Ayrshire,FORMER HOUSES,6163,62 MAIN ROAD CROOKEDHOLM,S01007959,Developable - Medium Term,245004,637338,Other Private,Not applicable (i.e. only one owner),2021,Residential - Housing,0.21,Vacant Land,S12000008,8491ddb8-33f5-44a8-a6ba-be64cac85ae0,2025-11-30,2261
pub_vdl.620,East Ayrshire,FORMER MILL,6164,GREEN STREET DARVEL,S01007941,Developable - Medium Term,256455,637671,Unknown Private,Not applicable (i.e. only one owner),2010,Manufacturing,0.73,Vacant Land and Buildings,S12000008,8491ddb8-33f5-44a8-a6ba-be64cac85ae0,2025-11-30,2263
pub_vdl.622,East Ayrshire,FORMER FLATS,6166,MUIR DRIVE DARVEL,S01007944,Uneconomic to Develop/Soft End Use,255408,637291,Local Authority,Not applicable (i.e. only one owner),2020,Residential - Housing,0.28,Vacant Land,S12000008,8491ddb8-33f5-44a8-a6ba-be64cac85ae0,2025-11-30,2264
pub_vdl.623,East Ayrshire,LAND AT STATION ROAD,6168,STATION ROAD GALSTON,S01007950,Developable - Undetermined,250219,636422,Unknown Private,Not applicable (i.e. only one owner),2021,Residential - Housing,0.16,Vacant Land,S12000008,8491ddb8-33f5-44a8-a6ba-be64cac85ae0,2025-11-30,2266
pub_vdl.624,East Ayrshire,GAP SITE,6169,HIGH GLENCAIRN STREET KILMARNOCK,S01007975,Developable - Medium Term,242746,637089,Unknown Private,Not applicable (i.e. only one owner),2001-2004,Retailing,0.34,Vacant Land,S12000008,8491ddb8-33f5-44a8-a6ba-be64cac85ae0,2025-11-30,2267
pub_vdl.625,East Ayrshire,NORTH OF THE A70,6170,NORTH OF A70 LUGAR,S01007901,Developable - Undetermined,259628,621608,Unknown Private,Not applicable (i.e. only one owner),2001-2004,Other General Industry,0.36,Vacant Land,S12000008,8491ddb8-33f5-44a8-a6ba-be64cac85ae0,2025-11-30,2272
pub_vdl.626,East Ayrshire,LAND AT FORMER COUNCIL DEPOT,6172,PEASWEEP BRAE LUGAR,S01007901,Developable - Medium Term,259041,621497,Ownership unknown,Not applicable (i.e. only one owner),2020,Other General Industry,2.56,Vacant Land,S12000008,8491ddb8-33f5-44a8-a6ba-be64cac85ae0,2025-11-30,2271
pub_vdl.627,East Ayrshire,GAP SITE,6173,CARRUTHERS AVENUE MUIRKIRK,S01007903,Developable - Medium Term,269935,627619,Unknown Private,Not applicable (i.e. only one owner),2020,Other General Industry,0.55,Derelict,S12000008,8491ddb8-33f5-44a8-a6ba-be64cac85ae0,2025-11-30,2274
pub_vdl.628,East Ayrshire,FORMER DEPOT,6174,FURNACE ROAD MUIRKIRK,S01007903,Developable - Medium Term,269618,627097,Unknown Private,Not applicable (i.e. only one owner),2021,Wholesale Distribution,0.59,Vacant Land,S12000008,8491ddb8-33f5-44a8-a6ba-be64cac85ae0,2025-11-30,2273
pub_vdl.656,East Dunbartonshire,CANAL SIDE SITE,8.BR1,MAIN STREET TWECHAR,S01008144,Developable - Short Term,268569,673047,Local Authority,Not applicable (i.e. only one owner),2015,Recreation & Leisure,1.48,Derelict,S12000045,79ae29b1-b701-495a-92e4-6204f49262ee,2024-09-04,120
pub_vdl.629,East Ayrshire,FORMER HOUSING,6175,DALHANNA DRIVE NEW CUMNOCK,S01007907,Developable - Short Term,262014,613158,Local Authority,Not applicable (i.e. only one owner),2010,Residential - Housing,0.52,Vacant Land,S12000008,8491ddb8-33f5-44a8-a6ba-be64cac85ae0,2025-11-30,2276
pub_vdl.630,East Ayrshire,FORMER CROWN HOTEL,6176,A76 NEW CUMNOCK,S01007908,Developable - Short Term,261718,613471,Housing Association,Not applicable (i.e. only one owner),2010,"Residential - Hotels, Hostels etc",0.28,Vacant Land,S12000008,8491ddb8-33f5-44a8-a6ba-be64cac85ae0,2025-11-30,2275
pub_vdl.631,East Ayrshire,FORMER MILL SITE,6177,AYR ROAD PATNA,S01007877,Developable - Medium Term,241604,610761,Other Private,Not applicable (i.e. only one owner),2001-2004,Manufacturing,1.19,Vacant Land,S12000008,8491ddb8-33f5-44a8-a6ba-be64cac85ae0,2025-11-30,2277
pub_vdl.632,East Ayrshire,FORMER COUNCIL OFFICES,6178,GREENHOLM ST KILMARNOCK,S01007975,Developable - Undetermined,242665,636643,Local Authority,Not applicable (i.e. only one owner),2019,Offices,0.13,Vacant Land,S12000008,8491ddb8-33f5-44a8-a6ba-be64cac85ae0,2025-11-30,2278
pub_vdl.633,East Ayrshire,FORMER FREIGHT RAIL TERMINAL,6180,LITTLE BELLSLAND RD KILMARNOCK,S01007975,Developable - Medium Term,242985,636556,Unknown Private,Not applicable (i.e. only one owner),2019,Transport,1.37,Derelict,S12000008,8491ddb8-33f5-44a8-a6ba-be64cac85ae0,2025-11-30,2279
pub_vdl.634,East Ayrshire,FORMER KIRKLANDSIDE HOSPITAL,6181,A76 KILMARNOCK,S01007961,Developable - Medium Term,244217,636267,Health Boards,Not applicable (i.e. only one owner),2020,Community & Health,2.81,Derelict,S12000008,8491ddb8-33f5-44a8-a6ba-be64cac85ae0,2025-11-30,2280
pub_vdl.642,East Dunbartonshire,CROFTHEAD QUARRY,3.BR3,KIRKINTILLOCH ROAD BISHOPBRIGGS,S01008086,Uneconomic to Develop/Soft End Use,261910,672262,Other Private,Not applicable (i.e. only one owner),1986-1990,Mineral Activity,9.43,Vacant Land,S12000045,79ae29b1-b701-495a-92e4-6204f49262ee,2024-09-04,110
pub_vdl.635,East Ayrshire,ABANDONED NEW BUILD CONSTRUCTION AT WOOLMILL PLACE,6182,WOOLMILL PLACE SORN,S01007904,Developable - Medium Term,255913,626342,Other Private,Not applicable (i.e. only one owner),2008,Residential - Housing,0.66,Derelict,S12000008,8491ddb8-33f5-44a8-a6ba-be64cac85ae0,2025-11-30,2281
pub_vdl.636,East Ayrshire,ABANDONED NEW BUILD CONSTRUCTION AT LAMLASH GARDEN,6183,LAMLASH GARDENS KILMARNOCK,S01007997,Developable - Medium Term,243153,639659,Other Private,Not applicable (i.e. only one owner),2009,Residential - Housing,0.11,Derelict,S12000008,8491ddb8-33f5-44a8-a6ba-be64cac85ae0,2025-11-30,2282
pub_vdl.637,East Ayrshire,N,67,HIGH ST. NEWMILNS,S01007945,Developable - Medium Term,253633,637514,Local Authority,Not applicable (i.e. only one owner),1981-1985,Unknown,0.55,Vacant Land,S12000008,8491ddb8-33f5-44a8-a6ba-be64cac85ae0,2025-11-30,2166
pub_vdl.638,East Ayrshire,N,81,GALSTON ROAD HURLFORD KILMARNOCK,S01007961,Developable - Medium Term,245826,636840,Ownership unknown,Ownership unknown,1981-1985,Unknown,0.73,Vacant Land,S12000008,8491ddb8-33f5-44a8-a6ba-be64cac85ae0,2025-11-30,2167
pub_vdl.639,East Dunbartonshire,GARSCADDEN DEPOT,2.BR1,LANGFAULDS BEARSDEN,S01008033,Developable - Medium Term,251839,672833,Other Private,Not applicable (i.e. only one owner),2017,Community & Health,2.25,Derelict,S12000045,79ae29b1-b701-495a-92e4-6204f49262ee,2024-09-04,112
pub_vdl.640,East Dunbartonshire,CROWHILL ROAD,3.BE2,BISHOPBRIGGS INDUSTRIAL ESTATE BISHOPBRIGGS,S01008102,Developable - Short Term,260961,669485,Other Private,Not applicable (i.e. only one owner),2020,Other General Industry,0.35,Vacant Land,S12000045,79ae29b1-b701-495a-92e4-6204f49262ee,2024-09-04,111
pub_vdl.641,East Dunbartonshire,BARRAGE BALLOON SITE,3.BR1,CROSSHILL ROAD BISHOPBRIGGS,S01008118,Uneconomic to Develop/Soft End Use,262984,672388,Other Private,Not applicable (i.e. only one owner),1986-1990,Recreation & Leisure,2.73,Derelict,S12000045,79ae29b1-b701-495a-92e4-6204f49262ee,2024-09-04,106
pub_vdl.643,East Dunbartonshire,FORMER SAND QUARRY,3.BR5,MEADOWBURN BISHOPBRIGGS,S01008089,Developable - Undetermined,261285,671861,Other Private,Not applicable (i.e. only one owner),1986-1990,Mineral Activity,2.53,Vacant Land,S12000045,79ae29b1-b701-495a-92e4-6204f49262ee,2024-09-04,109
pub_vdl.646,East Dunbartonshire,KIRKINTILLOCH REGENERATION AREA,4.BR4,LOCH ROAD KIRKINTILLOCH,S01008127,Developable - Undetermined,266028,672923,Other Private,Not applicable (i.e. only one owner),1986-1990,Manufacturing,7.5,Derelict,S12000045,79ae29b1-b701-495a-92e4-6204f49262ee,2024-09-04,122
pub_vdl.647,East Dunbartonshire,MILTON ROAD EAST,4.BR5,MILTON ROAD KIRKINTILLOCH,S01008135,Developable - Medium Term,265539,674425,Other Private,Not applicable (i.e. only one owner),2001-2004,Unknown,0.42,Vacant Land,S12000045,79ae29b1-b701-495a-92e4-6204f49262ee,2024-09-04,118
pub_vdl.648,East Dunbartonshire,MILTON ROAD WEST,4.BR6,MILTON ROAD KIRKINTILLOCH,S01008135,Developable - Short Term,265453,674448,Other Private,Not applicable (i.e. only one owner),2016,Transport,0.45,Vacant Land,S12000045,79ae29b1-b701-495a-92e4-6204f49262ee,2024-09-04,117
pub_vdl.649,East Dunbartonshire,WORKS AREA,4.BR7,SOUTHBANK ROAD KIRKINTILLOCH,S01008131,Developable - Medium Term,264955,673125,Other Private,Not applicable (i.e. only one owner),1986-1990,Community & Health,2.54,Derelict,S12000045,79ae29b1-b701-495a-92e4-6204f49262ee,2024-09-04,121
pub_vdl.650,East Dunbartonshire,WATERSIDE BING,4.BR9,EAST OF PIT ROAD DEPOT WATERSIDE,S01008144,Uneconomic to Develop/Soft End Use,268569,673047,Other Private,Not applicable (i.e. only one owner),2019,Other General Industry,9.29,Derelict,S12000045,79ae29b1-b701-495a-92e4-6204f49262ee,2024-09-04,104
pub_vdl.651,East Dunbartonshire,LENNOX CASTLE,5.BR1,LENNOX CASTLE LENNOXTOWN,S01008162,Developable - Medium Term,260590,678308,Other Private,Not applicable (i.e. only one owner),1996-2000,Community & Health,0.45,Derelict,S12000045,79ae29b1-b701-495a-92e4-6204f49262ee,2024-09-04,116
pub_vdl.652,East Dunbartonshire,WELL LANE,5.BR3,REAR OF PROPERTIES ON MAIN STREET LENNOXTOWN,S01008159,Uneconomic to Develop/Soft End Use,262852,677635,Other Private,Not applicable (i.e. only one owner),1991-1995,Other,0.77,Derelict,S12000045,79ae29b1-b701-495a-92e4-6204f49262ee,2024-09-04,123
pub_vdl.653,East Dunbartonshire,FORMER JAMES WATT BUILDING,6.BR1,CLOBERFIELD INDUSTRIAL ESTATE MILNGAVIE,S01008040,Developable - Medium Term,254919,675397,Other Private,Not applicable (i.e. only one owner),2001-2004,Unknown,0.18,Derelict,S12000045,79ae29b1-b701-495a-92e4-6204f49262ee,2024-09-04,113
pub_vdl.654,East Dunbartonshire,DRUMCLOG AVENUE,6.BR2,DRUMCLOG AVENUE MILNGAVIE,S01008043,Developable - Short Term,255442,675633,Unknown Private,Not applicable (i.e. only one owner),2012,Unknown,0.43,Vacant Land,S12000045,79ae29b1-b701-495a-92e4-6204f49262ee,2024-09-04,115
pub_vdl.657,East Dunbartonshire,ST FLANNANS,8520025,HILLHEAD KIRKINTILLOCH,S01008146,Uneconomic to Develop/Soft End Use,268860,674884,Local Authority,Not applicable (i.e. only one owner),1986-1990,Mineral Activity,5.7,Derelict,S12000045,79ae29b1-b701-495a-92e4-6204f49262ee,2024-09-04,105
pub_vdl.658,East Dunbartonshire,SOUTHFIELD,8520026,SOUTH BRAE LENNOXTOWN,S01008161,Developable - Short Term,262563,677462,Other Private,Not applicable (i.e. only one owner),2021,Residential - Housing,0.3,Derelict,S12000045,,,
pub_vdl.659,East Dunbartonshire,FORMER DRYFIELD SEWAGE WORKS,NE84,KIRKINTILLOCH ROAD KIRKINTILLOCH,S01008118,Developable - Undetermined,263676,673715,Other Private,Not applicable (i.e. only one owner),Unknown,Utility Services,10.4,Derelict,S12000045,,,
pub_vdl.660,East Lothian,GASWORKS SITE,ELC10,BALCARRES ROAD MUSSELBURGH EAST LOTHIAN,S01008187,Uneconomic to Develop/Soft End Use,334796,673323,Private Gas,Not applicable (i.e. only one owner),1986-1990,Manufacturing,0.88,Derelict,S12000010,bd13f073-c359-4686-aa7c-5e4ae12f7c64,2024-09-04,146
pub_vdl.661,East Lothian,TRANENT INFANT SCHOOL,ELC102,SANDERSON'S WYND TRANENT EAST LOTHIAN,S01008219,Developable - Medium Term,340565,672989,Local Authority,Not applicable (i.e. only one owner),2008,Education,0.56,Vacant Land and Buildings,S12000010,bd13f073-c359-4686-aa7c-5e4ae12f7c64,2024-09-04,151
pub_vdl.662,East Lothian,FORMER COCKENZIE POWER STATION COAL STORE,ELC104,LAND WEST OF B6371 COCKENZIE EAST LOTHIAN,S01008218,Developable - Undetermined,340095,674912,Scottish Power,Not applicable (i.e. only one owner),2007,Utility Services,19.35,Derelict,S12000010,bd13f073-c359-4686-aa7c-5e4ae12f7c64,2024-09-04,124
pub_vdl.671,East Lothian,PINKIEHILL FARM,ELC118,CARBERRY ROAD INVERESK EAST LOTHIAN,S01008176,Developable - Short Term,334968,671715,Other Private,Not applicable (i.e. only one owner),Unknown,Agriculture,0.37,Derelict,S12000010,bd13f073-c359-4686-aa7c-5e4ae12f7c64,2024-09-04,148
pub_vdl.672,East Lothian,PAPPLE STEADING,ELC119,PAPPLE STEADINGF MORHAM GIFFORD EAST LOTHIAN,S01008280,Developable - Short Term,359085,672494,Other Private,Not applicable (i.e. only one owner),2006,Agriculture,1.24,Derelict,S12000010,bd13f073-c359-4686-aa7c-5e4ae12f7c64,2024-09-04,141
pub_vdl.673,East Lothian,31-33,ELC12,SALTERS ROAD WALLYFORD EAST LOTHIAN,S01008168,Developable - Medium Term,336842,672209,Unknown Private,Not applicable (i.e. only one owner),1996-2000,Retailing,0.1,Vacant Land and Buildings,S12000010,bd13f073-c359-4686-aa7c-5e4ae12f7c64,2024-09-04,155
pub_vdl.674,East Lothian,PHANTASSIE STEADING,ELC120,DUNBAR ROAD EAST LINTON EAST LOTHIAN,S01008280,Developable - Short Term,359600,677188,Other Private,Not applicable (i.e. only one owner),2009,Agriculture,2.27,Derelict,S12000010,bd13f073-c359-4686-aa7c-5e4ae12f7c64,2024-09-04,129
pub_vdl.675,East Lothian,FORMER HADDINGTON NURSERY SCHOOL,ELC121,MEADOWPARK HADDINGTON EAST LOTHIAN,S01008258,Developable - Short Term,351097,673646,Local Authority,Not applicable (i.e. only one owner),2014,Education,0.31,Derelict,S12000010,bd13f073-c359-4686-aa7c-5e4ae12f7c64,2024-09-04,126
pub_vdl.676,East Lothian,FORMER HERDMANFLAT HOSPITAL,ELC122A,ABERLADY ROAD HADDINGTON EAST LOTHIAN,S01008253,Developable - Short Term,351013,674361,Local Authority,Not applicable (i.e. only one owner),2022,Community & Health,6.05,Derelict,S12000010,,,
pub_vdl.677,East Lothian,FORMER COUNCIL DEPOT,ELC123,LIME GROVE NORTH BERWICK EAST LOTHIAN,S01008275,Developable - Medium Term,356733,685050,Local Authority,Not applicable (i.e. only one owner),2018,Storage,1.09,Derelict,S12000010,,,
pub_vdl.678,East Lothian,MEADOWMILL NURSERY,ELC25,MEADOWMILL PRESTONPANS EAST LOTHIAN,S01008218,Uneconomic to Develop/Soft End Use,340469,674190,Other Private,Not applicable (i.e. only one owner),1996-2000,Retailing,0.38,Derelict,S12000010,bd13f073-c359-4686-aa7c-5e4ae12f7c64,2024-09-04,140
pub_vdl.703,East Renfrewshire,YARD,8511634,FIELD ROAD BUSBY,S01008368,Developable - Undetermined,257663,655932,Other Private,Not applicable (i.e. only one owner),2001-2004,Storage,0.37,Derelict,S12000011,b7f2efa9-2ab8-456e-bcdf-4bdb6b6e0fb3,2025-12-10,2366
pub_vdl.679,East Lothian,MACMERRY AIRFIELD,ELC27,PENSTON TRANENT EAST LOTHIAN,S01008239,Uneconomic to Develop/Soft End Use,344534,672452,Ownership unknown,Not applicable (i.e. only one owner),Unknown,Defence,0.59,Derelict,S12000010,bd13f073-c359-4686-aa7c-5e4ae12f7c64,2024-09-04,134
pub_vdl.680,East Lothian,TYNEMOUNT BING,ELC33,TYNEMOUNT ORMISTON EAST LOTHIAN,S01008237,Uneconomic to Develop/Soft End Use,339994,668606,Local Authority,Not applicable (i.e. only one owner),1980 or earlier,Mineral Activity,6.86,Derelict,S12000010,bd13f073-c359-4686-aa7c-5e4ae12f7c64,2024-09-04,139
pub_vdl.681,East Lothian,PEASTON FARM COTTAGES & SMITHY,ELC35,WEST PEASTON ORMISTON EAST LOTHIAN,S01008237,Developable - Undetermined,342800,665250,Unknown Private,Not applicable (i.e. only one owner),Unknown,Agriculture,0.21,Derelict,S12000010,,,
pub_vdl.682,East Lothian,HARELAW LIMEKILN,ELC37,MID ROAD LONGNIDDRY EAST LOTHIAN,S01008242,Uneconomic to Develop/Soft End Use,344958,676356,Ownership unknown,Not applicable (i.e. only one owner),1980 or earlier,Manufacturing,0.3,Derelict,S12000010,bd13f073-c359-4686-aa7c-5e4ae12f7c64,2024-09-04,149
pub_vdl.683,East Lothian,OLD SCHOOLHOUSE & OUTBUILDINGS,ELC44,ABBEYMILL FARM HADDINGTON EAST LOTHIAN,S01008250,Developable - Undetermined,353328,674680,Other Private,Not applicable (i.e. only one owner),Unknown,Education,0.12,Derelict,S12000010,bd13f073-c359-4686-aa7c-5e4ae12f7c64,2024-09-04,145
pub_vdl.684,East Lothian,AMISFIELD STABLES,ELC47,AMISFIELD PARK HADDINGTON EAST LOTHIAN,S01008250,Uneconomic to Develop/Soft End Use,352927,674227,Other Private,Not applicable (i.e. only one owner),Unknown,Recreation & Leisure,0.17,Derelict,S12000010,bd13f073-c359-4686-aa7c-5e4ae12f7c64,2024-09-04,128
pub_vdl.685,East Lothian,INDUSTRIAL SITE,ELC55,WHITTINGEHAME DRIVE HADDINGTON EAST LOTHIAN,S01008260,Developable - Undetermined,351986,673998,Ownership unknown,Not applicable (i.e. only one owner),1981-1985,Other General Industry,0.25,Derelict,S12000010,bd13f073-c359-4686-aa7c-5e4ae12f7c64,2024-09-04,127
pub_vdl.704,East Renfrewshire,WALTON,8511637,WALTON STREET BARRHEAD,S01008309,Developable - Medium Term,250163,659195,Other Private,Not applicable (i.e. only one owner),2001-2004,Transport,0.52,Derelict,S12000011,b7f2efa9-2ab8-456e-bcdf-4bdb6b6e0fb3,2025-12-10,2374
pub_vdl.874,Fife,FORMER GRANARY,CUP100,PRESTONHALL IE CUPAR,S01009692,Unknown (uncertain/insufficient information),338993,714933,Ownership unknown,Ownership unknown,2014,Agriculture,0.29,Derelict,S12000047,e998e5f9-b4af-42cd-8816-217d383535a5,2025-11-30,2561
pub_vdl.686,East Lothian,GIN HEAD RADAR STATION,ELC61,TANTALLON NORTH BERWICK EAST LOTHIAN,S01008277,Uneconomic to Develop/Soft End Use,359316,685232,Defence,Not applicable (i.e. only one owner),1980 or earlier,Defence,1.34,Derelict,S12000010,bd13f073-c359-4686-aa7c-5e4ae12f7c64,2024-09-04,125
pub_vdl.687,East Lothian,SITE AT,ELC62,EAST FORTUNE HOSPITAL EAST FORTUNE EAST LOTHIAN,S01008262,Developable - Medium Term,355262,679352,Other Private,Not applicable (i.e. only one owner),1996-2000,Community & Health,13.87,Derelict,S12000010,bd13f073-c359-4686-aa7c-5e4ae12f7c64,2024-09-04,132
pub_vdl.688,East Lothian,WEST SITE,ELC79,EAST BARNS DUNBAR AREA EAST LOTHIAN,S01008283,Uneconomic to Develop/Soft End Use,371501,676376,Other Private,Not applicable (i.e. only one owner),1986-1990,Agriculture,0.64,Derelict,S12000010,bd13f073-c359-4686-aa7c-5e4ae12f7c64,2024-09-04,147
pub_vdl.689,East Lothian,EAST SITE,ELC80,EAST BARNS DUNBAR AREA EAST LOTHIAN,S01008283,Uneconomic to Develop/Soft End Use,371693,676254,Other Private,Not applicable (i.e. only one owner),1986-1990,Agriculture,1.72,Derelict,S12000010,bd13f073-c359-4686-aa7c-5e4ae12f7c64,2024-09-04,150
pub_vdl.690,East Lothian,TEMPLEDEAN HALL NURSING HOME,ELC87,TEMPLEDEAN PARK HADDINGTON EAST LOTHIAN,S01008254,Developable - Medium Term,351382,674435,Other Private,Not applicable (i.e. only one owner),2001-2004,Community & Health,0.43,Vacant Land and Buildings,S12000010,bd13f073-c359-4686-aa7c-5e4ae12f7c64,2024-09-04,153
pub_vdl.691,East Lothian,SITE AT BERMALINE MILLS,IELC48,WHITTINGHAME DRIVE HADDINGTON EAST LOTHIAN,S01008260,Developable - Undetermined,351847,674148,Other Private,Not applicable (i.e. only one owner),Unknown,Other General Industry,2.86,Derelict,S12000010,bd13f073-c359-4686-aa7c-5e4ae12f7c64,2024-09-04,143
pub_vdl.692,East Renfrewshire,BROOMPARK,8430035,BROOMPARK DRIVE NEWTON MEARNS,S01008345,Developable - Short Term,254947,656373,Other Private,Not applicable (i.e. only one owner),1981-1985,Passive Open Space,2.18,Vacant Land,S12000011,,,
pub_vdl.693,East Renfrewshire,ROBSLEE EAST,8430068,ROBSLEE DRIVE GIFFNOCK,S01008409,Developable - Undetermined,255715,659641,Other Private,Not applicable (i.e. only one owner),1981-1985,Other General Industry,1.34,Derelict,S12000011,b7f2efa9-2ab8-456e-bcdf-4bdb6b6e0fb3,2025-12-10,2370
pub_vdl.694,East Renfrewshire,SEWERAGE WORKS,8430080,ROBSLEE DRIVE GIFFNOCK,S01008409,Developable - Undetermined,255506,659657,Other Private,Not applicable (i.e. only one owner),1986-1990,Community & Health,1.47,Derelict,S12000011,b7f2efa9-2ab8-456e-bcdf-4bdb6b6e0fb3,2025-12-10,2369
pub_vdl.695,East Renfrewshire,BURNFIELD ROAD W,8430099,BURNFIELD ROAD GIFFNOCK,S01008409,Developable - Medium Term,255630,659801,Other Private,Not applicable (i.e. only one owner),1991-1995,Other General Industry,0.42,Vacant Land,S12000011,b7f2efa9-2ab8-456e-bcdf-4bdb6b6e0fb3,2025-12-10,2368
pub_vdl.696,East Renfrewshire,FMR SEWERAGE WKS,8510453,GLASGOW ROAD BARRHEAD,S01008317,Uneconomic to Develop/Soft End Use,251175,660061,Local Authority,Not applicable (i.e. only one owner),1986-1990,Community & Health,0.79,Derelict,S12000011,b7f2efa9-2ab8-456e-bcdf-4bdb6b6e0fb3,2025-12-10,2394
pub_vdl.705,East Renfrewshire,CHAPPELL,8511638,CHAPPELL STREET BARRHEAD,S01008298,Developable - Undetermined,249521,658879,Other Private,Not applicable (i.e. only one owner),2001-2004,Other General Industry,0.49,Derelict,S12000011,b7f2efa9-2ab8-456e-bcdf-4bdb6b6e0fb3,2025-12-10,2375
pub_vdl.759,City of Edinburgh,MARINE ESPLANADE,NE27,LEITH EDINBURGH,S01008768,Developable - Medium Term,328357,676271,Private Port Company,Network Rail/ Rail Franchise Holder,Unknown,Mineral Activity,7.85,Derelict,S12000036,f2bdcd42-8a34-49f4-aaa3-3d580553ac53,2025-11-30,1890
pub_vdl.697,East Renfrewshire,ARMITAGE SHANKS,8511594,SHANKS IND EST BARRHEAD,S01008307,Developable - Undetermined,250320,659980,Other Private,Not applicable (i.e. only one owner),1991-1995,Manufacturing,14.67,Derelict,S12000011,b7f2efa9-2ab8-456e-bcdf-4bdb6b6e0fb3,2025-12-10,2377
pub_vdl.698,East Renfrewshire,FORMER DEPOT,8511603,THE HURLET BARRHEAD,S01008317,Developable - Undetermined,251608,660829,Local Authority,Not applicable (i.e. only one owner),1991-1995,Transport,1.7,Derelict,S12000011,b7f2efa9-2ab8-456e-bcdf-4bdb6b6e0fb3,2025-12-10,2376
pub_vdl.699,East Renfrewshire,FORMER DEPOT,8511604,GLEN STREET BARRHEAD,S01008309,Developable - Medium Term,250101,659150,Other Private,Not applicable (i.e. only one owner),1996-2000,Transport,0.18,Vacant Land,S12000011,b7f2efa9-2ab8-456e-bcdf-4bdb6b6e0fb3,2025-12-10,2395
pub_vdl.700,East Renfrewshire,TRACEY'S YARD,8511613,CARLIBAR ROAD BARRHEAD,S01008313,Developable - Undetermined,250143,659556,Local Authority,Not applicable (i.e. only one owner),2001-2004,Transport,0.54,Derelict,S12000011,b7f2efa9-2ab8-456e-bcdf-4bdb6b6e0fb3,2025-12-10,2373
pub_vdl.701,East Renfrewshire,RUBBER PLANT,8511615,EVANTON PLACE THORNLIEBANK,S01008416,Developable - Medium Term,254519,659190,Other Private,Not applicable (i.e. only one owner),2001-2004,Manufacturing,1.73,Derelict,S12000011,b7f2efa9-2ab8-456e-bcdf-4bdb6b6e0fb3,2025-12-10,2390
pub_vdl.706,East Renfrewshire,FMR NURSERY,8511651,CHAPPELL STREET BARRHEAD,S01008298,Developable - Medium Term,249520,658977,Other Private,Not applicable (i.e. only one owner),2005,Other General Industry,0.61,Vacant Land,S12000011,b7f2efa9-2ab8-456e-bcdf-4bdb6b6e0fb3,2025-12-10,2372
pub_vdl.707,East Renfrewshire,FMR NESTLE DEPOT,8511652,GLASGOW ROAD BARRHEAD,S01008317,Developable - Medium Term,251210,659847,Other Private,Not applicable (i.e. only one owner),2005,Other General Industry,1.91,Vacant Land,S12000011,b7f2efa9-2ab8-456e-bcdf-4bdb6b6e0fb3,2025-12-10,2393
pub_vdl.708,East Renfrewshire,SHANKS WAY,8511653,SHANKS WAY BARRHEAD,S01008307,Developable - Undetermined,250098,659948,Other Private,Not applicable (i.e. only one owner),2005,Storage,0.9,Derelict,S12000011,b7f2efa9-2ab8-456e-bcdf-4bdb6b6e0fb3,2025-12-10,2378
pub_vdl.709,East Renfrewshire,FRM WORKS,8511691,SHANKS WAY BARRHEAD,S01008307,Developable - Undetermined,250170,659911,Local Authority,Not applicable (i.e. only one owner),2009,Storage,1.17,Derelict,S12000011,b7f2efa9-2ab8-456e-bcdf-4bdb6b6e0fb3,2025-12-10,2379
pub_vdl.710,East Renfrewshire,FRM DEPOT,8511692,SHANKS WAY BARRHEAD,S01008307,Developable - Undetermined,250099,659723,Other Private,Not applicable (i.e. only one owner),2009,Manufacturing,0.51,Derelict,S12000011,b7f2efa9-2ab8-456e-bcdf-4bdb6b6e0fb3,2025-12-10,2380
pub_vdl.711,East Renfrewshire,FRM WORKS,8511695,SHANKS WAY BARRHEAD,S01008307,Developable - Undetermined,250084,659828,Other Private,Not applicable (i.e. only one owner),2011,Manufacturing,0.75,Derelict,S12000011,b7f2efa9-2ab8-456e-bcdf-4bdb6b6e0fb3,2025-12-10,2371
pub_vdl.712,East Renfrewshire,FRM GDN STORAGE,8511696,55 BARRHEAD ROAD NEWTON MEARNS,S01008336,Developable - Short Term,253487,655716,Local Authority,Not applicable (i.e. only one owner),2012,Manufacturing,0.16,Derelict,S12000011,,,
pub_vdl.713,East Renfrewshire,YARD,8511699,16 ROBSLEE DRIVE GIFFNOCK,S01008409,Developable - Undetermined,255642,659615,Other Private,Not applicable (i.e. only one owner),2012,Manufacturing,0.15,Derelict,S12000011,b7f2efa9-2ab8-456e-bcdf-4bdb6b6e0fb3,2025-12-10,2381
pub_vdl.767,City of Edinburgh,EAST MAINS,RW15,INGLISTON ROAD INGLISTON EDINBURGH,S01008993,Developable - Medium Term,314753,672833,Ownership unknown,Not applicable (i.e. only one owner),2008,Agriculture,1.98,Derelict,S12000036,f2bdcd42-8a34-49f4-aaa3-3d580553ac53,2025-11-30,1911
pub_vdl.714,East Renfrewshire,FRM BDRS YARD,8511700,10 ROBSLEE DRIVE GIFFNOCK,S01008408,Developable - Undetermined,255607,659547,Other Private,Not applicable (i.e. only one owner),2012,Manufacturing,1.37,Derelict,S12000011,b7f2efa9-2ab8-456e-bcdf-4bdb6b6e0fb3,2025-12-10,2382
pub_vdl.715,East Renfrewshire,BOWERWALLS BUSINES,8511703,2/4 BOWERWALLS PLACE BARRHEAD,S01008317,Developable - Short Term,250980,659643,Local Authority,Not applicable (i.e. only one owner),2013,Residential - Housing,0.62,Vacant Land,S12000011,b7f2efa9-2ab8-456e-bcdf-4bdb6b6e0fb3,2025-12-10,2383
pub_vdl.716,East Renfrewshire,BOWERWALLS BUSINES,8511705,10 BOWERWALLS PLACE BARRHEAD,S01008317,Developable - Short Term,251222,659736,Local Authority,Not applicable (i.e. only one owner),2013,Residential - Housing,0.72,Vacant Land,S12000011,b7f2efa9-2ab8-456e-bcdf-4bdb6b6e0fb3,2025-12-10,2384
pub_vdl.717,East Renfrewshire,BURNFIELD ROAD E,8511712,157 BURNFIELD ROAD GIFFNOCK,S01008409,Developable - Short Term,255964,659811,Other Private,Not applicable (i.e. only one owner),2016,Other General Industry,0.11,Derelict,S12000011,b7f2efa9-2ab8-456e-bcdf-4bdb6b6e0fb3,2025-12-10,2385
pub_vdl.718,East Renfrewshire,BURNBANK,8511713,BURNBANK DRIVE BARRHEAD,S01008327,Developable - Short Term,250444,658348,Other Private,Not applicable (i.e. only one owner),2018,Offices,0.16,Vacant Land,S12000011,b7f2efa9-2ab8-456e-bcdf-4bdb6b6e0fb3,2025-12-10,2386
pub_vdl.719,East Renfrewshire,FRM PARK DEPOT,8511714,ARTHURLIE STREET BARRHEAD,S01008327,Developable - Short Term,250524,658541,Other Private,Not applicable (i.e. only one owner),2018,Offices,0.56,Vacant Land,S12000011,,,
pub_vdl.720,East Renfrewshire,FRM PATTERTON FARM,8511715,STEWARTON ROAD NEWTON MEARNS,S01008328,Developable - Medium Term,253436,657982,Other Private,Not applicable (i.e. only one owner),2020,Residential - Housing,1.43,Derelict,S12000011,b7f2efa9-2ab8-456e-bcdf-4bdb6b6e0fb3,2025-12-10,2387
pub_vdl.721,East Renfrewshire,FIRWOOD/OAKWOOD,8511716,FIRWOOD ROAD NEWTON MEARNS,S01008351,Developable - Short Term,254523,655880,Other Private,Not applicable (i.e. only one owner),2020,Residential - Housing,0.2,Vacant Land,S12000011,b7f2efa9-2ab8-456e-bcdf-4bdb6b6e0fb3,2025-12-10,2388
pub_vdl.722,East Renfrewshire,FMR LOWER MILL IND,8511717,LOWER MILL ROAD BUSBY,S01008376,Developable - Undetermined,257802,656921,Other Private,Not applicable (i.e. only one owner),2020,Other General Industry,0.36,Derelict,S12000011,b7f2efa9-2ab8-456e-bcdf-4bdb6b6e0fb3,2025-12-10,2389
pub_vdl.723,East Renfrewshire,NETHERPLACE WORK,8511718,NETHERPLACE ROAD NEWTON MEARNS,S01008328,Developable - Short Term,252179,655732,Other Private,Not applicable (i.e. only one owner),2022,Manufacturing,4.9,Derelict,S12000011,b7f2efa9-2ab8-456e-bcdf-4bdb6b6e0fb3,2025-12-10,2391
pub_vdl.724,East Renfrewshire,ROBSLEE SE,8511719,ROBSLEE DRIVE GIFFNOCK,S01008408,Developable - Undetermined,255669,659585,Other Private,Not applicable (i.e. only one owner),Unknown,Other General Industry,0.31,Derelict,S12000011,b7f2efa9-2ab8-456e-bcdf-4bdb6b6e0fb3,2025-12-10,2392
pub_vdl.725,East Renfrewshire,BURNSIDE FARM,8511720,MEARNS ROAD NEWTON MEARNS,S01008345,Developable - Medium Term,255825,656922,Other Private,Not applicable (i.e. only one owner),2015,Residential - Housing,0.29,Derelict,S12000011,b7f2efa9-2ab8-456e-bcdf-4bdb6b6e0fb3,2025-12-10,2396
pub_vdl.726,City of Edinburgh,FOUNTAINBRIDGE,CN26,EDINBURGH,S01008651,Developable - Short Term,324345,672727,Other Private,Not applicable (i.e. only one owner),2005,Manufacturing,2.47,Vacant Land,S12000036,f2bdcd42-8a34-49f4-aaa3-3d580553ac53,2025-11-30,1899
pub_vdl.727,City of Edinburgh,1-19 KEIR ST.,CN5,EDINBURGH,S01008661,Developable - Medium Term,325335,673201,Other non-Crown,Not applicable (i.e. only one owner),1986-1990,Residential - Housing,0.16,Vacant Land,S12000036,f2bdcd42-8a34-49f4-aaa3-3d580553ac53,2025-11-30,1886
pub_vdl.728,City of Edinburgh,FORMER TELEPHONE HOUSE CAR PARK,EC100,357 GORGIE ROAD EDINBURGH,S01008493,Unknown (uncertain/insufficient information),322506,672023,Other Private,Not applicable (i.e. only one owner),2018,Transport,0.3,Vacant Land,S12000036,f2bdcd42-8a34-49f4-aaa3-3d580553ac53,2025-11-30,1930
pub_vdl.729,City of Edinburgh,GRANTON HARBOUR PLOT?,EC101,GRANTON EDINBURGH,S01008920,Developable - Medium Term,323388,677418,Other Private,Not applicable (i.e. only one owner),2018,Other General Industry,0.59,Vacant Land,S12000036,f2bdcd42-8a34-49f4-aaa3-3d580553ac53,2025-11-30,1931
pub_vdl.738,City of Edinburgh,ROSEBURN TERRACE,EC20,ROSEBURN EDINBURGH,S01008873,Developable - Undetermined,323089,673250,Ownership unknown,Not applicable (i.e. only one owner),2008,Transport,0.49,Derelict,S12000036,f2bdcd42-8a34-49f4-aaa3-3d580553ac53,2025-11-30,1909
pub_vdl.730,City of Edinburgh,FORMER POWDERHALL WASTE TRANSFER STATION,EC102,BROUGHTON ROAD EDINBURGH,S01008836,Developable - Short Term,325835,675550,Local Authority,Not applicable (i.e. only one owner),2018,Community & Health,2.03,Vacant Land and Buildings,S12000036,f2bdcd42-8a34-49f4-aaa3-3d580553ac53,2025-11-30,1932
pub_vdl.731,City of Edinburgh,FORMER BOOKERS CASH AND CARRY,EC103,INGLIS GREEN ROAD EDINBURGH,S01008485,Developable - Short Term,321804,670934,Other Private,Not applicable (i.e. only one owner),2019,Retailing,1.25,Vacant Land,S12000036,f2bdcd42-8a34-49f4-aaa3-3d580553ac53,2025-11-30,1934
pub_vdl.732,City of Edinburgh,CASTLEBRAE HIGH SCHOOL,EC104,GREENDYKES ROAD EDINBURGH,S01008704,Developable - Short Term,329169,671300,Local Authority,Not applicable (i.e. only one owner),2007,Education,6.01,Vacant Land,S12000036,f2bdcd42-8a34-49f4-aaa3-3d580553ac53,2025-11-30,1936
pub_vdl.733,City of Edinburgh,WOODS CENTRE,EC105,MORVENSIDE EDINBURGH,S01008458,Developable - Medium Term,319421,669998,Local Authority,Not applicable (i.e. only one owner),2007,Recreation & Leisure,0.13,Vacant Land,S12000036,f2bdcd42-8a34-49f4-aaa3-3d580553ac53,2025-11-30,1937
pub_vdl.734,City of Edinburgh,COATFIELD LANE,EC106,LEITH EDINBURGH,S01008785,Developable - Short Term,327070,676190,Local Authority,Not applicable (i.e. only one owner),2007,Residential - Housing,0.22,Vacant Land,S12000036,f2bdcd42-8a34-49f4-aaa3-3d580553ac53,2025-11-30,1938
pub_vdl.735,City of Edinburgh,WEST HARBOUR ROAD,EC12,GRANTON EDINBURGH,S01008920,Developable - Medium Term,323143,677410,Ownership unknown,Not applicable (i.e. only one owner),2008,Unknown,0.26,Derelict,S12000036,f2bdcd42-8a34-49f4-aaa3-3d580553ac53,2025-11-30,1905
pub_vdl.736,City of Edinburgh,SHANKS,EC15,WEST SHORE ROAD GRANTON EDINBURGH,S01008928,Developable - Short Term,322098,677373,Ownership unknown,Not applicable (i.e. only one owner),2008,Unknown,1.23,Derelict,S12000036,f2bdcd42-8a34-49f4-aaa3-3d580553ac53,2025-11-30,1906
pub_vdl.737,City of Edinburgh,BARNTON AVE WEST,EC19,BARNTON EDINBURGH,S01008943,Developable - Medium Term,318661,675686,Ownership unknown,Not applicable (i.e. only one owner),2008,Residential - Housing,0.46,Derelict,S12000036,f2bdcd42-8a34-49f4-aaa3-3d580553ac53,2025-11-30,1908
pub_vdl.739,City of Edinburgh,LONG CRAIG RIGG,EC35,GRANTON EDINBURGH,S01008928,Developable - Medium Term,322346,677145,Ownership unknown,Not applicable (i.e. only one owner),2008,Unknown,0.36,Derelict,S12000036,f2bdcd42-8a34-49f4-aaa3-3d580553ac53,2025-11-30,1904
pub_vdl.742,City of Edinburgh,MADELVIC 2,EC40,GRANTON EDINBURGH,S01008928,Developable - Medium Term,322878,676978,Local Authority,Unknown Private,2009,Manufacturing,4.5,Vacant Land,S12000036,f2bdcd42-8a34-49f4-aaa3-3d580553ac53,2025-11-30,1914
pub_vdl.743,City of Edinburgh,WESTERN HARBOUR 1,EC41,WESTERN HARBOUR DRIVE EDINBURGH,S01008771,Developable - Medium Term,325761,677593,Unknown Private,Not applicable (i.e. only one owner),2009,Other General Industry,1.53,Vacant Land,S12000036,f2bdcd42-8a34-49f4-aaa3-3d580553ac53,2025-11-30,1915
pub_vdl.744,City of Edinburgh,WESTERN HARBOUR 2,EC43,WESTERN HARBOUR DRIVE EDINBURGH,S01008770,Developable - Medium Term,326079,677782,Unknown Private,Not applicable (i.e. only one owner),2009,Other General Industry,3.08,Vacant Land,S12000036,f2bdcd42-8a34-49f4-aaa3-3d580553ac53,2025-11-30,1916
pub_vdl.745,City of Edinburgh,BALGREEN NURSERY,EC49,BALGREEN ROAD EDINBURGH,S01008494,Developable - Short Term,322163,672429,Unknown Private,Not applicable (i.e. only one owner),2009,Recreation & Leisure,0.84,Vacant Land,S12000036,f2bdcd42-8a34-49f4-aaa3-3d580553ac53,2025-11-30,1917
pub_vdl.746,City of Edinburgh,BT 1,EC74,GORGIE ROAD GORGIE EDINBURGH,S01008493,Developable - Short Term,322569,672062,Other Private,Not applicable (i.e. only one owner),2013,Utility Services,0.79,Vacant Land,S12000036,f2bdcd42-8a34-49f4-aaa3-3d580553ac53,2025-11-30,1918
pub_vdl.747,City of Edinburgh,WEST GRANTON ROAD,EC79,GRANTON EDINBURGH,S01008928,Developable - Medium Term,322764,676756,Ownership unknown,Not applicable (i.e. only one owner),2013,Unknown,1.36,Derelict,S12000036,f2bdcd42-8a34-49f4-aaa3-3d580553ac53,2025-11-30,1919
pub_vdl.748,City of Edinburgh,CRAIGLEITH ROAD,EC80,CRAIGLEITH EDINBURGH,S01008887,Developable - Short Term,323160,674623,Health Boards,Not applicable (i.e. only one owner),2017,Community & Health,5.89,Derelict,S12000036,f2bdcd42-8a34-49f4-aaa3-3d580553ac53,2025-11-30,1922
pub_vdl.783,Falkirk,BO'NESS STATION 1,F/BNES/054,LINKS ROAD BO'NESS BO'NESS,S01009255,Developable - Undetermined,300328,681607,Private Gas,Not applicable (i.e. only one owner),1991-1995,Transport,0.26,Derelict,S12000014,6b612f02-ee9b-43d2-a16b-469f3a1c7980,2025-11-30,2420
pub_vdl.790,Falkirk,KILSYTH ROAD,F/BONY/068,KILSYTH ROAD BANKNOCK B&B,S01009075,Developable - Undetermined,277767,679227,Unknown Private,Not applicable (i.e. only one owner),2021,Storage,1.1,Derelict,S12000014,6b612f02-ee9b-43d2-a16b-469f3a1c7980,2025-11-30,2460
pub_vdl.750,City of Edinburgh,WEST SHORE ROAD 5,EC88,GRANTON EDINBURGH,S01008920,Developable - Medium Term,322788,677358,Unknown Private,Not applicable (i.e. only one owner),2015,Storage,0.24,Vacant Land,S12000036,f2bdcd42-8a34-49f4-aaa3-3d580553ac53,2025-11-30,1921
pub_vdl.751,City of Edinburgh,14 MUIRHOUSE PARKWAY,EC91,SILVERKNOWES EDINBURGH,S01008928,Developable - Short Term,321374,676512,Local Authority,Not applicable (i.e. only one owner),2017,Retailing,2.11,Vacant Land,S12000036,f2bdcd42-8a34-49f4-aaa3-3d580553ac53,2025-11-30,1926
pub_vdl.752,City of Edinburgh,165 LEITH WALK,EC94,LEITH EDINBURGH,S01008796,Developable - Short Term,326892,675568,Local Authority,Not applicable (i.e. only one owner),2017,Storage,0.62,Vacant Land and Buildings,S12000036,f2bdcd42-8a34-49f4-aaa3-3d580553ac53,2025-11-30,1927
pub_vdl.753,City of Edinburgh,DALRY ROAD,EC95,DALRY EDINBURGH,S01008653,Developable - Medium Term,323721,672705,Private Steel,Not applicable (i.e. only one owner),2017,Retailing,0.16,Vacant Land,S12000036,f2bdcd42-8a34-49f4-aaa3-3d580553ac53,2025-11-30,1924
pub_vdl.754,City of Edinburgh,CRAIGLOCKHART AVENUE,EC96,CRAIGLOCKHART EDINBURGH,S01008510,Developable - Short Term,322245,670735,Other Private,Not applicable (i.e. only one owner),2017,Storage,0.96,Vacant Land and Buildings,S12000036,f2bdcd42-8a34-49f4-aaa3-3d580553ac53,2025-11-30,1925
pub_vdl.755,City of Edinburgh,CLAYLANDS 2,EC97,NEWBRIDGE SOUTH NEWBRIDGE/RATHO STATION,S01008997,Developable - Medium Term,312160,671675,Other Private,Not applicable (i.e. only one owner),Unknown,Unknown,1.31,Vacant Land,S12000036,f2bdcd42-8a34-49f4-aaa3-3d580553ac53,2025-11-30,1933
pub_vdl.756,City of Edinburgh,FORMER COMMUNITY EDUCATION CENTRE,EC98,BURDIEHOUSE CRESCENT EDINBURGH,S01008554,Unknown (uncertain/insufficient information),327835,667725,Local Authority,Not applicable (i.e. only one owner),2018,Education,0.4,Vacant Land,S12000036,f2bdcd42-8a34-49f4-aaa3-3d580553ac53,2025-11-30,1928
pub_vdl.757,City of Edinburgh,FORMER SILVERLEA CARE HOME,EC99,MUIRHOUSE PARKWAY EDINBURGH,S01008928,Developable - Short Term,321331,676399,Local Authority,Not applicable (i.e. only one owner),2018,Residential - Housing,0.79,Vacant Land,S12000036,f2bdcd42-8a34-49f4-aaa3-3d580553ac53,2025-11-30,1929
pub_vdl.758,City of Edinburgh,WEST SHORE ROAD 4,INW5,EDINBURGH,S01008928,Developable - Medium Term,322211,677190,Ownership unknown,Not applicable (i.e. only one owner),1986-1990,Retailing,2.39,Vacant Land and Buildings,S12000036,f2bdcd42-8a34-49f4-aaa3-3d580553ac53,2025-11-30,1891
pub_vdl.791,Falkirk,FORMER BONNYBRIDGE LIBRARY,F/BONY/070,BRIDGE STREET BONNYBRIDGE B&B,S01009079,Developable - Short Term,282433,680230,Other Private,Not applicable (i.e. only one owner),2021,Community & Health,0.16,Vacant Land,S12000014,6b612f02-ee9b-43d2-a16b-469f3a1c7980,2025-11-30,2461
pub_vdl.760,City of Edinburgh,OCEAN DRIVE,NE40,EDINBURGH,S01008768,Developable - Short Term,326798,677059,Private Port Company,Not applicable (i.e. only one owner),Unknown,Defence,0.56,Vacant Land,S12000036,f2bdcd42-8a34-49f4-aaa3-3d580553ac53,2025-11-30,1935
pub_vdl.761,City of Edinburgh,CONSTITUTION STREET,NE44,LEITH EDINBURGH,S01008780,Developable - Short Term,327423,676623,Other Private,Not applicable (i.e. only one owner),Unknown,Unknown,0.33,Vacant Land,S12000036,f2bdcd42-8a34-49f4-aaa3-3d580553ac53,2025-11-30,1897
pub_vdl.762,City of Edinburgh,GRANTON HARBOUR,NW14,GRANTON EDINBURGH,S01008920,Developable - Short Term,323416,677626,Private Port Company,Other Private,Unknown,Transport,9,Derelict,S12000036,f2bdcd42-8a34-49f4-aaa3-3d580553ac53,2025-11-30,1889
pub_vdl.763,City of Edinburgh,GRANTON CASTLE,NW6,WEST SHORE ROAD GRANTON EDINBURGH,S01008928,Developable - Medium Term,322448,677221,Ownership unknown,Not applicable (i.e. only one owner),1986-1990,Unknown,1.44,Vacant Land,S12000036,f2bdcd42-8a34-49f4-aaa3-3d580553ac53,2025-11-30,1888
pub_vdl.764,City of Edinburgh,BAIRD ROAD 2,RW11,RATHO,S01008996,Unknown (uncertain/insufficient information),313585,671339,Ownership unknown,Not applicable (i.e. only one owner),Unknown,Unknown,1.87,Derelict,S12000036,f2bdcd42-8a34-49f4-aaa3-3d580553ac53,2025-11-30,1894
pub_vdl.765,City of Edinburgh,BAIRD ROAD 3,RW13,BAIRD RD RATHO,S01008996,Developable - Undetermined,313679,671286,Ownership unknown,Not applicable (i.e. only one owner),2008,Other General Industry,1.73,Derelict,S12000036,f2bdcd42-8a34-49f4-aaa3-3d580553ac53,2025-11-30,1903
pub_vdl.862,Fife,UNION STREET,CA005,COWDENBEATH,S01009418,Unknown (uncertain/insufficient information),316859,691858,Local Authority,Not applicable (i.e. only one owner),1986-1990,Residential - Housing,0.64,Vacant Land,S12000047,e998e5f9-b4af-42cd-8816-217d383535a5,2025-11-30,2485
pub_vdl.766,City of Edinburgh,LOUP-O-LEES,RW14,CLIFTONHALL ROAD NEWBRIDGE EDINBURGH,S01008997,Developable - Medium Term,311541,671334,Ownership unknown,Not applicable (i.e. only one owner),2008,Agriculture,1.6,Derelict,S12000036,f2bdcd42-8a34-49f4-aaa3-3d580553ac53,2025-11-30,1910
pub_vdl.1092,Glasgow City,,1796,INVERESK STREET FORMER G.D.C. WORKS YARD.,S01010133,Developable - Undetermined,264036,664970,Local Authority,Not applicable (i.e. only one owner),1981-1985,Community & Health,0.14,Vacant Land,S12000049,05df8fc4-004a-4125-8629-0ae5c553022b,2025-12-03,268
pub_vdl.768,City of Edinburgh,RAF TURNHOUSE,RW17,TURNHOUSE ROAD EDINBURGH,S01008993,Developable - Medium Term,316088,674082,Ownership unknown,Not applicable (i.e. only one owner),2008,Defence,4.49,Derelict,S12000036,f2bdcd42-8a34-49f4-aaa3-3d580553ac53,2025-11-30,1907
pub_vdl.769,City of Edinburgh,40 HERMISTON,RW23,CALDER ROAD EDINBURGH,S01008425,Unknown (uncertain/insufficient information),317734,670291,Other Private,Not applicable (i.e. only one owner),2017,Agriculture,0.57,Vacant Land and Buildings,S12000036,f2bdcd42-8a34-49f4-aaa3-3d580553ac53,2025-11-30,1923
pub_vdl.770,City of Edinburgh,CLIFTONHALL ROAD 3,RWECON4,NEWBRIDGE/RATHO STATION,S01008997,Developable - Medium Term,311614,671815,Other Private,Not applicable (i.e. only one owner),Unknown,Unknown,1.03,Vacant Land,S12000036,f2bdcd42-8a34-49f4-aaa3-3d580553ac53,2025-11-30,1893
pub_vdl.771,City of Edinburgh,CLAYLANDS,RWECON5,NEWBRIDGE SOUTH NEWBRIDGE/RATHO STATION,S01008997,Developable - Medium Term,311860,671517,Other Private,Not applicable (i.e. only one owner),Unknown,Unknown,2.88,Vacant Land,S12000036,f2bdcd42-8a34-49f4-aaa3-3d580553ac53,2025-11-30,1900
pub_vdl.772,City of Edinburgh,NEWBRIDGE ROAD,RWECON8,NEWBRIDGE/RATHO STATION,S01008997,Developable - Medium Term,312078,672425,Other Private,Not applicable (i.e. only one owner),Unknown,Unknown,0.68,Vacant Land,S12000036,f2bdcd42-8a34-49f4-aaa3-3d580553ac53,2025-11-30,1901
pub_vdl.773,City of Edinburgh,CONTINENTAL TYRES,RWELP ECON8,NEWBRIDGE IND EST NEWBRIDGE EDINBURGH,S01008997,Developable - Undetermined,311799,672357,Other Private,Not applicable (i.e. only one owner),2007,Manufacturing,14.11,Derelict,S12000036,f2bdcd42-8a34-49f4-aaa3-3d580553ac53,2025-11-30,1902
pub_vdl.774,City of Edinburgh,OLD LISTON ROAD,RWHSP4,NEWBRIDGE,S01008997,Developable - Short Term,312071,672771,Ownership unknown,Not applicable (i.e. only one owner),Unknown,Other,1.22,Vacant Land,S12000036,f2bdcd42-8a34-49f4-aaa3-3d580553ac53,2025-11-30,1892
pub_vdl.784,Falkirk,COCHRANE'S WORKS,F/BNES/061,UNION STREET BO'NESS BO'NESS,S01009255,Developable - Short Term,300056,681773,Other Private,Not applicable (i.e. only one owner),2007,Manufacturing,0.4,Vacant Land,S12000014,6b612f02-ee9b-43d2-a16b-469f3a1c7980,2025-11-30,2430
pub_vdl.775,City of Edinburgh,NIDDRIE BING,SE2,NIDDRIE ROAD EDINBURGH,S01008720,Developable - Short Term,330725,671398,Other Private,Local Authority,1986-1990,Mineral Activity,6.95,Derelict,S12000036,f2bdcd42-8a34-49f4-aaa3-3d580553ac53,2025-11-30,1887
pub_vdl.776,City of Edinburgh,CRAIGMILLAR SHOP UNIT,SERET,CRAIGMILLAR EDINBURGH,S01008702,Developable - Short Term,328972,671740,Ownership unknown,Not applicable (i.e. only one owner),Unknown,Retailing,1.19,Vacant Land,S12000036,f2bdcd42-8a34-49f4-aaa3-3d580553ac53,2025-11-30,1896
pub_vdl.777,City of Edinburgh,BANKHEAD WAY,WE5,SIGHTHILL EDINBURGH,S01008992,Developable - Short Term,318855,670687,Other Private,Not applicable (i.e. only one owner),2005,Other General Industry,0.4,Vacant Land,S12000036,f2bdcd42-8a34-49f4-aaa3-3d580553ac53,2025-11-30,1895
pub_vdl.778,City of Edinburgh,WATERFRONT BROADWAY,WEWG3A,GRANTON EDINBURGH,S01008928,Developable - Medium Term,322310,677021,Other Private,Not applicable (i.e. only one owner),Unknown,Manufacturing,11.87,Vacant Land,S12000036,f2bdcd42-8a34-49f4-aaa3-3d580553ac53,2025-11-30,1898
pub_vdl.779,Na h-Eileanan an Iar,DORMITORY SITE,SA35-012,MARYBANK STORNOWAY ISLE OF LEWIS,S01009038,Developable - Undetermined,141324,934178,Other Private,Not applicable (i.e. only one owner),Unknown,Agriculture,5.8,Vacant Land,S12000013,2d58478b-197c-4e3f-82b9-a8fc89c20779,2025-12-03,1004
pub_vdl.780,Falkirk,PROVIDENCE BRAE,F/BNES/011,PROVIDENCE BRAE BO'NESS BO'NESS,S01009257,Developable - Undetermined,299810,681570,Unknown Private,Not applicable (i.e. only one owner),1980 or earlier,Other,0.14,Derelict,S12000014,6b612f02-ee9b-43d2-a16b-469f3a1c7980,2025-11-30,2401
pub_vdl.781,Falkirk,FOUNTAINPARK CR,F/BNES/030,FOUNTAINPARK CRE BO'NESS BO'NESS,S01009260,Developable - Medium Term,301140,681330,Other Private,Not applicable (i.e. only one owner),1980 or earlier,Passive Open Space,0.14,Derelict,S12000014,6b612f02-ee9b-43d2-a16b-469f3a1c7980,2025-11-30,2421
pub_vdl.782,Falkirk,CRAWFIELD LANE B,F/BNES/046,BOMAINS IND EST BO'NESS BO'NESS,S01009248,Developable - Short Term,299643,680208,Local Authority,Other Private,1996-2000,Manufacturing,1.75,Derelict,S12000014,6b612f02-ee9b-43d2-a16b-469f3a1c7980,2025-11-30,2431
pub_vdl.785,Falkirk,SOUTH STREET EAST,F/BNES/062,SOUTH STREET BO'NESS BO'NESS,S01009255,Developable - Medium Term,300057,681647,Other Private,Not applicable (i.e. only one owner),2001-2004,Residential - Housing,0.31,Vacant Land,S12000014,6b612f02-ee9b-43d2-a16b-469f3a1c7980,2025-11-30,2429
pub_vdl.786,Falkirk,SOUTH STREET WEST,F/BNES/063,SOUTH STREET BO'NESS BO'NESS,S01009255,Developable - Short Term,300000,681647,Other Private,Not applicable (i.e. only one owner),2001-2004,Residential - Housing,0.14,Vacant Land,S12000014,6b612f02-ee9b-43d2-a16b-469f3a1c7980,2025-11-30,2432
pub_vdl.787,Falkirk,CANNERTON BKWKS,F/BONY/010,CANNERTON BANKNOCK B&B,S01009075,Developable - Medium Term,278230,679650,Other Private,Not applicable (i.e. only one owner),1981-1985,Manufacturing,17.29,Derelict,S12000014,6b612f02-ee9b-43d2-a16b-469f3a1c7980,2025-11-30,2403
pub_vdl.788,Falkirk,BONNYSIDE WORKS,F/BONY/066,HIGH BONNYBRIDGE BONNYBRIDGE B&B,S01009084,Developable - Undetermined,283549,679377,Other Private,Not applicable (i.e. only one owner),2006,Manufacturing,5.72,Derelict,S12000014,6b612f02-ee9b-43d2-a16b-469f3a1c7980,2025-11-30,2410
pub_vdl.974,Fife,LAND BY FRANCES COLLIERY,KAC002,FRANCES COLLIERY DYSART,S01009536,Unknown (uncertain/insufficient information),331037,693918,Ownership unknown,Ownership unknown,1981-1985,Mineral Activity,0.19,Derelict,S12000047,e998e5f9-b4af-42cd-8816-217d383535a5,2025-11-30,2666
pub_vdl.789,Falkirk,SEABEGS DEPOT,F/BONY/067,SEABEGS ROAD BONNYBRIDGE BONNYBRIDGE,S01009079,Developable - Undetermined,282129,679771,Local Authority,Not applicable (i.e. only one owner),2012,Transport,1.25,Vacant Land,S12000014,6b612f02-ee9b-43d2-a16b-469f3a1c7980,2025-11-30,2443
pub_vdl.792,Falkirk,FORMER PUB HAGGS,F/BONY/071,KILSYTH ROAD DENNY DENNY,S01009073,Developable - Medium Term,278910,679306,Other Private,Not applicable (i.e. only one owner),2022,Other,1.17,Vacant Land and Buildings,S12000014,6b612f02-ee9b-43d2-a16b-469f3a1c7980,2025-11-30,2468
pub_vdl.793,Falkirk,STIRLING ST. B,F/DENY/005,ST PATRICK'S DENNY DENNY,S01009052,Developable - Undetermined,280853,683426,Other Private,Not applicable (i.e. only one owner),1980 or earlier,Agriculture,0.5,Derelict,S12000014,6b612f02-ee9b-43d2-a16b-469f3a1c7980,2025-11-30,2405
pub_vdl.794,Falkirk,DENNY HIGH SCHOOL,F/DENY/038,GLASGOW ROAD DENNY DENNY,S01009065,Developable - Short Term,281000,681750,Local Authority,Not applicable (i.e. only one owner),2008,Education,12.9,Vacant Land,S12000014,6b612f02-ee9b-43d2-a16b-469f3a1c7980,2025-11-30,2422
pub_vdl.803,Falkirk,FALKIRK INFIRMARY 1,F/FALK/106,WESTBURN AVENUE FALKIRK FALKIRK,S01009155,Developable - Medium Term,288337,679773,Health Boards,Not applicable (i.e. only one owner),2011,Community & Health,1.28,Vacant Land,S12000014,6b612f02-ee9b-43d2-a16b-469f3a1c7980,2025-11-30,2424
pub_vdl.809,Falkirk,ALMA STREET LOCK UP,F/FALK/123,ALMA STREET FALKIRK FALKIRK,S01009138,Developable - Short Term,288688,680651,Other Private,Not applicable (i.e. only one owner),2019,Transport,0.1,Derelict,S12000014,6b612f02-ee9b-43d2-a16b-469f3a1c7980,2025-11-30,2447
pub_vdl.795,Falkirk,CARRONGROVE MILL,F/DENY/040,FINTRY ROAD FANKERTON DENNY,S01009055,Developable - Medium Term,279382,683080,Other Private,Not applicable (i.e. only one owner),2005,Manufacturing,6.05,Vacant Land,S12000014,6b612f02-ee9b-43d2-a16b-469f3a1c7980,2025-11-30,2442
pub_vdl.987,Fife,STEELWORKS BRAE,LAC003,LAND WEST OF METHIL BRAE METHIL,S01009638,Unknown (uncertain/insufficient information),336416,700579,Ownership unknown,Ownership unknown,1980 or earlier,Manufacturing,4.48,Derelict,S12000047,e998e5f9-b4af-42cd-8816-217d383535a5,2025-11-30,2670
pub_vdl.796,Falkirk,DENNY TOWN CENTRE PHASE 2,F/DENY/041,STIRLING STREET DENNY DENNY,S01009057,Developable - Medium Term,281106,682901,Local Authority,Not applicable (i.e. only one owner),2012,Residential - Housing,0.45,Vacant Land,S12000014,6b612f02-ee9b-43d2-a16b-469f3a1c7980,2025-11-30,2446
pub_vdl.797,Falkirk,STIRLING STREET,F/DENY/042,DUNIPACE DENNY,S01009050,Developable - Short Term,280698,683814,Other Private,Not applicable (i.e. only one owner),2020,Unknown,0.14,Derelict,S12000014,6b612f02-ee9b-43d2-a16b-469f3a1c7980,2025-11-30,2456
pub_vdl.798,Falkirk,BROOMRIGG COLLIERY,F/DENY/044,GLASGOW ROAD DENNYLOANHEAD DENNY,S01009067,Developable - Short Term,280678,680052,Other Private,Not applicable (i.e. only one owner),2022,Mineral Activity,1.98,Derelict,S12000014,6b612f02-ee9b-43d2-a16b-469f3a1c7980,2025-11-30,2465
pub_vdl.799,Falkirk,INDUSTRIAL EST,F/FALK/044,TAMFOURHILL FALKIRK FALKIRK,S01009170,Developable - Undetermined,286250,679990,Local Authority,Not applicable (i.e. only one owner),1980 or earlier,Other General Industry,9.7,Derelict,S12000014,6b612f02-ee9b-43d2-a16b-469f3a1c7980,2025-11-30,2402
pub_vdl.800,Falkirk,SLAMANNAN ROAD B,F/FALK/086,SLAMANNAN ROAD FALKIRK FALKIRK,S01009176,Developable - Short Term,287950,678990,Other Private,Not applicable (i.e. only one owner),Unknown,Residential - Housing,0.13,Derelict,S12000014,6b612f02-ee9b-43d2-a16b-469f3a1c7980,2025-11-30,2407
pub_vdl.866,Fife,FORMER SERVICE STATION,CAC001,90 MAIN STREET CROSSHILL,S01009431,Unknown (uncertain/insufficient information),317786,696035,Ownership unknown,Ownership unknown,2008,Retailing,0.19,Derelict,S12000047,e998e5f9-b4af-42cd-8816-217d383535a5,2025-11-30,2662
pub_vdl.801,Falkirk,ROUGHCASTLE,F/FALK/091,ROUGHCASTLE BONNYHILL ROAD FALKIRK,S01009084,Developable - Undetermined,284581,679651,Other Private,Not applicable (i.e. only one owner),Unknown,Mineral Activity,1.47,Derelict,S12000014,6b612f02-ee9b-43d2-a16b-469f3a1c7980,2025-11-30,2419
pub_vdl.802,Falkirk,FIRS PARK,F/FALK/105,FIRS STREET FALKIRK FALKIRK,S01009139,Developable - Short Term,289176,680546,Unknown Private,Not applicable (i.e. only one owner),2012,Recreation & Leisure,1.24,Vacant Land,S12000014,6b612f02-ee9b-43d2-a16b-469f3a1c7980,2025-11-30,2426
pub_vdl.804,Falkirk,FALKIRK INFIRMARY 2,F/FALK/107,WESTBURN AVENUE FALKIRK FALKIRK,S01009155,Developable - Medium Term,288056,679783,Health Boards,Not applicable (i.e. only one owner),2011,Community & Health,0.82,Vacant Land,S12000014,6b612f02-ee9b-43d2-a16b-469f3a1c7980,2025-11-30,2425
pub_vdl.811,Falkirk,THE HURLET,F/FALK/125,CARRADALE AVENUE FALKIRK FALKIRK,S01009169,Developable - Short Term,286581,679610,Other Private,Not applicable (i.e. only one owner),2020,Recreation & Leisure,0.25,Derelict,S12000014,6b612f02-ee9b-43d2-a16b-469f3a1c7980,2025-11-30,2451
pub_vdl.805,Falkirk,GOWAN LANE,F/FALK/111,GOWAN AVENUE FALKIRK FALKIRK,S01009138,Developable - Medium Term,288650,680913,Unknown Private,Not applicable (i.e. only one owner),Unknown,Manufacturing,1.4,Vacant Land,S12000014,6b612f02-ee9b-43d2-a16b-469f3a1c7980,2025-11-30,2441
pub_vdl.806,Falkirk,CASTINGS SOCIAL CLUB,F/FALK/113,ETNA ROAD FALKIRK FALKIRK,S01009144,Developable - Short Term,289550,681060,Other Private,Not applicable (i.e. only one owner),2013,Recreation & Leisure,0.67,Vacant Land,S12000014,6b612f02-ee9b-43d2-a16b-469f3a1c7980,2025-11-30,2435
pub_vdl.807,Falkirk,ABBOTSFORD BUSINESS PARK,F/FALK/115,ORCHARDHALL AVENUE FALKIRK FALKIRK,S01009131,Developable - Short Term,289367,681898,Scottish Enterprise,Not applicable (i.e. only one owner),2005,Manufacturing,5.36,Vacant Land,S12000014,6b612f02-ee9b-43d2-a16b-469f3a1c7980,2025-11-30,2440
pub_vdl.808,Falkirk,GRAHAMS ROAD,F/FALK/122,GRAHAMS ROAD FALKIRK FALKIRK,S01009140,Developable - Medium Term,288809,680490,Unknown Private,Not applicable (i.e. only one owner),2008,Retailing,0.17,Derelict,S12000014,6b612f02-ee9b-43d2-a16b-469f3a1c7980,2025-11-30,2450
pub_vdl.810,Falkirk,BANK STREET,F/FALK/124,BANK STREET FALKIRK FALKIRK,S01009153,Developable - Short Term,288874,680035,Other Private,Not applicable (i.e. only one owner),2019,Other General Industry,0.12,Vacant Land,S12000014,6b612f02-ee9b-43d2-a16b-469f3a1c7980,2025-11-30,2448
pub_vdl.872,Fife,FORMER PUB,COW010,HIGH STREET COWDENBEATH,S01009415,Developable - Short Term,316410,692056,Ownership unknown,Ownership unknown,2008,Recreation & Leisure,0.14,Derelict,S12000047,e998e5f9-b4af-42cd-8816-217d383535a5,2025-11-30,2590
pub_vdl.812,Falkirk,CARRON CENTRE,F/FALK/126,RONADES ROAD FALKIRK FALKIRK,S01009135,Developable - Short Term,288353,681780,Other Private,Not applicable (i.e. only one owner),2020,Retailing,0.49,Vacant Land,S12000014,6b612f02-ee9b-43d2-a16b-469f3a1c7980,2025-11-30,2452
pub_vdl.813,Falkirk,FORMER FORTH VALLEY COLLEGE CAMPUS,F/FALK/127,MIDDLEFIELD ROAD FALKIRK FALKIRK,S01009144,Developable - Short Term,289876,680575,Other Private,Not applicable (i.e. only one owner),2020,Education,5.32,Vacant Land and Buildings,S12000014,6b612f02-ee9b-43d2-a16b-469f3a1c7980,2025-11-30,2453
pub_vdl.814,Falkirk,FORMER GLEN VILLAGE BOWLING CLUB,F/FALK/128,GLEN CRESCENT GLEN VILLAGE FALKIRK,S01009180,Developable - Short Term,288594,678327,Other Private,Not applicable (i.e. only one owner),2021,Recreation & Leisure,0.15,Vacant Land,S12000014,6b612f02-ee9b-43d2-a16b-469f3a1c7980,2025-11-30,2459
pub_vdl.815,Falkirk,ABBOTSFORD BUSINESS PARK 1,F/FALK/129,ORCHARDHALL AVENUE FALKIRK FALKIRK,S01009131,Developable - Short Term,289267,681713,Other Private,Not applicable (i.e. only one owner),2005,Manufacturing,1.02,Vacant Land,S12000014,6b612f02-ee9b-43d2-a16b-469f3a1c7980,2025-11-30,2462
pub_vdl.816,Falkirk,ABBOTSFORD BUSINESS PARK 3,F/FALK/131,LAMMERMOOR AVENUE FALKIRK FALKIRK,S01009131,Developable - Short Term,289061,681754,Other Private,Not applicable (i.e. only one owner),2005,Manufacturing,0.64,Vacant Land,S12000014,6b612f02-ee9b-43d2-a16b-469f3a1c7980,2025-11-30,2463
pub_vdl.817,Falkirk,VICTORIA BUILDINGS,F/FALK/133,QUEEN STREET FALKIRK FALKIRK,S01009142,Developable - Short Term,289398,680358,Local Authority,Not applicable (i.e. only one owner),2022,Education,0.75,Vacant Land,S12000014,6b612f02-ee9b-43d2-a16b-469f3a1c7980,2025-11-30,2469
pub_vdl.824,Falkirk,GRANGE LANE,F/GRAN/017,GRANGE LANE GRANGEMOUTH GRANGEMOUTH,S01009121,Developable - Short Term,292540,682570,Private Port Company,Not applicable (i.e. only one owner),Unknown,Transport,0.47,Vacant Land,S12000014,6b612f02-ee9b-43d2-a16b-469f3a1c7980,2025-11-30,2400
pub_vdl.818,Falkirk,MUNICIPAL BUILDINGS,F/FALK/134,WEST BRIDGE STREET FALKIRK FALKIRK,S01009154,Developable - Short Term,288347,680193,Local Authority,Not applicable (i.e. only one owner),2022,Offices,3.14,Derelict,S12000014,6b612f02-ee9b-43d2-a16b-469f3a1c7980,2025-11-30,2470
pub_vdl.819,Falkirk,ABBOTSFORD HOUSE,F/FALK/135,DAVIDS LOAN FALKIRK FALKIRK,S01009131,Developable - Short Term,288978,681768,Unknown Private,Not applicable (i.e. only one owner),2022,Offices,1.26,Derelict,S12000014,6b612f02-ee9b-43d2-a16b-469f3a1c7980,2025-11-30,2471
pub_vdl.820,Falkirk,BROWN STREET,F/FALK/136,FALKIRK FALKIRK,S01009160,Developable - Medium Term,286790,680449,Unknown Private,Not applicable (i.e. only one owner),2022,Other General Industry,0.13,Derelict,S12000014,6b612f02-ee9b-43d2-a16b-469f3a1c7980,2025-11-30,2472
pub_vdl.821,Falkirk,SITE B,F/GRAN/005,EM-NINE IND.EST. GRANGEMOUTH GRANGEMOUTH,S01009226,Developable - Medium Term,291790,680840,Other Private,Not applicable (i.e. only one owner),1980 or earlier,Storage,1.82,Derelict,S12000014,6b612f02-ee9b-43d2-a16b-469f3a1c7980,2025-11-30,2408
pub_vdl.833,Falkirk,WHOLEFLATS ROAD,F/GRAN/054,GRANGEMOUTH GRANGEMOUTH,S01009210,Developable - Medium Term,295271,680043,Unknown Private,Not applicable (i.e. only one owner),2024,Other General Industry,2.99,Derelict,S12000014,6b612f02-ee9b-43d2-a16b-469f3a1c7980,2025-11-30,2473
pub_vdl.1014,Fife,"FORMER WORKS, B9130",MF011,NR THORNTON,S01009547,Unknown (uncertain/insufficient information),329209,695686,Ownership unknown,Not applicable (i.e. only one owner),2006,Manufacturing,0.33,Derelict,S12000047,e998e5f9-b4af-42cd-8816-217d383535a5,2025-11-30,2556
pub_vdl.822,Falkirk,EX-TIMBER BASIN,F/GRAN/014,EARLS ROAD GRANGEMOUTH GRANGEMOUTH,S01009121,Developable - Undetermined,292280,682180,Local Authority,Not applicable (i.e. only one owner),1980 or earlier,Transport,1.81,Derelict,S12000014,6b612f02-ee9b-43d2-a16b-469f3a1c7980,2025-11-30,2416
pub_vdl.823,Falkirk,21/25 SOUTH BRIDGE STREET,F/GRAN/015,SOUTH BRIDGE ST. GRANGEMOUTH GRANGEMOUTH,S01009121,Developable - Undetermined,292287,682255,Other Private,Not applicable (i.e. only one owner),1986-1990,Offices,0.43,Vacant Land and Buildings,S12000014,6b612f02-ee9b-43d2-a16b-469f3a1c7980,2025-11-30,2417
pub_vdl.1500,Glasgow City,CO-OP SITE,4257,MORRISON STREET PAISLEY ROAD,S01010036,Developable - Undetermined,258132,664633,Other Private,Not applicable (i.e. only one owner),2012,Business Class,0.13,Vacant Land,S12000049,05df8fc4-004a-4125-8629-0ae5c553022b,2025-12-03,646
pub_vdl.825,Falkirk,N. SHORE ROAD C,F/GRAN/020,NORTH SHORE ROAD GRANGEMOUTH GRANGEMOUTH,S01009121,Developable - Undetermined,292770,682644,Private Port Company,Not applicable (i.e. only one owner),Unknown,Transport,0.82,Derelict,S12000014,6b612f02-ee9b-43d2-a16b-469f3a1c7980,2025-11-30,2418
pub_vdl.834,Falkirk,CARRON WORKS,F/LARB/044,STENHOUSE ROAD STENHOUSEMUIR L&S,S01009115,Developable - Undetermined,288064,682514,Local Authority,Not applicable (i.e. only one owner),1991-1995,Manufacturing,3.94,Vacant Land,S12000014,6b612f02-ee9b-43d2-a16b-469f3a1c7980,2025-11-30,2406
pub_vdl.1062,Glasgow City,CALE' RD CHURCH,1132,HOSPITAL STREET/ CATHCART ROAD/ CUMBERLAND ST,S01010033,Unknown (uncertain/insufficient information),258939,663890,Local Authority,Not applicable (i.e. only one owner),1981-1985,Community & Health,0.3,Vacant Land and Buildings,S12000049,05df8fc4-004a-4125-8629-0ae5c553022b,2025-12-03,239
pub_vdl.826,Falkirk,CENTRAL DOCK ROAD,F/GRAN/044,CENTRAL DOCK ROAD GRANGEMOUTH DOCKS GRANGEMOUTH,S01009210,Developable - Medium Term,293265,682323,Private Port Company,Not applicable (i.e. only one owner),2001-2004,Passive Open Space,5.19,Derelict,S12000014,6b612f02-ee9b-43d2-a16b-469f3a1c7980,2025-11-30,2445
pub_vdl.827,Falkirk,WOOD STREET 1,F/GRAN/046,GRANGEMOUTH GRANGEMOUTH,S01009226,Developable - Short Term,292117,681292,Other Private,Not applicable (i.e. only one owner),2020,Unknown,0.75,Derelict,S12000014,6b612f02-ee9b-43d2-a16b-469f3a1c7980,2025-11-30,2457
pub_vdl.828,Falkirk,EARLS GATE PARK 1,F/GRAN/048,EARLS ROAD GRANGEMOUTH GRANGEMOUTH,S01009226,Developable - Medium Term,291663,681078,Unknown Private,Not applicable (i.e. only one owner),Unknown,Unknown,0.86,Derelict,S12000014,6b612f02-ee9b-43d2-a16b-469f3a1c7980,2025-11-30,2449
pub_vdl.835,Falkirk,130 KING STREET,F/LARB/047,STENHOUSEMUIR L&S,S01009105,Developable - Short Term,287088,682998,Local Authority,Not applicable (i.e. only one owner),2022,Offices,0.24,Derelict,S12000014,6b612f02-ee9b-43d2-a16b-469f3a1c7980,2025-11-30,2466
pub_vdl.836,Falkirk,FORGIE CRESCENT,F/POLM/002,FORGIE CRESCENT MADDISTON POLMONT,S01009187,Developable - Undetermined,293980,676270,Local Authority,Not applicable (i.e. only one owner),1986-1990,Residential - Housing,0.15,Derelict,S12000014,6b612f02-ee9b-43d2-a16b-469f3a1c7980,2025-11-30,2404
pub_vdl.837,Falkirk,PARKHALL FARM 1,F/POLM/061,MADDISTON EAST POLMONT POLMONT,S01009200,Developable - Medium Term,294692,676979,Unknown Private,Not applicable (i.e. only one owner),2012,Agriculture,0.63,Vacant Land and Buildings,S12000014,6b612f02-ee9b-43d2-a16b-469f3a1c7980,2025-11-30,2433
pub_vdl.854,Fife,BALMULLO FARM,BAL001,A914 BALMULLO,S01009745,Developable - Undetermined,342746,720701,Unknown Private,Not applicable (i.e. only one owner),Unknown,Agriculture,0.56,Derelict,S12000047,e998e5f9-b4af-42cd-8816-217d383535a5,2025-11-30,2507
pub_vdl.829,Falkirk,INEOS,F/GRAN/049,WHOLEFLATS GRANGEMOUTH GRANGEMOUTH,S01009210,Developable - Medium Term,294202,680101,Other Private,Not applicable (i.e. only one owner),2015,Other General Industry,20.97,Derelict,S12000014,6b612f02-ee9b-43d2-a16b-469f3a1c7980,2025-11-30,2444
pub_vdl.830,Falkirk,NORTH OF BOC,F/GRAN/051,WHOLEFLATS ROAD GRANGEMOUTH GRANGEMOUTH,S01009210,Developable - Medium Term,293881,680163,Other Private,Not applicable (i.e. only one owner),2020,Unknown,1.72,Derelict,S12000014,6b612f02-ee9b-43d2-a16b-469f3a1c7980,2025-11-30,2458
pub_vdl.831,Falkirk,INEOS 2,F/GRAN/052,BO'NESS ROAD GRANGEMOUTH GRANGEMOUTH,S01009210,Developable - Short Term,294763,680907,Other Private,Not applicable (i.e. only one owner),Unknown,Other General Industry,63.87,Derelict,S12000014,6b612f02-ee9b-43d2-a16b-469f3a1c7980,2025-11-30,2464
pub_vdl.832,Falkirk,SOUTH OF CENTRAL DOCK ROAD,F/GRAN/053,GRANGEMOUTH GRANGEMOUTH,S01009121,Developable - Medium Term,292516,682222,Other Private,Not applicable (i.e. only one owner),2022,Manufacturing,0.95,Derelict,S12000014,6b612f02-ee9b-43d2-a16b-469f3a1c7980,2025-11-30,2467
pub_vdl.1116,Glasgow City,,2182,N OF 10 MANSION STREET,S01010326,Developable - Undetermined,258990,668186,Local Authority,Not applicable (i.e. only one owner),1981-1985,Residential - Housing,0.16,Vacant Land,S12000049,05df8fc4-004a-4125-8629-0ae5c553022b,2025-12-03,292
pub_vdl.838,Falkirk,PARKHALL FARM 2,F/POLM/062,MADDISTON EAST POLMONT POLMONT,S01009200,Developable - Short Term,294586,677077,Other Private,Not applicable (i.e. only one owner),2012,Agriculture,0.76,Vacant Land and Buildings,S12000014,6b612f02-ee9b-43d2-a16b-469f3a1c7980,2025-11-30,2434
pub_vdl.839,Falkirk,LATHALLAN HOUSE,F/RUR/015,POLMONT RURAL,S01009210,Developable - Undetermined,295270,677980,Other Private,Not applicable (i.e. only one owner),1980 or earlier,Residential - Housing,0.34,Derelict,S12000014,6b612f02-ee9b-43d2-a16b-469f3a1c7980,2025-11-30,2415
pub_vdl.840,Falkirk,DUNMORE PARK,F/RUR/016,DUNMORE AIRTH RURAL,S01009122,Developable - Undetermined,288470,689210,Other Private,Not applicable (i.e. only one owner),1980 or earlier,Residential - Housing,0.65,Derelict,S12000014,6b612f02-ee9b-43d2-a16b-469f3a1c7980,2025-11-30,2414
pub_vdl.841,Falkirk,FORMER DEPOT,F/RUR/017,SLAMANNAN ROAD AVONBRIDGE RURAL,S01009188,Developable - Undetermined,290550,672330,Local Authority,Not applicable (i.e. only one owner),1996-2000,Other,0.75,Derelict,S12000014,6b612f02-ee9b-43d2-a16b-469f3a1c7980,2025-11-30,2413
pub_vdl.842,Falkirk,MAIN STREET,F/RUR/018,AVONBRIDGE RURAL,S01009188,Developable - Undetermined,291050,672730,Other Private,Not applicable (i.e. only one owner),1996-2000,Transport,0.72,Vacant Land,S12000014,6b612f02-ee9b-43d2-a16b-469f3a1c7980,2025-11-30,2412
pub_vdl.843,Falkirk,LOCHSIDE ROAD,F/RUR/019,LIMERIGG RURAL,S01009185,Developable - Undetermined,285840,670530,Other Private,Not applicable (i.e. only one owner),2001-2004,Storage,0.28,Derelict,S12000014,6b612f02-ee9b-43d2-a16b-469f3a1c7980,2025-11-30,2409
pub_vdl.1619,Glasgow City,,713,S OF FRENCH ST/ E OF MARTIN ST/ N OF COLVEND,S01010046,Developable - Short Term,260959,663123,Local Authority,Other National/Local Government,1980 or earlier,Other General Industry,0.36,Vacant Land,S12000049,05df8fc4-004a-4125-8629-0ae5c553022b,2025-12-03,220
pub_vdl.844,Falkirk,TORWOOD MINERALS,F/RUR/022,TORWOOD RURAL,S01009050,Developable - Undetermined,283308,685393,Other Private,Not applicable (i.e. only one owner),1986-1990,Mineral Activity,1.34,Derelict,S12000014,6b612f02-ee9b-43d2-a16b-469f3a1c7980,2025-11-30,2411
pub_vdl.847,Falkirk,ALLANDALE BRICKWORKS,F/RUR/028,THORNDALE GARDENS ALLANDALE RURAL,S01009071,Developable - Medium Term,279687,678468,Other Private,Not applicable (i.e. only one owner),1980 or earlier,Manufacturing,9.3,Derelict,S12000014,6b612f02-ee9b-43d2-a16b-469f3a1c7980,2025-11-30,2428
pub_vdl.851,Falkirk,FORMER THERMALITE WORKS,F/RUR/033,FERRY ROAD SOUTH ALLOA RURAL,S01009122,Unknown (uncertain/insufficient information),287721,691561,Unknown Private,Not applicable (i.e. only one owner),Unknown,Manufacturing,3.09,Derelict,S12000014,6b612f02-ee9b-43d2-a16b-469f3a1c7980,2025-11-30,2438
pub_vdl.852,Falkirk,FORMER PHOENIX PUB,F/RUR/034,MANUEL TERRACE WHITECROSS RURAL,S01009189,Developable - Undetermined,296784,676742,Other Private,Not applicable (i.e. only one owner),2016,Recreation & Leisure,0.14,Derelict,S12000014,6b612f02-ee9b-43d2-a16b-469f3a1c7980,2025-11-30,2454
pub_vdl.853,Falkirk,FORMER SHELL STATION,F/RUR/035,SOUTH APPROACH ROAD CLACKS BRIDGE RURAL,S01009122,Developable - Undetermined,291686,686738,Other Private,Not applicable (i.e. only one owner),2008,Transport,0.31,Derelict,S12000014,6b612f02-ee9b-43d2-a16b-469f3a1c7980,2025-11-30,2455
pub_vdl.845,Falkirk,HIGH STANERIG,F/RUR/026,SLAMANNAN RURAL,S01009181,Developable - Medium Term,287190,674890,Other Private,Not applicable (i.e. only one owner),2001-2004,Mineral Activity,7.15,Derelict,S12000014,6b612f02-ee9b-43d2-a16b-469f3a1c7980,2025-11-30,2423
pub_vdl.846,Falkirk,WAR MEMORIAL,F/RUR/027,STATION ROAD SLAMANNAN RURAL,S01009184,Developable - Short Term,285656,673068,Other Private,Not applicable (i.e. only one owner),Unknown,Unknown,0.15,Derelict,S12000014,6b612f02-ee9b-43d2-a16b-469f3a1c7980,2025-11-30,2427
pub_vdl.849,Falkirk,STANDBURN WEST,F/RUR/030,STANDBURN RURAL,S01009187,Developable - Undetermined,292840,674637,Other Private,Not applicable (i.e. only one owner),1980 or earlier,Other,3.59,Vacant Land and Buildings,S12000014,6b612f02-ee9b-43d2-a16b-469f3a1c7980,2025-11-30,2436
pub_vdl.848,Falkirk,WHITECROSS INDUSTRY PARK,F/RUR/029,WHITECROSS RURAL,S01009200,Developable - Medium Term,295921,677184,Unknown Private,Not applicable (i.e. only one owner),2001-2004,Manufacturing,67.39,Derelict,S12000014,6b612f02-ee9b-43d2-a16b-469f3a1c7980,2025-11-30,2439
pub_vdl.850,Falkirk,SLAMMANAN ROAD,F/RUR/031,LIMERIGG RURAL,S01009185,Developable - Medium Term,285475,671093,Other Private,Not applicable (i.e. only one owner),2010,Transport,1.3,Vacant Land,S12000014,6b612f02-ee9b-43d2-a16b-469f3a1c7980,2025-11-30,2437
pub_vdl.855,Fife,FORMER COMMUNITY CENTRE,BEN100,NAVITIE PARK BENARTY,S01009432,Developable - Medium Term,317801,697838,Local Authority,Not applicable (i.e. only one owner),2012,Community & Health,2.85,Vacant Land,S12000047,e998e5f9-b4af-42cd-8816-217d383535a5,2025-11-30,2592
pub_vdl.856,Fife,FORMER BAKERY,BUC001,CHURCH STREET BUCKHAVEN,S01009621,Unknown (uncertain/insufficient information),335904,698026,Ownership unknown,Ownership unknown,2001-2004,Retailing,0.13,Derelict,S12000047,e998e5f9-b4af-42cd-8816-217d383535a5,2025-11-30,2596
pub_vdl.857,Fife,OLD MASONIC HALL,BUC002,WELLESLEY ROAD METHIL,S01009637,Unknown (uncertain/insufficient information),337276,699842,Ownership unknown,Ownership unknown,Unknown,Other,0.11,Vacant Land and Buildings,S12000047,e998e5f9-b4af-42cd-8816-217d383535a5,2025-11-30,2483
pub_vdl.859,Fife,FORMER DIOSYNTH FACILITY,BUC100,MUIREDGE IE BUCKHAVEN,S01009541,Developable - Medium Term,335255,698703,Other Private,Not applicable (i.e. only one owner),2012,Manufacturing,3.61,Vacant Land,S12000047,e998e5f9-b4af-42cd-8816-217d383535a5,2025-11-30,2587
pub_vdl.860,Fife,LAMMERLAWS,BUR001,LAMMERLAWS ROAD BURNTISLAND,S01009460,Developable - Undetermined,323680,685819,Ownership unknown,Ownership unknown,Unknown,Unknown,0.47,Vacant Land,S12000047,e998e5f9-b4af-42cd-8816-217d383535a5,2025-11-30,2594
pub_vdl.861,Fife,FORMER DEPOT,CA003,NATAL PLACE COWDENBEATH,S01009489,Unknown (uncertain/insufficient information),316498,691492,Ownership unknown,Ownership unknown,1996-2000,Transport,0.3,Derelict,S12000047,e998e5f9-b4af-42cd-8816-217d383535a5,2025-11-30,2603
pub_vdl.863,Fife,STATIONHEAD ROAD,CA009,LOCHGELLY,S01009445,Unknown (uncertain/insufficient information),318632,694390,Ownership unknown,Ownership unknown,1996-2000,Unknown,0.85,Vacant Land,S12000047,e998e5f9-b4af-42cd-8816-217d383535a5,2025-11-30,2598
pub_vdl.864,Fife,SOUTH OF ELGIN ROAD,CA015,COWDENBEATH,S01009418,Developable - Short Term,316887,691965,Ownership unknown,Ownership unknown,2001-2004,Unknown,0.18,Vacant Land,S12000047,e998e5f9-b4af-42cd-8816-217d383535a5,2025-11-30,2494
pub_vdl.865,Fife,GAS WORKS SITE,CA018,VALLEYFIELD PLACE COWDENBEATH,S01009418,Unknown (uncertain/insufficient information),316938,691977,Private Gas,Not applicable (i.e. only one owner),2001-2004,Storage,0.32,Derelict,S12000047,e998e5f9-b4af-42cd-8816-217d383535a5,2025-11-30,2475
pub_vdl.873,Fife,FORMER LUMPHINNANS PIGGERY,COW100,OFF GRAY PARK COWDENBEATH,S01009417,Developable - Undetermined,316383,693090,Other Private,Not applicable (i.e. only one owner),2012,Agriculture,0.42,Derelict,S12000047,e998e5f9-b4af-42cd-8816-217d383535a5,2025-11-30,2530
pub_vdl.867,Fife,TROTTING TRACK,CAC002,GLENGASK GROVE KELTY,S01009427,Unknown (uncertain/insufficient information),314368,694696,Ownership unknown,Ownership unknown,1996-2000,Recreation & Leisure,2.04,Derelict,S12000047,e998e5f9-b4af-42cd-8816-217d383535a5,2025-11-30,2671
pub_vdl.868,Fife,AUCHTERDERRAN CENTRE,CAC003,WOODEND ROAD AUCHTERDERRAN,S01009443,Developable - Undetermined,321381,696106,Local Authority,Not applicable (i.e. only one owner),2014,Education,1.31,Derelict,S12000047,e998e5f9-b4af-42cd-8816-217d383535a5,2025-11-30,2673
pub_vdl.869,Fife,CRAIGS QUARRY,CAR001,KINGLASSIE ROAD CARDENDEN,S01009443,Unknown (uncertain/insufficient information),321673,696643,Unknown Private,Not applicable (i.e. only one owner),Unknown,Mineral Activity,13.08,Derelict,S12000047,e998e5f9-b4af-42cd-8816-217d383535a5,2025-11-30,2628
pub_vdl.870,Fife,PITFIRRANE,CDAC001,LAND SOUTH OF ALLOTMENTS CROSSFORD,S01009288,Unknown (uncertain/insufficient information),306548,685967,Local Authority,Local Authority,2006,Unknown,1.56,Derelict,S12000047,e998e5f9-b4af-42cd-8816-217d383535a5,2025-11-30,2669
pub_vdl.871,Fife,FORMER DUNFERMLINE LOCAL OFFICE,CDAC002,WALMER DRIVE DUNFERMLINE,S01009308,Developable - Undetermined,309410,687430,Local Authority,Not applicable (i.e. only one owner),2013,Offices,0.2,Derelict,S12000047,e998e5f9-b4af-42cd-8816-217d383535a5,2025-11-30,2672
pub_vdl.875,Fife,CUPAR CLOSES,CUP161,BONNYGATE CUPAR,S01009689,Developable - Short Term,337465,714523,Local Authority,Not applicable (i.e. only one owner),1991-1995,Other,0.19,Derelict,S12000047,e998e5f9-b4af-42cd-8816-217d383535a5,2025-11-30,2523
pub_vdl.876,Fife,HILLEND INDUSTRIAL PARK,DAL161,24 RIDGE WAY DALGETY BAY,S01009403,Developable - Short Term,316211,684260,Other Private,Not applicable (i.e. only one owner),Unknown,Other General Industry,2.58,Derelict,S12000047,e998e5f9-b4af-42cd-8816-217d383535a5,2025-11-30,2536
pub_vdl.877,Fife,STH OF Q MARGARET HOSP,DC015,DUNFERMLINE,S01009326,Unknown (uncertain/insufficient information),311313,688431,Ownership unknown,Ownership unknown,1996-2000,Unknown,3.28,Vacant Land,S12000047,e998e5f9-b4af-42cd-8816-217d383535a5,2025-11-30,2652
pub_vdl.1022,Fife,DERELICT SITE,MF030,NORTHALL ROAD MARKINCH,S01009609,Unknown (uncertain/insufficient information),329978,702332,Ownership unknown,Ownership unknown,2008,Unknown,0.32,Derelict,S12000047,e998e5f9-b4af-42cd-8816-217d383535a5,2025-11-30,2554
pub_vdl.878,Fife,THE ROODS,DC019,INVERKEITHING,S01009381,Unknown (uncertain/insufficient information),312910,683248,Ownership unknown,Ownership unknown,1996-2000,Unknown,2.94,Vacant Land,S12000047,e998e5f9-b4af-42cd-8816-217d383535a5,2025-11-30,2648
pub_vdl.879,Fife,CHURCH STREET,DC022,INVERKEITHING,S01009389,Unknown (uncertain/insufficient information),312996,683159,Ownership unknown,Ownership unknown,1996-2000,Unknown,0.28,Derelict,S12000047,e998e5f9-b4af-42cd-8816-217d383535a5,2025-11-30,2565
pub_vdl.883,Fife,TOWNHILL POWER STATION,DC038,TOWNHILL,S01009325,Unknown (uncertain/insufficient information),310062,689519,Ownership unknown,Ownership unknown,1996-2000,Utility Services,1.32,Derelict,S12000047,e998e5f9-b4af-42cd-8816-217d383535a5,2025-11-30,2668
pub_vdl.884,Fife,SCHOOL ROW,DC042,CARNOCK ROAD DUNFERMLINE,S01009294,Developable - Short Term,307406,688529,Ownership unknown,Ownership unknown,2001-2004,Unknown,1.26,Derelict,S12000047,e998e5f9-b4af-42cd-8816-217d383535a5,2025-11-30,2600
pub_vdl.902,Fife,ST COLUMBUS PRIMARY SCHOOL,EF018,SHORT LANE CUPAR,S01009686,Developable - Short Term,337419,714337,Local Authority,Not applicable (i.e. only one owner),2007,Education,0.35,Derelict,S12000047,e998e5f9-b4af-42cd-8816-217d383535a5,2025-11-30,2480
pub_vdl.903,Fife,CERES MILL,EF019,BY CERES,S01009695,Developable - Undetermined,340570,712395,Other Private,Not applicable (i.e. only one owner),2008,Other General Industry,0.26,Derelict,S12000047,e998e5f9-b4af-42cd-8816-217d383535a5,2025-11-30,2486
pub_vdl.880,Fife,FERRY TOLL ROAD,DC027,TANK FARM ROSYTH,S01009377,Unknown (uncertain/insufficient information),311295,682176,Ownership unknown,Ownership unknown,1996-2000,Defence,6.05,Derelict,S12000047,e998e5f9-b4af-42cd-8816-217d383535a5,2025-11-30,2497
pub_vdl.891,Fife,FORMER BT DEPOT,DC068,BY BRAESIDE COTTAGE CROSSFORD,S01009289,Developable - Short Term,307547,687025,Private Telecommunications,Not applicable (i.e. only one owner),1996-2000,Utility Services,0.84,Derelict,S12000047,e998e5f9-b4af-42cd-8816-217d383535a5,2025-11-30,2623
pub_vdl.881,Fife,FERRY TOLL ROAD,DC027A,TANK FARM ROSYTH,S01009377,Unknown (uncertain/insufficient information),311589,681990,Ownership unknown,Ownership unknown,1996-2000,Defence,14.99,Vacant Land,S12000047,e998e5f9-b4af-42cd-8816-217d383535a5,2025-11-30,2567
pub_vdl.882,Fife,DOCKYARD EAST,DC028,ROSYTH,S01009377,Unknown (uncertain/insufficient information),311389,681703,Ownership unknown,Ownership unknown,1996-2000,Nature Conservation,8.05,Derelict,S12000047,e998e5f9-b4af-42cd-8816-217d383535a5,2025-11-30,2566
pub_vdl.988,Fife,ARMY DEPOT,LAD001,CUPAR ROAD LADYBANK,S01009664,Developable - Undetermined,330078,710393,Other Private,Not applicable (i.e. only one owner),Unknown,Defence,0.95,Vacant Land,S12000047,e998e5f9-b4af-42cd-8816-217d383535a5,2025-11-30,2487
pub_vdl.885,Fife,FISHER CAMPUS 2,DC043,ROSYTH EUROPARC ROSYTH,S01009377,Developable - Short Term,310439,682504,Other Private,Not applicable (i.e. only one owner),2001-2004,Defence,1.19,Vacant Land,S12000047,e998e5f9-b4af-42cd-8816-217d383535a5,2025-11-30,2595
pub_vdl.886,Fife,MARCONI'S,DC045,DALGETY BAY,S01009403,Developable - Short Term,315658,683908,Ownership unknown,Ownership unknown,2001-2004,Manufacturing,1.39,Vacant Land,S12000047,e998e5f9-b4af-42cd-8816-217d383535a5,2025-11-30,2492
pub_vdl.894,Fife,2 MUIRTON WAY,DC071,2 MUIRTON WAY DALGETY BAY,S01009403,Developable - Medium Term,315570,684217,Ownership unknown,Not applicable (i.e. only one owner),2008,Unknown,1.15,Vacant Land,S12000047,e998e5f9-b4af-42cd-8816-217d383535a5,2025-11-30,2636
pub_vdl.901,Fife,DERELICT LAND,EF013,OPPOSTITE CRAIL AIRFIELD CRAIL,S01009713,Unknown (uncertain/insufficient information),362311,709296,Ownership unknown,Not applicable (i.e. only one owner),2006,Agriculture,0.62,Derelict,S12000047,e998e5f9-b4af-42cd-8816-217d383535a5,2025-11-30,2606
pub_vdl.1044,Glasgow City,,1536,AUCHINLOCH ST/ PETERSHILL ROAD.,S01010225,Developable - Undetermined,260796,667034,Other Private,Not applicable (i.e. only one owner),1981-1985,Unknown,0.17,Vacant Land,S12000049,05df8fc4-004a-4125-8629-0ae5c553022b,2025-12-03,256
pub_vdl.887,Fife,FISHER CAMPUS 1,DC046,ROSYTH EUROPARC ROSYTH,S01009377,Developable - Short Term,310549,682503,Other Private,Private Port Company,2001-2004,Defence,1.16,Vacant Land,S12000047,e998e5f9-b4af-42cd-8816-217d383535a5,2025-11-30,2608
pub_vdl.888,Fife,FORTIES COMMERCIAL CAMPUS 2,DC047,ROSYTH EUROPARC ROSYTH,S01009377,Developable - Short Term,311079,682143,Other Private,Not applicable (i.e. only one owner),2001-2004,Defence,0.99,Vacant Land,S12000047,e998e5f9-b4af-42cd-8816-217d383535a5,2025-11-30,2604
pub_vdl.895,Fife,HILLEND INDUSTRIAL PARK,DC072,RIDGE WAY DALGETY BAY,S01009403,Developable - Undetermined,315658,684180,Ownership unknown,Not applicable (i.e. only one owner),1996-2000,Unknown,0.35,Vacant Land,S12000047,e998e5f9-b4af-42cd-8816-217d383535a5,2025-11-30,2644
pub_vdl.889,Fife,FORTIES COMMERCIAL CAMPUS 1,DC048,ROSYTH EUROPARC ROSYTH,S01009377,Developable - Short Term,310659,682412,Other Private,Not applicable (i.e. only one owner),2001-2004,Defence,4.42,Vacant Land,S12000047,e998e5f9-b4af-42cd-8816-217d383535a5,2025-11-30,2618
pub_vdl.890,Fife,FLEMING BUILDING,DC062,BEECH WAY HILLEND INDUSTRIAL ESTATE DALGETY BAY,S01009403,Developable - Short Term,315440,684111,Ownership unknown,Ownership unknown,2001-2004,Wholesale Distribution,0.95,Vacant Land,S12000047,e998e5f9-b4af-42cd-8816-217d383535a5,2025-11-30,2476
pub_vdl.896,Fife,DENBEATH PARISH CHURCH,DEN161,BANCRAIG STREET LEVENMOUTH,S01009619,Developable - Short Term,336152,698771,Other Private,Not applicable (i.e. only one owner),2001-2004,Other,0.16,Derelict,S12000047,e998e5f9-b4af-42cd-8816-217d383535a5,2025-11-30,2541
pub_vdl.1082,Glasgow City,,1560,REAR OF 42-78 GARDENSIDE CRESCENT.,S01010071,Developable - Undetermined,264682,661526,Local Authority,Not applicable (i.e. only one owner),1981-1985,Agriculture,0.78,Vacant Land,S12000049,05df8fc4-004a-4125-8629-0ae5c553022b,2025-12-03,257
pub_vdl.892,Fife,CALDWELLS,DC069,INVERKEITHING,S01009383,Unknown (uncertain/insufficient information),312987,682462,Ownership unknown,Not applicable (i.e. only one owner),2001-2004,Manufacturing,7.45,Vacant Land,S12000047,e998e5f9-b4af-42cd-8816-217d383535a5,2025-11-30,2582
pub_vdl.897,Fife,ST MARGARETS WORKS,DUN001,PILMUIR STREET DUNFERMLINE,S01009301,Developable - Undetermined,309083,687910,Other Private,Not applicable (i.e. only one owner),1991-1995,Manufacturing,0.7,Derelict,S12000047,e998e5f9-b4af-42cd-8816-217d383535a5,2025-11-30,2544
pub_vdl.898,Fife,CAR PARK,EF002,WOODBURN PLACE ST ANDREWS,S01009717,Unknown (uncertain/insufficient information),351658,716252,Ownership unknown,Not applicable (i.e. only one owner),2006,Transport,0.1,Derelict,S12000047,e998e5f9-b4af-42cd-8816-217d383535a5,2025-11-30,2611
pub_vdl.899,Fife,RANKIN COURT,EF009,RANKIN COURT WORMIT,S01009752,Developable - Medium Term,340620,726997,Ownership unknown,Not applicable (i.e. only one owner),2006,Unknown,0.19,Vacant Land,S12000047,e998e5f9-b4af-42cd-8816-217d383535a5,2025-11-30,2549
pub_vdl.900,Fife,FINCRAIGS,EF011,NR GAULDRY,S01009746,Unknown (uncertain/insufficient information),336856,722880,Ownership unknown,Not applicable (i.e. only one owner),2006,Agriculture,0.22,Derelict,S12000047,e998e5f9-b4af-42cd-8816-217d383535a5,2025-11-30,2548
pub_vdl.940,Fife,CONCRETE WORKS,HWV005,WALKER STREET KINCARDINE,S01009264,Unknown (uncertain/insufficient information),293386,687019,Other Private,Not applicable (i.e. only one owner),1986-1990,Manufacturing,0.49,Derelict,S12000047,e998e5f9-b4af-42cd-8816-217d383535a5,2025-11-30,2493
pub_vdl.893,Fife,PRESTONHALL QUARRY,DC070,INVERKEITHING,S01009387,Unknown (uncertain/insufficient information),313786,682416,Ownership unknown,Not applicable (i.e. only one owner),2001-2004,Mineral Activity,8.14,Derelict,S12000047,e998e5f9-b4af-42cd-8816-217d383535a5,2025-11-30,2583
pub_vdl.918,Fife,BANKHEAD 1,GLE101,EASTFIELD IE GLENROTHES,S01009575,Developable - Undetermined,328863,699550,Other Private,Not applicable (i.e. only one owner),2001-2004,Manufacturing,0.96,Derelict,S12000047,e998e5f9-b4af-42cd-8816-217d383535a5,2025-11-30,2528
pub_vdl.904,Fife,WORMIT SANDPIT,EF024,WORMIT,S01009743,Unknown (uncertain/insufficient information),339750,725688,Ownership unknown,Ownership unknown,2008,Mineral Activity,0.64,Derelict,S12000047,e998e5f9-b4af-42cd-8816-217d383535a5,2025-11-30,2569
pub_vdl.905,Fife,LAND AT HARBOUR,EF026,TAYPORT,S01009747,Unknown (uncertain/insufficient information),345915,728944,Public Port Authority,Not applicable (i.e. only one owner),2008,Utility Services,0.17,Vacant Land,S12000047,e998e5f9-b4af-42cd-8816-217d383535a5,2025-11-30,2495
pub_vdl.906,Fife,VACANT LAND,EF027,HILL STREET STRATHMIGLO,S01009675,Unknown (uncertain/insufficient information),321964,709970,Ownership unknown,Ownership unknown,2008,Unknown,0.71,Derelict,S12000047,e998e5f9-b4af-42cd-8816-217d383535a5,2025-11-30,2518
pub_vdl.907,Fife,OPPOSITE STAGHEAD INN,EF028,ST ANDREWS ROAD LARGOWARD,S01009702,Developable - Short Term,346574,707262,Ownership unknown,Ownership unknown,2009,Unknown,0.23,Derelict,S12000047,e998e5f9-b4af-42cd-8816-217d383535a5,2025-11-30,2601
pub_vdl.919,Fife,FORMER CLYDESDALE,GLE102,NORTH STREET GLENROTHES,S01009574,Developable - Medium Term,327340,701089,Other Private,Not applicable (i.e. only one owner),2013,Offices,0.16,Vacant Land,S12000047,e998e5f9-b4af-42cd-8816-217d383535a5,2025-11-30,2529
pub_vdl.908,Fife,ST MARGARETS FARM,EF030,JAMES STREET PITTENWEEM,S01009703,Developable - Short Term,355042,702789,Ownership unknown,Ownership unknown,2009,Agriculture,0.35,Derelict,S12000047,e998e5f9-b4af-42cd-8816-217d383535a5,2025-11-30,2602
pub_vdl.909,Fife,DERELICT FARM,EF033,STATION ROAD SPRINGFIELD,S01009681,Unknown (uncertain/insufficient information),334295,711835,Ownership unknown,Ownership unknown,2009,Agriculture,0.64,Derelict,S12000047,e998e5f9-b4af-42cd-8816-217d383535a5,2025-11-30,2489
pub_vdl.910,Fife,PITMILLY HOUSE,EF035,A917 BY BOARHILLS,S01009715,Unknown (uncertain/insufficient information),357885,713626,Ownership unknown,Ownership unknown,2009,Residential - Housing,0.18,Derelict,S12000047,e998e5f9-b4af-42cd-8816-217d383535a5,2025-11-30,2511
pub_vdl.911,Fife,SMITH ANDERSON MILL,FAL161,WELL BRAE FALKLAND,S01009670,Developable - Medium Term,325344,707125,Other Private,Not applicable (i.e. only one owner),2015,Manufacturing,2.25,Derelict,S12000047,e998e5f9-b4af-42cd-8816-217d383535a5,2025-11-30,2537
pub_vdl.912,Fife,BALGONIE BING,GA024,DOUBLEDYKE ROAD THORNTON BY,S01009614,Unknown (uncertain/insufficient information),330720,698812,Other Private,Not applicable (i.e. only one owner),1986-1990,Mineral Activity,7.99,Derelict,S12000047,e998e5f9-b4af-42cd-8816-217d383535a5,2025-11-30,2562
pub_vdl.920,Fife,WHITEHILL-A,GLE103,WHITEHILL IE GLENROTHES,S01009576,Developable - Undetermined,325494,699572,Other Private,Not applicable (i.e. only one owner),2005,Manufacturing,1.2,Derelict,S12000047,e998e5f9-b4af-42cd-8816-217d383535a5,2025-11-30,2531
pub_vdl.913,Fife,GARAGE SITES,GA034,BY NEW INN ROUNDABOUT BY KIRKFORTHAR FEUS,S01009611,Developable - Undetermined,328468,704964,Ownership unknown,Ownership unknown,2001-2004,Other,0.12,Derelict,S12000047,e998e5f9-b4af-42cd-8816-217d383535a5,2025-11-30,2512
pub_vdl.914,Fife,DERELICT LAND,GA050,WHITEHILL IE GLENROTHES,S01009576,Unknown (uncertain/insufficient information),325193,699483,Ownership unknown,Ownership unknown,2005,Passive Open Space,0.18,Derelict,S12000047,e998e5f9-b4af-42cd-8816-217d383535a5,2025-11-30,2516
pub_vdl.924,Fife,FORMER CO-OP,GLE161,KINGDOM CENTRE GLENROTHES,S01009574,Developable - Short Term,327562,701023,Other Private,Not applicable (i.e. only one owner),2012,Retailing,0.39,Derelict,S12000047,e998e5f9-b4af-42cd-8816-217d383535a5,2025-11-30,2642
pub_vdl.915,Fife,WESTIFIELD DEVELOPMENT CENTRE,GAC001,WESTFIELD KYNGLASSIE,S01009545,Developable - Undetermined,319264,698088,Ownership unknown,Ownership unknown,2011,Utility Services,16.25,Derelict,S12000047,e998e5f9-b4af-42cd-8816-217d383535a5,2025-11-30,2660
pub_vdl.916,Fife,LAND TO THE SOUTH OF STRATHORE ROAD,GAC002,STRATHORE ROAD THORNTON,S01009547,Unknown (uncertain/insufficient information),328345,697376,Local Authority,Local Authority,1991-1995,Other General Industry,1.47,Derelict,S12000047,e998e5f9-b4af-42cd-8816-217d383535a5,2025-11-30,2667
pub_vdl.917,Fife,HARTWELL BUILDING,GLE100,QUEESNWAY IE GLENROTHES,S01009574,Developable - Medium Term,328218,701268,Local Authority,Not applicable (i.e. only one owner),2014,Manufacturing,2.55,Vacant Land,S12000047,e998e5f9-b4af-42cd-8816-217d383535a5,2025-11-30,2575
pub_vdl.922,Fife,WHITEHILL-C,GLE105,WHITEHILL IE GLENROTHES,S01009576,Developable - Undetermined,325042,699551,Other Private,Not applicable (i.e. only one owner),2005,Manufacturing,0.94,Derelict,S12000047,e998e5f9-b4af-42cd-8816-217d383535a5,2025-11-30,2533
pub_vdl.923,Fife,WHITEHILL-D,GLE106,WHITEHILL IE GLENROTHES,S01009576,Developable - Undetermined,324819,699499,Other Private,Not applicable (i.e. only one owner),2005,Manufacturing,0.51,Derelict,S12000047,e998e5f9-b4af-42cd-8816-217d383535a5,2025-11-30,2534
pub_vdl.925,Fife,FORMER POLICE STATION,GLE162,NAPIER ROAD GLENROTHES,S01009564,Developable - Short Term,326927,701284,Other National/Local Government,Not applicable (i.e. only one owner),2015,Offices,0.43,Derelict,S12000047,e998e5f9-b4af-42cd-8816-217d383535a5,2025-11-30,2538
pub_vdl.926,Fife,FORMER SAWMILL,HCHF018,CUPARMUIR,S01009684,Developable - Short Term,335987,713491,Ownership unknown,Ownership unknown,2001-2004,Other General Industry,1.9,Vacant Land and Buildings,S12000047,e998e5f9-b4af-42cd-8816-217d383535a5,2025-11-30,2615
pub_vdl.927,Fife,GRANARY SITE,HCHF027,CUPAR,S01009691,Developable - Undetermined,337781,714490,Ownership unknown,Ownership unknown,2005,Other,0.18,Derelict,S12000047,e998e5f9-b4af-42cd-8816-217d383535a5,2025-11-30,2484
pub_vdl.928,Fife,ADJACENT TO ASDA,HDC071,ST LEONARDS DUNFERMLINE,S01009313,Unknown (uncertain/insufficient information),309783,686785,Ownership unknown,Ownership unknown,1996-2000,Unknown,1.06,Vacant Land,S12000047,e998e5f9-b4af-42cd-8816-217d383535a5,2025-11-30,2506
pub_vdl.941,Fife,YARD 9,ICA028,THISTLE IE COWDENBEATH,S01009489,Developable - Medium Term,317228,691512,Property Services Agency,Not applicable (i.e. only one owner),2005,Other General Industry,0.73,Derelict,S12000047,e998e5f9-b4af-42cd-8816-217d383535a5,2025-11-30,2558
pub_vdl.929,Fife,PRINLAWS MILL,HGA019,PRINLAWS ROAD LESLIE,S01009552,Developable - Undetermined,324217,701157,Other Private,Not applicable (i.e. only one owner),1986-1990,Manufacturing,4.25,Derelict,S12000047,e998e5f9-b4af-42cd-8816-217d383535a5,2025-11-30,2510
pub_vdl.947,Fife,WHITEHILL IE 3,IGA015,GLENROTHES,S01009576,Developable - Short Term,324810,699566,Other Private,Not applicable (i.e. only one owner),1991-1995,Agriculture,0.36,Derelict,S12000047,e998e5f9-b4af-42cd-8816-217d383535a5,2025-11-30,2514
pub_vdl.930,Fife,THE SHED,HKA007,WOODEND ROAD CARDENDEN,S01009443,Developable - Undetermined,321065,696294,Ownership unknown,Ownership unknown,2001-2004,Other General Industry,0.21,Vacant Land,S12000047,e998e5f9-b4af-42cd-8816-217d383535a5,2025-11-30,2589
pub_vdl.931,Fife,NAIRNS SITE,HKA018,NAIRN STREET KIRKCALDY,S01009524,Developable - Short Term,328671,692702,Other Private,Not applicable (i.e. only one owner),1986-1990,Manufacturing,5.04,Vacant Land and Buildings,S12000047,e998e5f9-b4af-42cd-8816-217d383535a5,2025-11-30,2500
pub_vdl.932,Fife,KATHERINE STREET,HKA020,KIRKCALDY,S01009481,Developable - Short Term,327612,692623,Other Private,Not applicable (i.e. only one owner),1996-2000,Storage,0.2,Derelict,S12000047,e998e5f9-b4af-42cd-8816-217d383535a5,2025-11-30,2627
pub_vdl.933,Fife,BUILDERS YARD,HKA021,SEAFIELD ROAD KIRKCALDY,S01009474,Unknown (uncertain/insufficient information),327877,689940,Other Private,Not applicable (i.e. only one owner),1986-1990,Storage,0.68,Derelict,S12000047,e998e5f9-b4af-42cd-8816-217d383535a5,2025-11-30,2563
pub_vdl.1083,Glasgow City,,1572,STATION ROAD.,S01010090,Developable - Undetermined,268184,663647,Local Authority,Not applicable (i.e. only one owner),1981-1985,Unknown,0.14,Vacant Land,S12000049,05df8fc4-004a-4125-8629-0ae5c553022b,2025-12-03,258
pub_vdl.934,Fife,GRANGE DISTILLERY,HKA055,BURNTISLAND,S01009462,Developable - Short Term,322786,686640,Ownership unknown,Ownership unknown,2001-2004,Manufacturing,1.68,Derelict,S12000047,e998e5f9-b4af-42cd-8816-217d383535a5,2025-11-30,2502
pub_vdl.935,Fife,REAR BAYVIEW PARK,HLA011,KIRKLAND ROAD METHIL,S01009636,Developable - Medium Term,337234,700051,Other Private,Not applicable (i.e. only one owner),1986-1990,Transport,0.61,Derelict,S12000047,e998e5f9-b4af-42cd-8816-217d383535a5,2025-11-30,2491
pub_vdl.1063,Glasgow City,,1138,EGLINTON STREET/ TURRIF ST/ MACINLAY ST,S01010034,Developable - Short Term,258547,663663,Local Authority,Not applicable (i.e. only one owner),1981-1985,Residential - Housing,0.64,Vacant Land,S12000049,05df8fc4-004a-4125-8629-0ae5c553022b,2025-12-03,240
pub_vdl.936,Fife,MOTRAY PARK,HSTA010,GUARDBRIDGE,S01009738,Developable - Undetermined,344730,719862,Other Private,Not applicable (i.e. only one owner),2005,Recreation & Leisure,1.79,Vacant Land,S12000047,e998e5f9-b4af-42cd-8816-217d383535a5,2025-11-30,2545
pub_vdl.937,Fife,SCOTS & FYFE LTD,HTC010,NELSON STREET TAYPORT,S01009751,Developable - Medium Term,346208,728272,Ownership unknown,Not applicable (i.e. only one owner),2012,Manufacturing,0.89,Vacant Land,S12000047,e998e5f9-b4af-42cd-8816-217d383535a5,2025-11-30,2639
pub_vdl.938,Fife,DENMYLNE STEADING,HTC016,NEWBURGH,S01009678,Developable - Short Term,324977,717511,Ownership unknown,Ownership unknown,2001-2004,Agriculture,0.4,Derelict,S12000047,e998e5f9-b4af-42cd-8816-217d383535a5,2025-11-30,2501
pub_vdl.939,Fife,BOAT ROAD,HTC019,NEWPORT ON TAY,S01009753,Developable - Short Term,341914,727678,Ownership unknown,Ownership unknown,2005,Other,0.12,Derelict,S12000047,e998e5f9-b4af-42cd-8816-217d383535a5,2025-11-30,2655
pub_vdl.1084,Glasgow City,,1659,BOGBAIN ROAD.,S01010122,Developable - Undetermined,267394,665841,Local Authority,Not applicable (i.e. only one owner),1981-1985,Unknown,0.23,Vacant Land,S12000049,05df8fc4-004a-4125-8629-0ae5c553022b,2025-12-03,259
pub_vdl.942,Fife,STATION GOODYARD 2,ICHF004,LADYBANK,S01009664,Unknown (uncertain/insufficient information),330697,709951,Network Rail/ Rail Franchise Holder,Not applicable (i.e. only one owner),1996-2000,Transport,1.57,Derelict,S12000047,e998e5f9-b4af-42cd-8816-217d383535a5,2025-11-30,2609
pub_vdl.952,Fife,NR WASTE DISPOSAL STATION,IGA052,THORNTON,S01009547,Unknown (uncertain/insufficient information),328767,697106,Scottish Enterprise,Not applicable (i.e. only one owner),1996-2000,Passive Open Space,2.86,Derelict,S12000047,e998e5f9-b4af-42cd-8816-217d383535a5,2025-11-30,2586
pub_vdl.943,Fife,BELLEKNOWES,IDC018,INVERKEITHING,S01009381,Unknown (uncertain/insufficient information),312750,683793,Other Private,Not applicable (i.e. only one owner),1996-2000,Unknown,2.09,Derelict,S12000047,e998e5f9-b4af-42cd-8816-217d383535a5,2025-11-30,2564
pub_vdl.944,Fife,RD57 SITE,IDC030,ROSYTH,Unknown,Unknown (uncertain/insufficient information),309263,682454,Defence,Not applicable (i.e. only one owner),1996-2000,Defence,21.88,Derelict,S12000047,e998e5f9-b4af-42cd-8816-217d383535a5,2025-11-30,2599
pub_vdl.945,Fife,DUNFERMLINE BP,IDC078,ROSYTH,S01009364,Developable - Medium Term,310653,684511,Other Private,Not applicable (i.e. only one owner),2005,Passive Open Space,5.99,Vacant Land,S12000047,e998e5f9-b4af-42cd-8816-217d383535a5,2025-11-30,2546
pub_vdl.946,Fife,GARAGE NO 53,IDC079,CAMDEAN CRESCENT ROSYTH,S01009366,Developable - Medium Term,311102,684071,Local Authority,Not applicable (i.e. only one owner),2008,Unknown,0.28,Derelict,S12000047,e998e5f9-b4af-42cd-8816-217d383535a5,2025-11-30,2635
pub_vdl.948,Fife,SOUTHFIELD IE3,IGA026,GLENROTHES,S01009576,Developable - Short Term,325630,699171,Other National/Local Government,Other Private,1991-1995,Agriculture,1.13,Vacant Land,S12000047,e998e5f9-b4af-42cd-8816-217d383535a5,2025-11-30,2626
pub_vdl.949,Fife,WHITEHILL IE 2,IGA028,FORMER TARMAC TOPMIX SITE GLENROTHES,S01009576,Developable - Short Term,324859,699363,Other Private,Not applicable (i.e. only one owner),1980 or earlier,Agriculture,0.3,Vacant Land,S12000047,e998e5f9-b4af-42cd-8816-217d383535a5,2025-11-30,2577
pub_vdl.950,Fife,FORMER EATONS FACTORY,IGA040,BANKHEAD GLENROTHES,S01009581,Developable - Short Term,329135,699661,Other Private,Not applicable (i.e. only one owner),2001-2004,Manufacturing,1.71,Vacant Land,S12000047,e998e5f9-b4af-42cd-8816-217d383535a5,2025-11-30,2610
pub_vdl.972,Fife,FORMER OPENCAST SITE EAST,KA10,WESTFIELD BY KINGLASSIE,S01009545,Unknown (uncertain/insufficient information),321771,698169,Private Coal Company,Not applicable (i.e. only one owner),1986-1990,Mineral Activity,28.48,Derelict,S12000047,e998e5f9-b4af-42cd-8816-217d383535a5,2025-11-30,2542
pub_vdl.951,Fife,SOUTHFIELD IE SOUTH EAST,IGA048,GLENROTHES,S01009576,Developable - Short Term,326600,698593,Scottish Enterprise,Not applicable (i.e. only one owner),2005,Passive Open Space,1.66,Vacant Land,S12000047,e998e5f9-b4af-42cd-8816-217d383535a5,2025-11-30,2515
pub_vdl.1064,Glasgow City,,1139,MACKINLAY STREET TURRIF ST/POLLO- KSHAWS ROAD.,S01010034,Developable - Medium Term,258622,663707,Local Authority,Not applicable (i.e. only one owner),1981-1985,Residential - Housing,0.29,Vacant Land,S12000049,05df8fc4-004a-4125-8629-0ae5c553022b,2025-12-03,241
pub_vdl.953,Fife,METHIL DOCKS(1-2),ILA012,METHIL,S01009631,Developable - Short Term,337252,699291,Public Port Authority,Not applicable (i.e. only one owner),1996-2000,Manufacturing,4.93,Derelict,S12000047,e998e5f9-b4af-42cd-8816-217d383535a5,2025-11-30,2498
pub_vdl.954,Fife,NETHERTON IE,ILEN021,ST MONANS,S01009706,Developable - Undetermined,352349,701871,Other Private,Not applicable (i.e. only one owner),1996-2000,Unknown,0.55,Derelict,S12000047,e998e5f9-b4af-42cd-8816-217d383535a5,2025-11-30,2624
pub_vdl.955,Fife,FORMER SCHOOL,INV161,ROODS ROAD INVERKEITHING,S01009382,Developable - Medium Term,312971,683022,Other Private,Not applicable (i.e. only one owner),2008,Education,0.82,Derelict,S12000047,e998e5f9-b4af-42cd-8816-217d383535a5,2025-11-30,2539
pub_vdl.956,Fife,MUGDRUM EAST,ITC015,NEWBURGH,S01009680,Developable - Undetermined,323080,718449,Other Private,Not applicable (i.e. only one owner),2001-2004,Other,0.25,Derelict,S12000047,e998e5f9-b4af-42cd-8816-217d383535a5,2025-11-30,2519
pub_vdl.981,Fife,FORMER CENTRAL FARMERS,LA015,METHIL,S01009636,Developable - Medium Term,337363,700105,Ownership unknown,Not applicable (i.e. only one owner),2001-2004,Other,1.76,Vacant Land,S12000047,e998e5f9-b4af-42cd-8816-217d383535a5,2025-11-30,2490
pub_vdl.967,Fife,SMEATON PLACE,KA066,KIRKCALDY,S01009533,Unknown (uncertain/insufficient information),328798,692901,Ownership unknown,Ownership unknown,2005,Manufacturing,0.66,Derelict,S12000047,e998e5f9-b4af-42cd-8816-217d383535a5,2025-11-30,2578
pub_vdl.995,Fife,FORMER STEADING,LEN013,BY FIFE NESS BALCOMIE ROAD CRAIL,S01009713,Developable - Undetermined,363256,709908,Ownership unknown,Ownership unknown,2001-2004,Agriculture,0.47,Derelict,S12000047,e998e5f9-b4af-42cd-8816-217d383535a5,2025-11-30,2503
pub_vdl.957,Fife,LONGANNET A,IWV016,KINCARDINE,S01009264,Developable - Undetermined,293901,686199,Private Coal Company,Not applicable (i.e. only one owner),2001-2004,Mineral Activity,4.98,Derelict,S12000047,e998e5f9-b4af-42cd-8816-217d383535a5,2025-11-30,2557
pub_vdl.958,Fife,LONGANNET B,IWV017,KINCARDINE,S01009264,Developable - Undetermined,294947,685679,Private Coal Company,Not applicable (i.e. only one owner),2001-2004,Mineral Activity,5.95,Derelict,S12000047,e998e5f9-b4af-42cd-8816-217d383535a5,2025-11-30,2524
pub_vdl.959,Fife,FORMER CINEMA,KA004,HIGH STREET BURNTISLAND,S01009460,Developable - Undetermined,323207,685870,Other Private,Other Private,Unknown,Recreation & Leisure,0.1,Derelict,S12000047,e998e5f9-b4af-42cd-8816-217d383535a5,2025-11-30,2625
pub_vdl.960,Fife,RAILWAY SIDINGS,KA009,NORMAND ROAD DYSART,S01009536,Developable - Medium Term,330345,693790,Other Private,Not applicable (i.e. only one owner),1986-1990,Transport,1.13,Vacant Land,S12000047,e998e5f9-b4af-42cd-8816-217d383535a5,2025-11-30,2657
pub_vdl.961,Fife,FORMER OPENCAST SITE,KA010,WESTFIELD BY KINGLASSIE,S01009545,Unknown (uncertain/insufficient information),319916,698241,Private Coal Company,Not applicable (i.e. only one owner),1986-1990,Mineral Activity,68.3,Derelict,S12000047,e998e5f9-b4af-42cd-8816-217d383535a5,2025-11-30,2535
pub_vdl.962,Fife,FORMER ELECTRICITY STATION,KA013,VICTORIA ROAD KIRKCALDY,S01009526,Developable - Undetermined,328214,692402,Other Private,Not applicable (i.e. only one owner),1986-1990,Utility Services,0.64,Derelict,S12000047,e998e5f9-b4af-42cd-8816-217d383535a5,2025-11-30,2620
pub_vdl.963,Fife,WELLSGREEN BING,KA032,STANDING STANES ROAD BY KIRKCALDY,S01009541,Unknown (uncertain/insufficient information),333530,698237,Other Private,Not applicable (i.e. only one owner),1986-1990,Mineral Activity,11.88,Derelict,S12000047,e998e5f9-b4af-42cd-8816-217d383535a5,2025-11-30,2482
pub_vdl.964,Fife,FORMER COAL DEPOT,KA033,JUNCTION ROAD KIRKCALDY,S01009527,Developable - Undetermined,328936,692949,Ownership unknown,Not applicable (i.e. only one owner),2001-2004,Storage,0.69,Derelict,S12000047,e998e5f9-b4af-42cd-8816-217d383535a5,2025-11-30,2509
pub_vdl.965,Fife,HARDSTANDING,KA041,BURNTISLAND ROAD KINGHORN,S01009468,Developable - Short Term,326725,686710,Ownership unknown,Ownership unknown,2001-2004,Unknown,0.59,Vacant Land,S12000047,e998e5f9-b4af-42cd-8816-217d383535a5,2025-11-30,2499
pub_vdl.966,Fife,FORMER POULTRY FARM,KA065,KINGLASSIE,S01009545,Developable - Undetermined,322915,698726,Other Private,Other Private,Unknown,Agriculture,2.7,Derelict,S12000047,e998e5f9-b4af-42cd-8816-217d383535a5,2025-11-30,2517
pub_vdl.989,Fife,FORMER SAWMILL,LAD100,THE BEECHES LADYBANK,S01009664,Unknown (uncertain/insufficient information),330224,710344,Ownership unknown,Ownership unknown,2012,Forestry/Woodland,0.91,Derelict,S12000047,e998e5f9-b4af-42cd-8816-217d383535a5,2025-11-30,2593
pub_vdl.968,Fife,4M PLANT,KA067,DEAN ROAD KIRKCALDY,S01009522,Developable - Medium Term,328335,693068,Ownership unknown,Not applicable (i.e. only one owner),2009,Manufacturing,4.28,Vacant Land,S12000047,e998e5f9-b4af-42cd-8816-217d383535a5,2025-11-30,2638
pub_vdl.969,Fife,THE PRYORY CAMPUS,KA069,VICTORIA ROAD KIRKCALDY,S01009526,Developable - Medium Term,328446,692276,Ownership unknown,Not applicable (i.e. only one owner),2015,Education,1.21,Derelict,S12000047,e998e5f9-b4af-42cd-8816-217d383535a5,2025-11-30,2640
pub_vdl.970,Fife,STOCKS CARPETS,KA070,278 LINKS STREET KIRKCALDY,S01009473,Developable - Medium Term,327739,690242,Ownership unknown,Not applicable (i.e. only one owner),2012,Other General Industry,0.21,Derelict,S12000047,e998e5f9-b4af-42cd-8816-217d383535a5,2025-11-30,2637
pub_vdl.971,Fife,LINKS STREET,KA071,LINKS STREET KIRKCALDY,S01009473,Developable - Medium Term,327752,690380,Ownership unknown,Not applicable (i.e. only one owner),2009,Residential - Housing,0.1,Derelict,S12000047,e998e5f9-b4af-42cd-8816-217d383535a5,2025-11-30,2645
pub_vdl.973,Fife,RAVENSCRAIG GARDENS EAST LODGE,KAC001,DYSART ROAD KIRKCALDY,S01009530,Developable - Medium Term,330094,692991,Local Authority,Local Authority,2010,Storage,0.3,Derelict,S12000047,e998e5f9-b4af-42cd-8816-217d383535a5,2025-11-30,2653
pub_vdl.975,Fife,FORMER STAGECOACH BUILDINGS,KIR101,ESPLANADE KIRKCALDY,S01009474,Unknown (uncertain/insufficient information),327878,690115,Other Private,Not applicable (i.e. only one owner),2001-2004,Transport,1.22,Derelict,S12000047,e998e5f9-b4af-42cd-8816-217d383535a5,2025-11-30,2521
pub_vdl.976,Fife,OLD BABYGRO FACTORY,KIR102,HAYFIELD IE KIRKCALDY,S01009523,Developable - Medium Term,327260,693546,Ownership unknown,Ownership unknown,2001-2004,Other General Industry,1.57,Vacant Land,S12000047,e998e5f9-b4af-42cd-8816-217d383535a5,2025-11-30,2576
pub_vdl.977,Fife,FORMER SWIMMING POOL,KIR103,ESPLANADE KIRKCALDY,S01009479,Developable - Medium Term,328129,691317,Local Authority,Not applicable (i.e. only one owner),2012,Recreation & Leisure,0.36,Derelict,S12000047,e998e5f9-b4af-42cd-8816-217d383535a5,2025-11-30,2527
pub_vdl.978,Fife,SOUTH PIER,KIR162,PROMENADE KIRKCALDY,S01009526,Developable - Undetermined,328563,691769,Private Port Company,Not applicable (i.e. only one owner),2010,Other General Industry,0.14,Derelict,S12000047,e998e5f9-b4af-42cd-8816-217d383535a5,2025-11-30,2540
pub_vdl.986,Fife,HAUGH HOUSE,LAC002,MONTOGOMERY DRIVE LEVEN,S01009644,Unknown (uncertain/insufficient information),336794,700859,Ownership unknown,Ownership unknown,2020,Other General Industry,1.37,Derelict,S12000047,e998e5f9-b4af-42cd-8816-217d383535a5,2025-11-30,2665
pub_vdl.996,Fife,EAST NEUK GARDEN CENTRE,LEN018,ST ANDREWS ROAD CRAIL,S01009714,Developable - Medium Term,360941,707941,Ownership unknown,Not applicable (i.e. only one owner),2007,Retailing,0.83,Derelict,S12000047,e998e5f9-b4af-42cd-8816-217d383535a5,2025-11-30,2641
pub_vdl.1060,Glasgow City,,1081,CLYDESMILL DRIVE,S01010071,Developable - Short Term,264402,661410,Other Private,Other National/Local Government,1981-1985,Manufacturing,1.95,Derelict,S12000049,05df8fc4-004a-4125-8629-0ae5c553022b,2025-12-03,235
pub_vdl.1065,Glasgow City,,1143,NORTH OF 473 CALEDONIA RD,S01010023,Developable - Medium Term,259721,663394,Local Authority,Other Private,1981-1985,Community & Health,0.26,Vacant Land,S12000049,05df8fc4-004a-4125-8629-0ae5c553022b,2025-12-03,242
pub_vdl.979,Fife,FORMER BING,LA001,RISING SUN ROAD BUCKHAVEN,S01009619,Unknown (uncertain/insufficient information),336407,698341,Other Private,Local Authority,1980 or earlier,Mineral Activity,5.28,Derelict,S12000047,e998e5f9-b4af-42cd-8816-217d383535a5,2025-11-30,2505
pub_vdl.980,Fife,VACANT LAND,LA002,RISING SUN ROAD BUCKHAVEN,S01009619,Developable - Undetermined,336234,698229,Other National/Local Government,Other Private,1991-1995,Passive Open Space,3,Derelict,S12000047,e998e5f9-b4af-42cd-8816-217d383535a5,2025-11-30,2607
pub_vdl.982,Fife,FORMER POWER STATION,LA018,METHIL,S01009635,Developable - Medium Term,338139,700221,Scottish Power,Not applicable (i.e. only one owner),2001-2004,Utility Services,4.41,Derelict,S12000047,e998e5f9-b4af-42cd-8816-217d383535a5,2025-11-30,2631
pub_vdl.983,Fife,KVAERNER,LA026,METHIL,S01009619,Unknown (uncertain/insufficient information),336498,698527,Other Private,Not applicable (i.e. only one owner),2001-2004,Manufacturing,17.79,Derelict,S12000047,e998e5f9-b4af-42cd-8816-217d383535a5,2025-11-30,2614
pub_vdl.984,Fife,AREA BEHIND FOOTBALL GROUND,LA027,METHIL,S01009635,Unknown (uncertain/insufficient information),337986,700244,Ownership unknown,Not applicable (i.e. only one owner),2001-2004,Unknown,0.44,Vacant Land,S12000047,e998e5f9-b4af-42cd-8816-217d383535a5,2025-11-30,2621
pub_vdl.985,Fife,LUNDIN LINKS HOTEL,LAC001,LUNDIN LINKS HOTEL LUNDING LINKS,S01009653,Developable - Medium Term,341121,702798,Ownership unknown,Ownership unknown,2014,"Residential - Hotels, Hostels etc",0.27,Derelict,S12000047,e998e5f9-b4af-42cd-8816-217d383535a5,2025-11-30,2658
pub_vdl.992,Fife,DIS.AIRFIELD BUILDINGS,LEN004,BALCOMIE ROAD CRAIL,S01009713,Unknown (uncertain/insufficient information),362502,709213,Other Private,Other Private,1996-2000,Defence,14.53,Derelict,S12000047,e998e5f9-b4af-42cd-8816-217d383535a5,2025-11-30,2612
pub_vdl.993,Fife,OLD AIRFIELD BLDGS(2),LEN007,KILDUNCAN BY KINGSBARNS,S01009715,Unknown (uncertain/insufficient information),357555,711553,Ownership unknown,Not applicable (i.e. only one owner),1986-1990,Defence,0.63,Derelict,S12000047,e998e5f9-b4af-42cd-8816-217d383535a5,2025-11-30,2580
pub_vdl.994,Fife,LARGO HOUSE AND STEADING,LEN008,OFF BLINDWELL ROAD UPPER LARGO,S01009651,Unknown (uncertain/insufficient information),341903,703595,Other Private,Not applicable (i.e. only one owner),2001-2004,Other,0.64,Derelict,S12000047,e998e5f9-b4af-42cd-8816-217d383535a5,2025-11-30,2656
pub_vdl.1002,Fife,FORMER FACTORY,LOC101,AUCHTERDERRAN ROAD LOCHGELLY,S01009442,Unknown (uncertain/insufficient information),319068,694015,Ownership unknown,Not applicable (i.e. only one owner),2014,Manufacturing,0.8,Vacant Land and Buildings,S12000047,e998e5f9-b4af-42cd-8816-217d383535a5,2025-11-30,2520
pub_vdl.997,Fife,DIS.AIRFIELD BUILDINGS,LEN019,WEST BALCOMIE ROAD CRAIL,S01009713,Unknown (uncertain/insufficient information),361740,709172,Ownership unknown,Not applicable (i.e. only one owner),1996-2000,Defence,10.92,Derelict,S12000047,e998e5f9-b4af-42cd-8816-217d383535a5,2025-11-30,2647
pub_vdl.998,Fife,FORMER CINEMA,LES100,MURRAY PLACE LESLIE,S01009555,Developable - Undetermined,324930,701755,Other Private,Not applicable (i.e. only one owner),2006,Recreation & Leisure,0.1,Vacant Land,S12000047,e998e5f9-b4af-42cd-8816-217d383535a5,2025-11-30,2526
pub_vdl.999,Fife,FORMER 3 WAYS INN,LEV004,BRIDGE STREET LEVEN,S01009642,Developable - Medium Term,338037,700579,Ownership unknown,Not applicable (i.e. only one owner),1996-2000,Recreation & Leisure,0.1,Derelict,S12000047,e998e5f9-b4af-42cd-8816-217d383535a5,2025-11-30,2513
pub_vdl.1000,Fife,DERELICT BUILDINGS WITHIN SILVERBURN PARK,LEV161,LARGO ROAD LEVENMOUTH,S01009651,Uneconomic to Develop/Soft End Use,339354,701918,Local Authority,Not applicable (i.e. only one owner),1986-1990,Recreation & Leisure,0.27,Derelict,S12000047,e998e5f9-b4af-42cd-8816-217d383535a5,2025-11-30,2651
pub_vdl.1001,Fife,FORMER FABTEK FACTORY,LOC100,HALL STREET LOCHGELLY,S01009446,Unknown (uncertain/insufficient information),318901,693482,Other Private,Not applicable (i.e. only one owner),1991-1995,Manufacturing,0.87,Derelict,S12000047,e998e5f9-b4af-42cd-8816-217d383535a5,2025-11-30,2571
pub_vdl.1008,Fife,CHEMISS RD/SEA RD,MET101,CHEMISS RD/SEA RD METHIL,S01009627,Unknown (uncertain/insufficient information),335897,699821,Ownership unknown,Ownership unknown,2014,Recreation & Leisure,0.9,Derelict,S12000047,e998e5f9-b4af-42cd-8816-217d383535a5,2025-11-30,2597
pub_vdl.1117,Glasgow City,,2185,EDINGTON STREET.,S01010297,Developable - Short Term,258776,666683,Scottish Enterprise,Not applicable (i.e. only one owner),1986-1990,Other General Industry,0.52,Vacant Land,S12000049,05df8fc4-004a-4125-8629-0ae5c553022b,2025-12-03,293
pub_vdl.1004,Fife,INDUSTRIAL PARK LOCHGELLY,LOC102,LOCHGELLY INDUSTRIAL PARK LOCHGELLY,S01009448,Developable - Medium Term,319386,693493,Local Authority,Not applicable (i.e. only one owner),1980 or earlier,Unknown,2.34,Vacant Land,S12000047,e998e5f9-b4af-42cd-8816-217d383535a5,2025-11-30,2634
pub_vdl.1005,Fife,BRUNTON RD BRUNTON RD,MAR100,MARKINCH,S01009609,Unknown (uncertain/insufficient information),329868,701840,Ownership unknown,Ownership unknown,2014,Transport,0.11,Derelict,S12000047,e998e5f9-b4af-42cd-8816-217d383535a5,2025-11-30,2585
pub_vdl.1006,Fife,FORMER SAWMILL,MET100,METHIL BRAE METHIL,S01009638,Developable - Medium Term,336917,700658,Ownership unknown,Ownership unknown,2009,Forestry/Woodland,4.72,Vacant Land,S12000047,e998e5f9-b4af-42cd-8816-217d383535a5,2025-11-30,2588
pub_vdl.1007,Fife,FORMER GAS WORKS,STA001,THE SHORE ST ANDREWS,S01009722,Developable - Undetermined,351580,716351,Private Gas,Not applicable (i.e. only one owner),2001-2004,Storage,0.26,Derelict,S12000047,e998e5f9-b4af-42cd-8816-217d383535a5,2025-11-30,2574
pub_vdl.1009,Fife,LAND NR REDHOUSE ROUNDABOUT,MF003,KIRKCALDY,S01009547,Unknown (uncertain/insufficient information),329325,695194,Ownership unknown,Not applicable (i.e. only one owner),2006,Unknown,0.28,Derelict,S12000047,e998e5f9-b4af-42cd-8816-217d383535a5,2025-11-30,2570
pub_vdl.1010,Fife,FORMER BRICKWORKS,MF007,SEA ROAD METHIL,S01009628,Unknown (uncertain/insufficient information),336345,699240,Ownership unknown,Not applicable (i.e. only one owner),2006,Manufacturing,2.72,Derelict,S12000047,e998e5f9-b4af-42cd-8816-217d383535a5,2025-11-30,2508
pub_vdl.1011,Fife,NORTH OF BEECH AVENUE,MF009,THORNTON,S01009549,Unknown (uncertain/insufficient information),329001,697970,Ownership unknown,Not applicable (i.e. only one owner),2006,Agriculture,0.38,Derelict,S12000047,e998e5f9-b4af-42cd-8816-217d383535a5,2025-11-30,2553
pub_vdl.1012,Glasgow City,,1535,BLOCHAIRN ROAD/ SEIMENS ROAD.,S01010229,Developable - Undetermined,261626,666379,Local Authority,Other Private,1981-1985,Manufacturing,1.27,Vacant Land,S12000049,05df8fc4-004a-4125-8629-0ae5c553022b,2025-12-03,255
pub_vdl.1013,Fife,LAND SOUTH OF STRATHORE ROAD,MF010,THORNTON,S01009547,Unknown (uncertain/insufficient information),328203,697275,Other Private,Not applicable (i.e. only one owner),2006,Mineral Activity,1.06,Derelict,S12000047,e998e5f9-b4af-42cd-8816-217d383535a5,2025-11-30,2552
pub_vdl.1015,Fife,LAND TO REAR OF MILL STREET,MF012,KIRKCALDY,S01009473,Unknown (uncertain/insufficient information),327226,690170,Ownership unknown,Not applicable (i.e. only one owner),2006,Unknown,0.38,Derelict,S12000047,e998e5f9-b4af-42cd-8816-217d383535a5,2025-11-30,2551
pub_vdl.1016,Fife,HOUSES,MF018,EASTER BALBEGGIE NR THORNTON,S01009547,Unknown (uncertain/insufficient information),329255,696204,Other Private,Not applicable (i.e. only one owner),2006,Residential - Housing,0.17,Derelict,S12000047,e998e5f9-b4af-42cd-8816-217d383535a5,2025-11-30,2555
pub_vdl.1017,Fife,FORMER FACTORY,MF020,METHILHAVEN ROAD METHIL,S01009636,Unknown (uncertain/insufficient information),337209,700162,Other Private,Not applicable (i.e. only one owner),2006,Manufacturing,0.93,Derelict,S12000047,e998e5f9-b4af-42cd-8816-217d383535a5,2025-11-30,2613
pub_vdl.1018,Fife,HIGH STREET,MF023,COWDENBEATH,S01009418,Developable - Short Term,316609,691701,Ownership unknown,Ownership unknown,2007,Other,0.54,Derelict,S12000047,e998e5f9-b4af-42cd-8816-217d383535a5,2025-11-30,2654
pub_vdl.1019,Fife,FORMER GASWORKS,MF025,KELTY,S01009431,Developable - Undetermined,314303,694950,Ownership unknown,Ownership unknown,2007,Manufacturing,1.24,Derelict,S12000047,e998e5f9-b4af-42cd-8816-217d383535a5,2025-11-30,2616
pub_vdl.1020,Fife,LAND AT GRANGE FARM,MF041,COWDENBEATH ROAD BURNTISLAND,S01009462,Unknown (uncertain/insufficient information),322438,686723,Other Private,Not applicable (i.e. only one owner),2009,Agriculture,0.42,Derelict,S12000047,e998e5f9-b4af-42cd-8816-217d383535a5,2025-11-30,2525
pub_vdl.1021,Fife,FORMER RAILWAY SIDING,MF026,NEWBIGGING,S01009457,Unknown (uncertain/insufficient information),322520,690773,Network Rail/ Rail Franchise Holder,Not applicable (i.e. only one owner),2007,Transport,1.19,Derelict,S12000047,e998e5f9-b4af-42cd-8816-217d383535a5,2025-11-30,2617
pub_vdl.1153,Glasgow City,,2623,232-236 BROOMIE- LAW/2 ANDERSTON QUAY.,S01010272,Developable - Medium Term,258140,664976,Scottish Enterprise,Not applicable (i.e. only one owner),1986-1990,Utility Services,0.34,Vacant Land,S12000049,05df8fc4-004a-4125-8629-0ae5c553022b,2025-12-03,324
pub_vdl.1023,Fife,MOUNTFLEURIE INDUSTRIAL ESTATE,MF031,WINDYGATES ROAD LEVEN,S01009644,Unknown (uncertain/insufficient information),336793,700962,Ownership unknown,Ownership unknown,2008,Unknown,1.52,Derelict,S12000047,e998e5f9-b4af-42cd-8816-217d383535a5,2025-11-30,2488
pub_vdl.1024,Fife,THE PIGGERY,MF035,THE AVENUE LOCHGELLY,S01009442,Unknown (uncertain/insufficient information),319234,693154,Ownership unknown,Ownership unknown,2008,Agriculture,0.58,Derelict,S12000047,e998e5f9-b4af-42cd-8816-217d383535a5,2025-11-30,2504
pub_vdl.1025,Fife,ASTRO SOCCER COMPLEX,MF038,VIEWFIELD GLENROTHES,S01009580,Unknown (uncertain/insufficient information),327121,699512,Ownership unknown,Ownership unknown,2001-2004,Recreation & Leisure,0.8,Derelict,S12000047,e998e5f9-b4af-42cd-8816-217d383535a5,2025-11-30,2584
pub_vdl.1026,Fife,BURNTISLAND DOCKS,MF039,LAMMERLAWS ROAD BURNTISLAND,S01009460,Unknown (uncertain/insufficient information),323632,685698,Public Port Authority,Not applicable (i.e. only one owner),2009,Other,1.01,Derelict,S12000047,e998e5f9-b4af-42cd-8816-217d383535a5,2025-11-30,2643
pub_vdl.1027,Fife,FORMER SOCIALSECURITY OFFICE,MF040,FACTORY ROAD COWDENBEATH,S01009418,Developable - Medium Term,316632,691746,Other National/Local Government,Not applicable (i.e. only one owner),2001-2004,Offices,0.17,Vacant Land and Buildings,S12000047,e998e5f9-b4af-42cd-8816-217d383535a5,2025-11-30,2522
pub_vdl.1028,Fife,DEN ROAD,MF064,DEN ROAD KIRKCALDY,S01009524,Developable - Undetermined,328211,692526,Unknown Private,Not applicable (i.e. only one owner),2001-2004,Manufacturing,0.59,Derelict,S12000047,e998e5f9-b4af-42cd-8816-217d383535a5,2025-11-30,2581
pub_vdl.1066,Glasgow City,,1260,AULDHOUSE BURN/ WELLMEADOW ROAD,S01009938,Unknown (uncertain/insufficient information),255327,660735,Other Private,Not applicable (i.e. only one owner),1981-1985,Unknown,2.1,Vacant Land,S12000049,05df8fc4-004a-4125-8629-0ae5c553022b,2025-12-03,243
pub_vdl.1029,Fife,OLD STRAND FACTORY,MF066,MITCHELSTON DRIVE KIRKCALDY,S01009531,Developable - Medium Term,328746,694805,Other Private,Not applicable (i.e. only one owner),2007,Other General Industry,14.68,Vacant Land and Buildings,S12000047,e998e5f9-b4af-42cd-8816-217d383535a5,2025-11-30,2633
pub_vdl.1030,Fife,STATION,NEAC001,1 PITLESSIE ROAD LADYBANK,S01009666,Developable - Medium Term,330687,709685,Ownership unknown,Ownership unknown,2011,Other General Industry,0.18,Derelict,S12000047,e998e5f9-b4af-42cd-8816-217d383535a5,2025-11-30,2659
pub_vdl.1031,Fife,DUTCH VILLAGE,NEAC002,CRAIGTOUN PARK ST ANDREWS,S01009734,Unknown (uncertain/insufficient information),348174,714118,Local Authority,Local Authority,2005,Recreation & Leisure,0.1,Derelict,S12000047,e998e5f9-b4af-42cd-8816-217d383535a5,2025-11-30,2664
pub_vdl.1032,Fife,FORMER CAFÉ,ROS01,FERRY TOLL ROAD ROSYTH,S01009377,Developable - Medium Term,310920,682605,Ownership unknown,Ownership unknown,2007,Recreation & Leisure,0.63,Derelict,S12000047,e998e5f9-b4af-42cd-8816-217d383535a5,2025-11-30,2591
pub_vdl.1033,Fife,FORMER PIGGERY,ROS100,PATTIESMUIR PATTIESMUIR,S01009288,Unknown (uncertain/insufficient information),309512,683842,Ownership unknown,Ownership unknown,2014,Agriculture,0.5,Derelict,S12000047,e998e5f9-b4af-42cd-8816-217d383535a5,2025-11-30,2560
pub_vdl.1061,Glasgow City,LAURIESTON,1127,BEDFORD STREET/ STIRLINGFAULD PL NORFOLK COURT,S01010035,Developable - Short Term,258961,664350,Other Private,Other Private,1981-1985,Residential - Housing,1.36,Derelict,S12000049,05df8fc4-004a-4125-8629-0ae5c553022b,2025-12-03,238
pub_vdl.1034,Fife,CRAIGTOUN HOUSE,STA002,CRAIGTOUN PARK ST ANDREWS,S01009734,Developable - Undetermined,348018,714385,Ownership unknown,Not applicable (i.e. only one owner),1991-1995,Community & Health,2.62,Derelict,S12000047,e998e5f9-b4af-42cd-8816-217d383535a5,2025-11-30,2543
pub_vdl.1035,Fife,FORMER TIP SITE,STA006,HIGH ROAD STRATHKINNESS,S01009733,Unknown (uncertain/insufficient information),345486,716385,Ownership unknown,Ownership unknown,2001-2004,Community & Health,1.38,Derelict,S12000047,e998e5f9-b4af-42cd-8816-217d383535a5,2025-11-30,2573
pub_vdl.1036,Fife,FORMER POULTRY FARM,STA009,KILDUNCAN BY KINGSBARNS,S01009715,Unknown (uncertain/insufficient information),357401,711901,Unknown Private,Not applicable (i.e. only one owner),1996-2000,Agriculture,1.14,Derelict,S12000047,e998e5f9-b4af-42cd-8816-217d383535a5,2025-11-30,2605
pub_vdl.1037,Fife,SPRINGFIELD STATION,STA012,SPRINGFIELD,S01009681,Unknown (uncertain/insufficient information),335061,711958,Network Rail/ Rail Franchise Holder,Not applicable (i.e. only one owner),2005,Transport,0.14,Derelict,S12000047,e998e5f9-b4af-42cd-8816-217d383535a5,2025-11-30,2559
pub_vdl.1038,Fife,LAND ADJACENT TO BLOCK 14,SWAC001,RIDGE WAY DALGETY BAY,S01009403,Developable - Undetermined,315811,684169,Local Authority,Local Authority,2006,Other,0.28,Derelict,S12000047,e998e5f9-b4af-42cd-8816-217d383535a5,2025-11-30,2663
pub_vdl.1039,Fife,FORMER MET STATION,TC007,TAYPORT,S01009742,Unknown (uncertain/insufficient information),347073,727726,Ownership unknown,Not applicable (i.e. only one owner),2001-2004,Other,1.96,Derelict,S12000047,e998e5f9-b4af-42cd-8816-217d383535a5,2025-11-30,2622
pub_vdl.1040,Fife,FORMER QUARRY,WF002,BOWLEYS NR STEELEND,S01009277,Unknown (uncertain/insufficient information),309263,692759,Ownership unknown,Not applicable (i.e. only one owner),2006,Mineral Activity,1.42,Derelict,S12000047,e998e5f9-b4af-42cd-8816-217d383535a5,2025-11-30,2547
pub_vdl.1041,Fife,RC CHURCH OF ST PETER,WF034,FERRYTOLL ROAD ROSYTH,S01009377,Unknown (uncertain/insufficient information),310982,682614,Other Private,Not applicable (i.e. only one owner),2008,Community & Health,0.17,Derelict,S12000047,e998e5f9-b4af-42cd-8816-217d383535a5,2025-11-30,2474
pub_vdl.1042,Fife,GOAT QUARRY 2,WF035,NR CROSSGATES,S01009457,Unknown (uncertain/insufficient information),317213,686534,Other Private,Not applicable (i.e. only one owner),2009,Mineral Activity,2.2,Derelict,S12000047,e998e5f9-b4af-42cd-8816-217d383535a5,2025-11-30,2619
pub_vdl.1043,Fife,CARPET UNIT,WF037,LATHALMONT DUMFERMLINE,S01009277,Developable - Undetermined,310008,692138,Unknown Private,Not applicable (i.e. only one owner),2012,Community & Health,1.11,Derelict,S12000047,e998e5f9-b4af-42cd-8816-217d383535a5,2025-11-30,2646
pub_vdl.1045,Fife,GOAT QUARRY,WF009,NR CROSSGATES,S01009456,Unknown (uncertain/insufficient information),317571,687102,Other Private,Not applicable (i.e. only one owner),2006,Mineral Activity,23.59,Derelict,S12000047,e998e5f9-b4af-42cd-8816-217d383535a5,2025-11-30,2572
pub_vdl.1046,Fife,WILLIAM STREET,WF025,DUNFERMLINE,S01009299,Unknown (uncertain/insufficient information),308404,687522,Ownership unknown,Not applicable (i.e. only one owner),2006,Unknown,0.15,Derelict,S12000047,e998e5f9-b4af-42cd-8816-217d383535a5,2025-11-30,2481
pub_vdl.1047,Fife,OAKLEY PAVILLION,WF031,MAIN STREET OAKLEY,S01009270,Unknown (uncertain/insufficient information),302469,689388,Ownership unknown,Ownership unknown,2008,Recreation & Leisure,0.24,Vacant Land,S12000047,e998e5f9-b4af-42cd-8816-217d383535a5,2025-11-30,2550
pub_vdl.1048,Glasgow City,,1106,CALEDONIA ROAD/ LAWMOOR STREET/ CATHCART ROAD,S01010033,Developable - Short Term,258971,663582,Other Private,Other National/Local Government,1981-1985,Residential - Housing,0.89,Vacant Land,S12000049,05df8fc4-004a-4125-8629-0ae5c553022b,2025-12-03,237
pub_vdl.1049,Glasgow City,GLASGOW HARBOUR,112,CASTLEBANK ST / BENALDER ST,S01010387,Developable - Medium Term,255995,666350,Other Private,Other National/Local Government,1980 or earlier,Transport,0.92,Derelict,S12000049,05df8fc4-004a-4125-8629-0ae5c553022b,2025-12-03,160
pub_vdl.1050,Fife,FORMER POWER STATION,WV007,KINCARDINE,S01009264,Unknown (uncertain/insufficient information),292396,688320,Scottish Power,Not applicable (i.e. only one owner),1996-2000,Utility Services,44.75,Derelict,S12000047,e998e5f9-b4af-42cd-8816-217d383535a5,2025-11-30,2568
pub_vdl.1051,Fife,COMRIE BING,WV014,NORTH OF BLAIRHALL BLAIRHALL,S01009268,Unknown (uncertain/insufficient information),300149,690993,Coal Authority,Not applicable (i.e. only one owner),1986-1990,Mineral Activity,60.96,Derelict,S12000047,e998e5f9-b4af-42cd-8816-217d383535a5,2025-11-30,2477
pub_vdl.1052,Fife,CASTLEBLAIR,WV015,BLAIRHALL,S01009268,Unknown (uncertain/insufficient information),297768,689977,Ownership unknown,Ownership unknown,2001-2004,Mineral Activity,5.28,Derelict,S12000047,e998e5f9-b4af-42cd-8816-217d383535a5,2025-11-30,2479
pub_vdl.1053,Fife,LONGANNET E,WV023,LONGANNET KINCARDINE,S01009264,Developable - Medium Term,295314,685360,Unknown Private,Not applicable (i.e. only one owner),2016,Mineral Activity,37.98,Derelict,S12000047,e998e5f9-b4af-42cd-8816-217d383535a5,2025-11-30,2650
pub_vdl.1054,Fife,LONGANNET C,WV021,KINCARDINE,S01009264,Unknown (uncertain/insufficient information),294345,685944,Scottish Power,Not applicable (i.e. only one owner),2005,Mineral Activity,33.77,Derelict,S12000047,e998e5f9-b4af-42cd-8816-217d383535a5,2025-11-30,2478
pub_vdl.1055,Fife,LONGANNET D,WV022,KINCARDINE,S01009264,Unknown (uncertain/insufficient information),294573,686268,Scottish Power,Not applicable (i.e. only one owner),2005,Mineral Activity,7.19,Derelict,S12000047,e998e5f9-b4af-42cd-8816-217d383535a5,2025-11-30,2579
pub_vdl.1056,Glasgow City,DIXON BLAZES,1100,INDUSTRIAL EST. CATHCART ROAD,S01010033,Developable - Undetermined,259126,663171,Other Private,Not applicable (i.e. only one owner),1980 or earlier,Unknown,3.39,Derelict,S12000049,05df8fc4-004a-4125-8629-0ae5c553022b,2025-12-03,236
pub_vdl.1057,Fife,LONGANNET F,WV024,LONGANNET KINCARDINE,S01009264,Developable - Medium Term,294695,686034,Unknown Private,Not applicable (i.e. only one owner),2005,Mineral Activity,9.64,Derelict,S12000047,e998e5f9-b4af-42cd-8816-217d383535a5,2025-11-30,2632
pub_vdl.1058,Fife,BOGSIDE COLLIERY,WV040,BALGOWNIE MAINS BLAIRHALL,S01009282,Unknown (uncertain/insufficient information),297950,689157,Ownership unknown,Ownership unknown,1986-1990,Mineral Activity,11.4,Derelict,S12000047,e998e5f9-b4af-42cd-8816-217d383535a5,2025-11-30,2661
pub_vdl.1059,Glasgow City,,1076,S OF LONDON RD,S01010065,Uneconomic to Develop/Soft End Use,263160,662621,Other Private,Not applicable (i.e. only one owner),1981-1985,Unknown,5.46,Derelict,S12000049,05df8fc4-004a-4125-8629-0ae5c553022b,2025-12-03,234
pub_vdl.1071,Glasgow City,,1532,SIGHTHILL FREIGHT TERMINAL SPRINGBURN RD,S01010225,Developable - Undetermined,261088,666801,Other Private,Not applicable (i.e. only one owner),1981-1985,Other General Industry,1.55,Derelict,S12000049,05df8fc4-004a-4125-8629-0ae5c553022b,2025-12-03,254
pub_vdl.1069,Glasgow City,,1319,SOUTH OF EDMISTON DRIVE,S01009843,Developable - Undetermined,255140,664470,Local Authority,Not applicable (i.e. only one owner),1981-1985,Transport,3.24,Derelict,S12000049,05df8fc4-004a-4125-8629-0ae5c553022b,2025-12-03,246
pub_vdl.1070,Glasgow City,,153,NORTH OF 168 KELVINHAUGH ST,S01010286,Developable - Short Term,256534,665853,Other Private,Not applicable (i.e. only one owner),1980 or earlier,Transport,0.19,Vacant Land,S12000049,05df8fc4-004a-4125-8629-0ae5c553022b,2025-12-03,163
pub_vdl.1073,Glasgow City,GLASGOW HARBOUR,135,E OF MEADOWSIDE STREET,S01010387,Developable - Short Term,255593,666163,Local Authority,Other Private,1980 or earlier,Storage,7.78,Vacant Land,S12000049,05df8fc4-004a-4125-8629-0ae5c553022b,2025-12-03,161
pub_vdl.1074,Glasgow City,CARDONALD BIS PK,1364,S OF F.P. PLACE/ EAST OF FIFTY PITCHES ROAD,S01009833,Developable - Undetermined,252921,665127,Scottish Enterprise,Not applicable (i.e. only one owner),1981-1985,Recreation & Leisure,1.8,Derelict,S12000049,05df8fc4-004a-4125-8629-0ae5c553022b,2025-12-03,247
pub_vdl.1075,Glasgow City,,1414,NORTH OF 585 GOVAN RD,S01009859,Developable - Medium Term,255945,665432,Local Authority,Other Private,1981-1985,Residential - Housing,0.31,Vacant Land,S12000049,05df8fc4-004a-4125-8629-0ae5c553022b,2025-12-03,248
pub_vdl.1076,Glasgow City,,1421,REAR OF 30-70 JOHNSTONE AVENUE HILLINGTON,S01009833,Developable - Undetermined,252762,665047,Other Private,Not applicable (i.e. only one owner),1981-1985,Unknown,0.74,Vacant Land,S12000049,05df8fc4-004a-4125-8629-0ae5c553022b,2025-12-03,249
pub_vdl.1077,Glasgow City,,1422,N OF HEPBURN RD,S01009833,Developable - Undetermined,252702,665280,Other Private,Not applicable (i.e. only one owner),1981-1985,Unknown,2.5,Vacant Land,S12000049,05df8fc4-004a-4125-8629-0ae5c553022b,2025-12-03,250
pub_vdl.1078,Glasgow City,,1470,WEST OF 268 NITSHILL ROAD,S01009779,Developable - Medium Term,252077,660490,Local Authority,Not applicable (i.e. only one owner),1981-1985,Unknown,0.16,Vacant Land,S12000049,05df8fc4-004a-4125-8629-0ae5c553022b,2025-12-03,251
pub_vdl.1154,Glasgow City,,2626,150 CARNTYNEHALL ROAD.,S01010132,Developable - Undetermined,263685,664751,Other Private,Not applicable (i.e. only one owner),1986-1990,Other General Industry,0.22,Vacant Land,S12000049,05df8fc4-004a-4125-8629-0ae5c553022b,2025-12-03,325
pub_vdl.1079,Glasgow City,,1473,DOVE STREET / NITSHILL ROAD,S01009779,Developable - Short Term,252156,660204,Local Authority,Other Private,1981-1985,Unknown,1.16,Vacant Land,S12000049,05df8fc4-004a-4125-8629-0ae5c553022b,2025-12-03,252
pub_vdl.1080,Glasgow City,,1475,PINMORE STREET,S01009776,Developable - Undetermined,251843,660648,Local Authority,Not applicable (i.e. only one owner),1981-1985,Unknown,0.31,Vacant Land,S12000049,05df8fc4-004a-4125-8629-0ae5c553022b,2025-12-03,253
pub_vdl.1081,Glasgow City,GLASGOW HARBOUR,150,YORKHILL QUAY/ FERRY ROAD.,S01010283,Developable - Short Term,256089,665823,Local Authority,Other National/Local Government,2006,Wholesale Distribution,3.14,Vacant Land,S12000049,05df8fc4-004a-4125-8629-0ae5c553022b,2025-12-03,162
pub_vdl.1085,Glasgow City,,1671,WEST OF HORNDEAN CRESCENT.(EASTER Q'LIE IND EST,S01010129,Unknown (uncertain/insufficient information),265489,665988,Other Private,Not applicable (i.e. only one owner),1981-1985,Unknown,0.51,Vacant Land,S12000049,05df8fc4-004a-4125-8629-0ae5c553022b,2025-12-03,260
pub_vdl.1086,Glasgow City,,1673,DUNPHAIL ROAD/ ABBEYCRAIG ROAD.,S01010109,Developable - Undetermined,268942,665900,Local Authority,Not applicable (i.e. only one owner),1981-1985,Residential - Housing,0.99,Vacant Land,S12000049,05df8fc4-004a-4125-8629-0ae5c553022b,2025-12-03,261
pub_vdl.1087,Glasgow City,DARNLEY MAINS,1676,DARNLEY MAINS,S01009767,Developable - Short Term,253389,658785,Other Private,Not applicable (i.e. only one owner),1981-1985,Agriculture,5.05,Vacant Land,S12000049,05df8fc4-004a-4125-8629-0ae5c553022b,2025-12-03,262
pub_vdl.1088,Glasgow City,,1681,WEST OF 556 DALMARNOCK RD,S01010046,Developable - Short Term,261333,663023,Other Private,Not applicable (i.e. only one owner),1981-1985,Transport,1.16,Derelict,S12000049,05df8fc4-004a-4125-8629-0ae5c553022b,2025-12-03,263
pub_vdl.1089,Glasgow City,N.I.S.A.,1683,SPRINGFIELD ROAD KINNEAR ROAD GAILES STREET,S01010050,Developable - Medium Term,262061,663771,Local Authority,Other Private,1980 or earlier,Residential - Housing,2.16,Derelict,S12000049,05df8fc4-004a-4125-8629-0ae5c553022b,2025-12-03,265
pub_vdl.1090,Glasgow City,,1773,EAST OF ATLAS ROAD.,S01010212,Developable - Undetermined,260746,667632,Other Private,Not applicable (i.e. only one owner),1981-1985,Unknown,0.89,Derelict,S12000049,05df8fc4-004a-4125-8629-0ae5c553022b,2025-12-03,266
pub_vdl.1091,Glasgow City,ATLAS IND EST,1786,SOUTH OF 9 EDGEFAULD AVE,S01010212,Unknown (uncertain/insufficient information),260928,667386,Local Authority,Not applicable (i.e. only one owner),1981-1985,Unknown,0.12,Derelict,S12000049,05df8fc4-004a-4125-8629-0ae5c553022b,2025-12-03,267
pub_vdl.1093,Glasgow City,,1812,80 MELBOURNE ST,S01010254,Developable - Short Term,260603,665004,Local Authority,Not applicable (i.e. only one owner),1986-1990,Other General Industry,0.9,Vacant Land,S12000049,05df8fc4-004a-4125-8629-0ae5c553022b,2025-12-03,269
pub_vdl.1094,Glasgow City,,1833,CARSTAIRS STREET COLVEND STREET/ FRENCH STREET,S01010046,Developable - Short Term,261022,663116,Local Authority,Other Private,1981-1985,Unknown,0.4,Vacant Land,S12000049,05df8fc4-004a-4125-8629-0ae5c553022b,2025-12-03,270
pub_vdl.1095,Glasgow City,,1918,N OF PEARCE LANE,S01009860,Developable - Short Term,255435,665882,Local Authority,Not applicable (i.e. only one owner),1981-1985,Unknown,1.62,Vacant Land,S12000049,05df8fc4-004a-4125-8629-0ae5c553022b,2025-12-03,271
pub_vdl.1096,Glasgow City,,1942,N OF SPIERS'BDGE LANE,S01009760,Developable - Short Term,254102,659184,Housing Association,Not applicable (i.e. only one owner),1986-1990,Unknown,1.63,Vacant Land,S12000049,05df8fc4-004a-4125-8629-0ae5c553022b,2025-12-03,272
pub_vdl.1097,Glasgow City,G'GOW BIS PARK,1955,S OF WARDIE RD,S01010103,Developable - Short Term,267318,665169,Other Private,Not applicable (i.e. only one owner),1981-1985,Agriculture,1.8,Derelict,S12000049,05df8fc4-004a-4125-8629-0ae5c553022b,2025-12-03,273
pub_vdl.1098,Glasgow City,,1961,NORTH OF 90 NETHERHOUSE PL.,S01010108,Uneconomic to Develop/Soft End Use,269093,665750,Local Authority,Not applicable (i.e. only one owner),1986-1990,Residential - Housing,0.3,Derelict,S12000049,05df8fc4-004a-4125-8629-0ae5c553022b,2025-12-03,274
pub_vdl.1099,Glasgow City,,1970,WEST OF 18 HARLAND STREET,S01010436,Uneconomic to Develop/Soft End Use,253026,667449,Other Private,Not applicable (i.e. only one owner),1981-1985,Unknown,0.31,Vacant Land,S12000049,05df8fc4-004a-4125-8629-0ae5c553022b,2025-12-03,275
pub_vdl.1161,Glasgow City,RAIL DEPOT,2847,COWLAIRS ROAD.,S01010223,Unknown (uncertain/insufficient information),260086,667993,Network Rail/ Rail Franchise Holder,Not applicable (i.e. only one owner),1991-1995,Transport,0.63,Derelict,S12000049,05df8fc4-004a-4125-8629-0ae5c553022b,2025-12-03,348
pub_vdl.1100,Glasgow City,,1995,ROYSTON ROAD/ SEIMENS STREET.,S01010229,Developable - Undetermined,261585,666598,Other Private,Not applicable (i.e. only one owner),1980 or earlier,Transport,0.72,Vacant Land,S12000049,05df8fc4-004a-4125-8629-0ae5c553022b,2025-12-03,276
pub_vdl.1101,Glasgow City,,1997,STEVENSON STREET / TOBAGO STREET,S01010042,Developable - Medium Term,260430,664398,Local Authority,Other Private,2007,Other General Industry,0.35,Derelict,S12000049,05df8fc4-004a-4125-8629-0ae5c553022b,2025-12-03,277
pub_vdl.1302,Glasgow City,,3593,BELLROCK STREET WEST OF SOUTRA PLACE,S01010160,Unknown (uncertain/insufficient information),264487,665815,Local Authority,Not applicable (i.e. only one owner),2001-2004,Residential - Housing,0.16,Vacant Land,S12000049,05df8fc4-004a-4125-8629-0ae5c553022b,2025-12-03,450
pub_vdl.1102,Glasgow City,,1998,CRAIGNESTOCK STREET.,S01010042,Developable - Medium Term,260399,664320,Local Authority,Other Private,1981-1985,Residential - Housing,0.2,Derelict,S12000049,05df8fc4-004a-4125-8629-0ae5c553022b,2025-12-03,278
pub_vdl.1103,Glasgow City,PHEONIX PK NURSERY,2045,CIVIC STREET,S01010297,Developable - Short Term,258779,666484,Local Authority,Not applicable (i.e. only one owner),2006,Education,1.37,Vacant Land,S12000049,05df8fc4-004a-4125-8629-0ae5c553022b,2025-12-03,279
pub_vdl.1104,Glasgow City,,2053,EAST OF 109 DUNBLANE STREET,S01010270,Developable - Medium Term,258941,666338,Local Authority,Not applicable (i.e. only one owner),1981-1985,Unknown,0.15,Vacant Land,S12000049,05df8fc4-004a-4125-8629-0ae5c553022b,2025-12-03,280
pub_vdl.1105,Glasgow City,,2059,NORTH OF 49 COWLAIRS ROAD,S01010223,Developable - Undetermined,260267,667700,Other Private,Local Authority,1986-1990,Utility Services,0.47,Derelict,S12000049,05df8fc4-004a-4125-8629-0ae5c553022b,2025-12-03,281
pub_vdl.1106,Glasgow City,,2069,EDGEFAULD ROAD/ ATLAS ROAD/ CAMPSIE ST.,S01010212,Developable - Undetermined,260841,667922,Local Authority,Not applicable (i.e. only one owner),1981-1985,Residential - Housing,0.54,Vacant Land,S12000049,05df8fc4-004a-4125-8629-0ae5c553022b,2025-12-03,282
pub_vdl.1107,Glasgow City,,2070,SOUTH OF 15 CROFTBANK STREET,S01010211,Developable - Undetermined,260952,667712,Local Authority,Other National/Local Government,1986-1990,Unknown,0.16,Vacant Land,S12000049,05df8fc4-004a-4125-8629-0ae5c553022b,2025-12-03,283
pub_vdl.1118,Glasgow City,,2193,NORTH OF MOUNTAINBLUE ST,S01010245,Developable - Short Term,261576,664443,Other Private,Not applicable (i.e. only one owner),1986-1990,Storage,0.48,Vacant Land,S12000049,05df8fc4-004a-4125-8629-0ae5c553022b,2025-12-03,294
pub_vdl.1108,Glasgow City,,2071,NORTH OF 327 FORGE STREET,S01010225,Developable - Undetermined,261929,667013,Other Private,Other National/Local Government,1986-1990,Transport,4.56,Derelict,S12000049,05df8fc4-004a-4125-8629-0ae5c553022b,2025-12-03,284
pub_vdl.1109,Glasgow City,,2073,GARTCRAIG ROAD.,S01010174,Uneconomic to Develop/Soft End Use,263881,665996,Other non-Crown,Not applicable (i.e. only one owner),1981-1985,Unknown,0.26,Vacant Land,S12000049,05df8fc4-004a-4125-8629-0ae5c553022b,2025-12-03,285
pub_vdl.1110,Glasgow City,,2106,SOUTH OF HILLEND ROAD/WEST OF S.R.C. WATER,S01010333,Developable - Undetermined,258235,668894,Local Authority,Not applicable (i.e. only one owner),1986-1990,Unknown,2.34,Vacant Land,S12000049,05df8fc4-004a-4125-8629-0ae5c553022b,2025-12-03,286
pub_vdl.1121,Glasgow City,,224,FIRHILL PARK / FIRHILL ROAD,S01010314,Unknown (uncertain/insufficient information),258213,667802,British Waterways,Other Private,1980 or earlier,Other,2.8,Derelict,S12000049,05df8fc4-004a-4125-8629-0ae5c553022b,2025-12-03,164
pub_vdl.1111,Glasgow City,,2111,W OF BOGHALL ST,S01010177,Developable - Medium Term,264644,666308,Housing Association,Not applicable (i.e. only one owner),1986-1990,Residential - Housing,0.93,Vacant Land,S12000049,05df8fc4-004a-4125-8629-0ae5c553022b,2025-12-03,287
pub_vdl.1112,Glasgow City,,2117,1628 CUMBERNAULD ROAD,S01010188,Developable - Undetermined,264415,667546,Other Private,Not applicable (i.e. only one owner),1981-1985,Unknown,0.2,Vacant Land,S12000049,05df8fc4-004a-4125-8629-0ae5c553022b,2025-12-03,288
pub_vdl.1113,Glasgow City,,2153,EAST OF 243 POLLOKSHAWS RD,S01010033,Developable - Medium Term,258624,663504,Other Private,Not applicable (i.e. only one owner),1986-1990,Unknown,0.67,Derelict,S12000049,05df8fc4-004a-4125-8629-0ae5c553022b,2025-12-03,289
pub_vdl.1114,Glasgow City,,2171,EAST OF 130 CAUSEWAYSIDE ST,S01010071,Developable - Undetermined,264134,662820,Local Authority,Other Private,1986-1990,Residential - Housing,0.11,Vacant Land,S12000049,05df8fc4-004a-4125-8629-0ae5c553022b,2025-12-03,290
pub_vdl.1115,Glasgow City,,2175,NORTH OF 60 DORCHESTER AVE,S01010363,Uneconomic to Develop/Soft End Use,255432,668987,Network Rail/ Rail Franchise Holder,Not applicable (i.e. only one owner),1981-1985,Transport,1.19,Derelict,S12000049,05df8fc4-004a-4125-8629-0ae5c553022b,2025-12-03,291
pub_vdl.1119,Glasgow City,,2230,DALMARNOCK ROAD/ MORDAUNT STREET/ BALTIC STREET,S01010046,Developable - Short Term,261354,663273,Local Authority,Other Nationalised Industry or Statutory undertakers,2010,Manufacturing,1.37,Derelict,S12000049,05df8fc4-004a-4125-8629-0ae5c553022b,2025-12-03,295
pub_vdl.1120,Glasgow City,,2474,NITSHILL ROAD NTH OF RAILWAY,S01009779,Developable - Undetermined,252288,660197,Housing Association,Not applicable (i.e. only one owner),1986-1990,Unknown,0.49,Vacant Land,S12000049,05df8fc4-004a-4125-8629-0ae5c553022b,2025-12-03,316
pub_vdl.1316,Glasgow City,,3816,BOGMOOR ROAD,S01009833,Developable - Undetermined,253058,665878,Other Private,Not applicable (i.e. only one owner),2006,Storage,0.27,Vacant Land,S12000049,05df8fc4-004a-4125-8629-0ae5c553022b,2025-12-03,500
pub_vdl.1122,Glasgow City,,2259,EAST OF 100 DORNAL AVENUE.,S01010446,Developable - Undetermined,251385,669366,Local Authority,Not applicable (i.e. only one owner),1986-1990,Passive Open Space,0.33,Vacant Land,S12000049,05df8fc4-004a-4125-8629-0ae5c553022b,2025-12-03,296
pub_vdl.1123,Glasgow City,,2274,MUIRHEAD ROAD / BAILLIESTON RD,S01010088,Uneconomic to Develop/Soft End Use,268319,663002,Other Private,Not applicable (i.e. only one owner),1981-1985,Unknown,3.26,Derelict,S12000049,05df8fc4-004a-4125-8629-0ae5c553022b,2025-12-03,297
pub_vdl.1124,Glasgow City,,2288,W OF 67 POSSIL ROAD,S01010297,Developable - Medium Term,258647,667087,British Waterways,Not applicable (i.e. only one owner),1981-1985,Unknown,0.44,Derelict,S12000049,05df8fc4-004a-4125-8629-0ae5c553022b,2025-12-03,298
pub_vdl.1125,Glasgow City,,229,NORTH OF 620 MARYHILL ROAD,S01010314,Unknown (uncertain/insufficient information),257829,667639,Local Authority,Other Private,1980 or earlier,Unknown,0.12,Vacant Land,S12000049,05df8fc4-004a-4125-8629-0ae5c553022b,2025-12-03,165
pub_vdl.1126,Glasgow City,BLINDCRAFT,2301,SARACEN STREET,S01010311,Developable - Medium Term,258975,667630,Other Private,Not applicable (i.e. only one owner),1981-1985,Manufacturing,0.16,Vacant Land,S12000049,05df8fc4-004a-4125-8629-0ae5c553022b,2025-12-03,299
pub_vdl.1127,Glasgow City,PROVAN GASWORKS,2365,ROYSTON ROAD,S01010228,Developable - Short Term,262149,666673,Private Gas,Not applicable (i.e. only one owner),1980 or earlier,Manufacturing,21.89,Derelict,S12000049,05df8fc4-004a-4125-8629-0ae5c553022b,2025-12-03,305
pub_vdl.1132,Glasgow City,,2331,SOUTH OF 195 FIRPARK STREET.,S01010262,Developable - Undetermined,260635,665565,Local Authority,Other Private,1981-1985,Residential - Housing,1.16,Vacant Land,S12000049,05df8fc4-004a-4125-8629-0ae5c553022b,2025-12-03,302
pub_vdl.1128,Glasgow City,,2369,WILSON STREET/ CANDLERIGGS/ BRUNSWICK ST.,S01010264,Developable - Short Term,259481,665048,Other Private,Not applicable (i.e. only one owner),1986-1990,Retailing,0.53,Vacant Land,S12000049,05df8fc4-004a-4125-8629-0ae5c553022b,2025-12-03,306
pub_vdl.1129,Glasgow City,,2373,125-145 HOLM ST.,S01010273,Developable - Medium Term,258548,665196,Scottish Enterprise,Not applicable (i.e. only one owner),2008,"Residential - Hotels, Hostels etc",0.1,Vacant Land,S12000049,05df8fc4-004a-4125-8629-0ae5c553022b,2025-12-03,307
pub_vdl.1136,Glasgow City,,24,DISUSED RAILWAY BURNHAM RD/YOKER FERRY RD.,S01010442,Developable - Medium Term,251834,668225,Other non-Crown,Other Private,1980 or earlier,Transport,2.64,Derelict,S12000049,05df8fc4-004a-4125-8629-0ae5c553022b,2025-12-03,157
pub_vdl.1130,Glasgow City,,2309,MARYHILL LOCKS,S01010356,Developable - Short Term,256314,669079,Local Authority,Other National/Local Government,1981-1985,Passive Open Space,0.96,Derelict,S12000049,05df8fc4-004a-4125-8629-0ae5c553022b,2025-12-03,300
pub_vdl.1131,Glasgow City,,2310,31-49 DUNCRUIN STREET.,S01010357,Unknown (uncertain/insufficient information),256536,669326,Local Authority,Other Private,1986-1990,Residential - Housing,0.28,Vacant Land,S12000049,05df8fc4-004a-4125-8629-0ae5c553022b,2025-12-03,301
pub_vdl.1133,Glasgow City,,2361,ADAMSWELL STREET SOUTHLOCH STREET,S01010208,Developable - Short Term,260769,667225,Housing Association,Not applicable (i.e. only one owner),2008,Recreation & Leisure,1.55,Vacant Land,S12000049,05df8fc4-004a-4125-8629-0ae5c553022b,2025-12-03,303
pub_vdl.1134,Glasgow City,,2362,S OF EVERARD DR.,S01010214,Uneconomic to Develop/Soft End Use,260298,668899,Other Private,Not applicable (i.e. only one owner),1981-1985,Transport,1.53,Vacant Land,S12000049,05df8fc4-004a-4125-8629-0ae5c553022b,2025-12-03,304
pub_vdl.1135,Glasgow City,TRANSPORT DEPOT,2393,2222 LONDON ROAD,S01010071,Developable - Undetermined,264554,662363,Local Authority,Other Private,1986-1990,Transport,0.21,Derelict,S12000049,05df8fc4-004a-4125-8629-0ae5c553022b,2025-12-03,308
pub_vdl.1137,Glasgow City,,2422,DOWNCRAIG DRIVE/ CARMUNNOCK ROAD.,S01009971,Developable - Undetermined,259464,658695,Local Authority,Not applicable (i.e. only one owner),1981-1985,Unknown,1.69,Vacant Land,S12000049,05df8fc4-004a-4125-8629-0ae5c553022b,2025-12-03,309
pub_vdl.1138,Glasgow City,PRINCESS DOCK,2437,GOVAN ROAD. (AKA PACIFIC QUAY),S01009862,Developable - Medium Term,256271,664934,Scottish Enterprise,Not applicable (i.e. only one owner),1981-1985,Other General Industry,3.25,Derelict,S12000049,05df8fc4-004a-4125-8629-0ae5c553022b,2025-12-03,310
pub_vdl.1139,Glasgow City,,2440,HOUSTON STREET/ OPP HOUSTON PLACE.,S01010031,Unknown (uncertain/insufficient information),257617,664366,Local Authority,Not applicable (i.e. only one owner),1986-1990,Unknown,0.89,Vacant Land,S12000049,05df8fc4-004a-4125-8629-0ae5c553022b,2025-12-03,311
pub_vdl.1140,Glasgow City,,2446,WEST OF 337BOGMOOR ROAD N OF HILLINGTON IND EST.,S01009833,Unknown (uncertain/insufficient information),252751,665650,Local Authority,Other National/Local Government,1981-1985,Transport,1.96,Vacant Land,S12000049,05df8fc4-004a-4125-8629-0ae5c553022b,2025-12-03,312
pub_vdl.1141,Glasgow City,,2457,110-140 HARDGATE ROAD,S01009833,Developable - Medium Term,253157,665668,Other Private,Not applicable (i.e. only one owner),1986-1990,Manufacturing,1.65,Derelict,S12000049,05df8fc4-004a-4125-8629-0ae5c553022b,2025-12-03,313
pub_vdl.1142,Glasgow City,,2464,TARFSIDE GARDENS,S01009806,Developable - Undetermined,253789,663703,Other Private,Not applicable (i.e. only one owner),1986-1990,Passive Open Space,0.21,Vacant Land,S12000049,05df8fc4-004a-4125-8629-0ae5c553022b,2025-12-03,314
pub_vdl.1143,Glasgow City,GCC WORKS DEPOT.,2473,593 NITSHILL ROAD.,S01009769,Developable - Undetermined,252472,660111,Other Private,Not applicable (i.e. only one owner),1986-1990,Utility Services,1.15,Derelict,S12000049,05df8fc4-004a-4125-8629-0ae5c553022b,2025-12-03,315
pub_vdl.1144,Glasgow City,,250,MARYHILL ROAD/ FINGAL STREET.,S01010356,Unknown (uncertain/insufficient information),256454,669200,Housing Association,Not applicable (i.e. only one owner),1980 or earlier,Unknown,0.39,Vacant Land,S12000049,05df8fc4-004a-4125-8629-0ae5c553022b,2025-12-03,166
pub_vdl.1145,Glasgow City,,2502,REAR OF 27 BURNHAM ROAD.,S01010432,Developable - Undetermined,252290,667954,Network Rail/ Rail Franchise Holder,Not applicable (i.e. only one owner),1986-1990,Unknown,0.18,Vacant Land,S12000049,05df8fc4-004a-4125-8629-0ae5c553022b,2025-12-03,317
pub_vdl.1146,Glasgow City,BARLIA NURSERY,2540,EAST OF BARLIA TERRACE,S01009981,Developable - Short Term,260743,659231,Local Authority,Not applicable (i.e. only one owner),1986-1990,Forestry/Woodland,3.87,Vacant Land,S12000049,05df8fc4-004a-4125-8629-0ae5c553022b,2025-12-03,318
pub_vdl.1147,Glasgow City,,2545,SPRINGBURN ROAD/ PETERSHILL ROAD.,S01010225,Developable - Undetermined,260500,667069,Local Authority,Not applicable (i.e. only one owner),1986-1990,Unknown,0.86,Vacant Land,S12000049,05df8fc4-004a-4125-8629-0ae5c553022b,2025-12-03,319
pub_vdl.1148,Glasgow City,N OF NEW ROAD,2556,DUKE STREET.,S01010052,Uneconomic to Develop/Soft End Use,262256,664709,Network Rail/ Rail Franchise Holder,Not applicable (i.e. only one owner),1986-1990,Unknown,0.83,Vacant Land,S12000049,05df8fc4-004a-4125-8629-0ae5c553022b,2025-12-03,320
pub_vdl.1149,Glasgow City,CLYDE DRY DOCKS,2580,GOVAN ROAD.,S01009859,Developable - Short Term,256086,665457,Other Private,Not applicable (i.e. only one owner),1986-1990,Other General Industry,7.6,Derelict,S12000049,05df8fc4-004a-4125-8629-0ae5c553022b,2025-12-03,321
pub_vdl.1150,Glasgow City,,2592,S OF POSSIL ROAD,S01010220,Developable - Undetermined,258880,667201,Local Authority,Not applicable (i.e. only one owner),1986-1990,Residential - Housing,0.45,Vacant Land,S12000049,05df8fc4-004a-4125-8629-0ae5c553022b,2025-12-03,322
pub_vdl.1151,Glasgow City,,261,GARRIOCH QUAD/ CONTIN PLACE.,S01010322,Developable - Undetermined,256869,668201,Other Private,Not applicable (i.e. only one owner),1980 or earlier,Transport,0.72,Derelict,S12000049,05df8fc4-004a-4125-8629-0ae5c553022b,2025-12-03,167
pub_vdl.1152,Glasgow City,,2617,REAR OF 1763 CUMBERNAULD ROAD,S01010188,Developable - Short Term,264610,667748,Other Private,Not applicable (i.e. only one owner),1986-1990,Unknown,0.25,Vacant Land,S12000049,05df8fc4-004a-4125-8629-0ae5c553022b,2025-12-03,323
pub_vdl.1155,Glasgow City,,2627,999 ROYSTON ROAD,S01010228,Developable - Undetermined,262507,667063,Local Authority,Not applicable (i.e. only one owner),1986-1990,Transport,1.62,Derelict,S12000049,05df8fc4-004a-4125-8629-0ae5c553022b,2025-12-03,326
pub_vdl.1501,Glasgow City,GLEN DOUGLAS,4258,529 BALMORE ROAD ASHGILL,S01010333,Developable - Medium Term,258718,668981,Housing Association,Not applicable (i.e. only one owner),2012,Retailing,0.17,Derelict,S12000049,05df8fc4-004a-4125-8629-0ae5c553022b,2025-12-03,647
pub_vdl.1156,Glasgow City,,263,EAST OF DALSHOLM RD,S01010465,Developable - Short Term,255775,669240,Network Rail/ Rail Franchise Holder,Not applicable (i.e. only one owner),1980 or earlier,Transport,2.08,Derelict,S12000049,05df8fc4-004a-4125-8629-0ae5c553022b,2025-12-03,168
pub_vdl.1157,Glasgow City,,2652,SOUTH OF M.80 BY ROBROYSTON RD,S01010188,Developable - Medium Term,263704,668084,Local Authority,Other Private,1981-1985,Other,15.44,Derelict,S12000049,05df8fc4-004a-4125-8629-0ae5c553022b,2025-12-03,327
pub_vdl.1158,Glasgow City,,2653,DUKE ST/BARRACK ST/HUNTER ST.,S01010257,Developable - Undetermined,260417,665115,Local Authority,Other Private,1986-1990,Other General Industry,0.24,Vacant Land,S12000049,05df8fc4-004a-4125-8629-0ae5c553022b,2025-12-03,328
pub_vdl.1159,Glasgow City,,2678,ST GREGORYS S'DY SCHOOL/SKERRYV- ORE ROAD.,S01010162,Unknown (uncertain/insufficient information),264857,665522,Local Authority,Not applicable (i.e. only one owner),1991-1995,Education,3.16,Derelict,S12000049,05df8fc4-004a-4125-8629-0ae5c553022b,2025-12-03,329
pub_vdl.1160,Glasgow City,CARDOWAN BING,2679,"CARDOWAN, SOUTH OF G.D.C. BOUNDARY.",S01010117,Uneconomic to Develop/Soft End Use,267517,667772,Other Private,Not applicable (i.e. only one owner),1991-1995,Mineral Activity,18.22,Derelict,S12000049,05df8fc4-004a-4125-8629-0ae5c553022b,2025-12-03,330
pub_vdl.1162,North Lanarkshire,FORMER HARESTONHILL COTTAGE,NL008500501,OVERTOWN ROAD NEWMAINS,S01011426,Uneconomic to Develop/Soft End Use,282059,654207,Other Private,Not applicable (i.e. only one owner),1996-2000,Residential - Housing,0.19,Derelict,S12000050,e75f31cd-4d1d-49e4-a5a3-c3d4c9ef1d5d,2025-11-30,1037
pub_vdl.1201,Glasgow City,,2974,MELBOURNE STREET /GRAHAM SQUARE,S01010254,Developable - Short Term,260573,664892,Housing Association,Not applicable (i.e. only one owner),1991-1995,Other General Industry,0.55,Vacant Land,S12000049,05df8fc4-004a-4125-8629-0ae5c553022b,2025-12-03,365
pub_vdl.1163,Glasgow City,ST SCHOLASTICA'S,2680,ST SCHOLASTICA'S SCHOOL/ARNISDALE ROAD.,S01010122,Unknown (uncertain/insufficient information),267192,665645,Local Authority,Other National/Local Government,1991-1995,Education,2.4,Derelict,S12000049,05df8fc4-004a-4125-8629-0ae5c553022b,2025-12-03,331
pub_vdl.1164,Glasgow City,,2682,NW OF JUNCTION OF STEPPS ROAD & BLIARTUMMOCK,S01010129,Developable - Short Term,265271,665867,Other Private,Not applicable (i.e. only one owner),1991-1995,Other General Industry,0.6,Vacant Land,S12000049,05df8fc4-004a-4125-8629-0ae5c553022b,2025-12-03,332
pub_vdl.1165,Glasgow City,,2684,W OF SANDAIG RD/ NORTH OF RAILWAY LINE.,S01010130,Developable - Undetermined,266024,664406,Scottish Enterprise,Not applicable (i.e. only one owner),1991-1995,Unknown,3.96,Derelict,S12000049,05df8fc4-004a-4125-8629-0ae5c553022b,2025-12-03,333
pub_vdl.1166,Glasgow City,SAUGHS FARM,2687,SAUGHS ROAD.,S01010188,Uneconomic to Develop/Soft End Use,264660,668830,Other Private,Not applicable (i.e. only one owner),1991-1995,Agriculture,0.64,Derelict,S12000049,05df8fc4-004a-4125-8629-0ae5c553022b,2025-12-03,334
pub_vdl.1167,Glasgow City,,270,NORTH OF SHISKINE DRIVE.,S01010353,Developable - Medium Term,256653,669657,Other Private,Not applicable (i.e. only one owner),1980 or earlier,Unknown,0.32,Vacant Land,S12000049,05df8fc4-004a-4125-8629-0ae5c553022b,2025-12-03,169
pub_vdl.1168,Glasgow City,,2711,JUNCTION OF POSSIL ROAD/ GARSCUBE ROAD,S01010303,Developable - Undetermined,258579,666940,Other Private,Not applicable (i.e. only one owner),1991-1995,Unknown,0.14,Vacant Land,S12000049,05df8fc4-004a-4125-8629-0ae5c553022b,2025-12-03,335
pub_vdl.1169,Glasgow City,,2712,27 SAWMILLFIELD STREET.,S01010297,Developable - Undetermined,258759,666804,British Waterways,Not applicable (i.e. only one owner),1991-1995,Utility Services,0.15,Vacant Land,S12000049,05df8fc4-004a-4125-8629-0ae5c553022b,2025-12-03,336
pub_vdl.1170,Glasgow City,,2716,EAST OF OLD MANSE ROAD/SOUTH OF RAILWAY,S01010097,Developable - Undetermined,265974,664238,Other Private,Not applicable (i.e. only one owner),1991-1995,Manufacturing,2.93,Derelict,S12000049,05df8fc4-004a-4125-8629-0ae5c553022b,2025-12-03,337
pub_vdl.1171,Glasgow City,,2717,EAST OF SHOWMENS SITE ON KENMUIR ROAD.,S01010091,Unknown (uncertain/insufficient information),265763,662411,Local Authority,Other Private,1991-1995,Agriculture,10.95,Derelict,S12000049,05df8fc4-004a-4125-8629-0ae5c553022b,2025-12-03,338
pub_vdl.1172,Glasgow City,,2733,OXFORD STREET/ SOUTH PORTLAND STREET.,S01010032,Developable - Short Term,258889,664556,Other Private,Not applicable (i.e. only one owner),1991-1995,Unknown,0.23,Vacant Land,S12000049,05df8fc4-004a-4125-8629-0ae5c553022b,2025-12-03,339
pub_vdl.1173,Glasgow City,,2849,MANSE ROAD/WEST OF M.73,S01010088,Uneconomic to Develop/Soft End Use,269342,664648,Other Private,Not applicable (i.e. only one owner),1991-1995,Other,2.69,Derelict,S12000049,05df8fc4-004a-4125-8629-0ae5c553022b,2025-12-03,349
pub_vdl.1174,Glasgow City,,2744,WEST OF 1159 ROYSTON ROAD/ EAST OF M.80,S01010184,Developable - Undetermined,262719,667291,Local Authority,Not applicable (i.e. only one owner),1991-1995,Residential - Housing,1.39,Vacant Land,S12000049,05df8fc4-004a-4125-8629-0ae5c553022b,2025-12-03,340
pub_vdl.1175,Glasgow City,,2761,HORNDEAN ROAD/ PENSTON ROAD/ LONMAY ROAD.,S01010129,Developable - Undetermined,265749,665863,Local Authority,Not applicable (i.e. only one owner),1991-1995,Residential - Housing,2.48,Vacant Land,S12000049,05df8fc4-004a-4125-8629-0ae5c553022b,2025-12-03,341
pub_vdl.1176,Glasgow City,,2773,COMMONHEAD ROAD/ DUNGEONHILL ROAD N'TH'HOUSE RD,S01010109,Developable - Short Term,268864,665460,Other Private,Not applicable (i.e. only one owner),1991-1995,Agriculture,4.42,Vacant Land,S12000049,05df8fc4-004a-4125-8629-0ae5c553022b,2025-12-03,342
pub_vdl.1177,Glasgow City,HOWDENS,2783,SCOTLAND STREET/ SHIELDS ROAD.,S01010032,Developable - Undetermined,257767,664087,Other Private,Not applicable (i.e. only one owner),1991-1995,Manufacturing,4.14,Derelict,S12000049,05df8fc4-004a-4125-8629-0ae5c553022b,2025-12-03,343
pub_vdl.1178,Glasgow City,POSSILPARK H.S.,2802,ARDOCH STREET/ CARBETH STREET.,S01010311,Developable - Medium Term,258992,667708,Local Authority,Not applicable (i.e. only one owner),1991-1995,Education,0.55,Derelict,S12000049,05df8fc4-004a-4125-8629-0ae5c553022b,2025-12-03,344
pub_vdl.1179,Glasgow City,,2812,NORTH BROADHOLM,S01010492,Developable - Medium Term,252542,671575,Local Authority,Not applicable (i.e. only one owner),1991-1995,Residential - Housing,7.12,Vacant Land,S12000049,05df8fc4-004a-4125-8629-0ae5c553022b,2025-12-03,345
pub_vdl.1180,Glasgow City,,2829,EAST OF LOCHGOIN AVENUE.,S01010498,Developable - Undetermined,251846,671970,Local Authority,Not applicable (i.e. only one owner),1991-1995,Passive Open Space,1.07,Vacant Land,S12000049,05df8fc4-004a-4125-8629-0ae5c553022b,2025-12-03,346
pub_vdl.1210,Glasgow City,,3025,KILLEARN STREET/ STONYHURST ST/ BYSHOT PATH,S01010221,Developable - Medium Term,259607,667607,Local Authority,Not applicable (i.e. only one owner),1991-1995,Residential - Housing,1.41,Vacant Land,S12000049,05df8fc4-004a-4125-8629-0ae5c553022b,2025-12-03,372
pub_vdl.1181,Glasgow City,,2834,SKERRYVORE ROAD/ LANGNESS ROAD/ MONARCH ROAD.,S01010162,Unknown (uncertain/insufficient information),265001,665621,Local Authority,Not applicable (i.e. only one owner),1991-1995,Residential - Housing,0.63,Vacant Land,S12000049,05df8fc4-004a-4125-8629-0ae5c553022b,2025-12-03,347
pub_vdl.1182,Glasgow City,,292,NORTH OF 1538 MARYHILL ROAD.,S01010356,Uneconomic to Develop/Soft End Use,256785,668869,Local Authority,Other National/Local Government,1980 or earlier,Unknown,0.18,Vacant Land,S12000049,05df8fc4-004a-4125-8629-0ae5c553022b,2025-12-03,170
pub_vdl.1183,Glasgow City,,2871,OPPOSITE 239 CLEEVES ROAD CLEEVES ROAD.,S01009778,Developable - Undetermined,252315,660346,Local Authority,Not applicable (i.e. only one owner),1991-1995,Passive Open Space,0.48,Vacant Land,S12000049,05df8fc4-004a-4125-8629-0ae5c553022b,2025-12-03,350
pub_vdl.1184,Glasgow City,,2880,7-29 KILLEARN STREET,S01010221,Developable - Medium Term,259597,667546,Local Authority,Not applicable (i.e. only one owner),1991-1995,Residential - Housing,0.52,Vacant Land,S12000049,05df8fc4-004a-4125-8629-0ae5c553022b,2025-12-03,351
pub_vdl.1185,Glasgow City,POSSIL IRON W'KS,2882,DENMARK STREET/ ALLANDER STREET/ BARDOWIE ST.,S01010224,Unknown (uncertain/insufficient information),259273,667791,Other Private,Not applicable (i.e. only one owner),1991-1995,Manufacturing,0.41,Derelict,S12000049,05df8fc4-004a-4125-8629-0ae5c553022b,2025-12-03,352
pub_vdl.1186,Glasgow City,,2883,4-10 STONYHURST STREET.,S01010221,Unknown (uncertain/insufficient information),259610,667688,Local Authority,Not applicable (i.e. only one owner),1991-1995,Residential - Housing,1.4,Vacant Land,S12000049,05df8fc4-004a-4125-8629-0ae5c553022b,2025-12-03,353
pub_vdl.1187,Glasgow City,,2885,FARNELL STREET,S01010297,Developable - Undetermined,258766,666860,Other Private,Not applicable (i.e. only one owner),1991-1995,Storage,0.26,Vacant Land,S12000049,05df8fc4-004a-4125-8629-0ae5c553022b,2025-12-03,354
pub_vdl.1188,Glasgow City,,2887,MONYMUSK PLACE/ LADYLOAN AVENUE.,S01010497,Developable - Undetermined,251467,672076,Housing Association,Not applicable (i.e. only one owner),1991-1995,Residential - Housing,0.24,Vacant Land,S12000049,05df8fc4-004a-4125-8629-0ae5c553022b,2025-12-03,355
pub_vdl.1189,Glasgow City,,2890,FETTERCAIRN AVENUE.,S01010502,Unknown (uncertain/insufficient information),251253,671659,Local Authority,Not applicable (i.e. only one owner),1991-1995,Residential - Housing,0.3,Vacant Land,S12000049,05df8fc4-004a-4125-8629-0ae5c553022b,2025-12-03,356
pub_vdl.1190,Glasgow City,,2913,11 LOCHDOCHART ROAD.,S01010106,Developable - Medium Term,268425,665544,Local Authority,Not applicable (i.e. only one owner),1991-1995,Residential - Housing,1.18,Vacant Land,S12000049,05df8fc4-004a-4125-8629-0ae5c553022b,2025-12-03,357
pub_vdl.1211,Glasgow City,,3026,2-28 BYSHOT STREET,S01010224,Developable - Medium Term,259736,667657,Local Authority,Not applicable (i.e. only one owner),1991-1995,Residential - Housing,0.79,Vacant Land,S12000049,05df8fc4-004a-4125-8629-0ae5c553022b,2025-12-03,373
pub_vdl.1212,Glasgow City,,3027,2-28 ALLANDER STREET,S01010224,Unknown (uncertain/insufficient information),259612,667751,Local Authority,Not applicable (i.e. only one owner),1991-1995,Residential - Housing,0.67,Vacant Land,S12000049,05df8fc4-004a-4125-8629-0ae5c553022b,2025-12-03,374
pub_vdl.1213,Glasgow City,,3035,N'TH OF COWLAIRS ROAD.,S01010223,Developable - Undetermined,260263,667744,Other Private,Not applicable (i.e. only one owner),1991-1995,Transport,0.98,Derelict,S12000049,05df8fc4-004a-4125-8629-0ae5c553022b,2025-12-03,375
pub_vdl.1191,Glasgow City,,2914,4-8 BUCHLYVIE STREET.,S01010122,Developable - Undetermined,267760,665437,Local Authority,Not applicable (i.e. only one owner),1991-1995,Residential - Housing,1.68,Vacant Land,S12000049,05df8fc4-004a-4125-8629-0ae5c553022b,2025-12-03,358
pub_vdl.1202,Glasgow City,,2976,DALMARNOCK ROAD/ BARTHOLEMEW ST.,S01010053,Developable - Undetermined,261161,663324,Local Authority,Not applicable (i.e. only one owner),2010,Unknown,0.36,Vacant Land,S12000049,05df8fc4-004a-4125-8629-0ae5c553022b,2025-12-03,366
pub_vdl.1192,Glasgow City,,2915,3-23 BUCHLYVIE STREET.,S01010112,Developable - Medium Term,267882,665467,Local Authority,Not applicable (i.e. only one owner),1991-1995,Residential - Housing,1.97,Vacant Land,S12000049,05df8fc4-004a-4125-8629-0ae5c553022b,2025-12-03,359
pub_vdl.1193,Glasgow City,,293,S OF 9 SANDBANK STREET.,S01010356,Uneconomic to Develop/Soft End Use,256707,668912,Other Private,Not applicable (i.e. only one owner),1980 or earlier,Unknown,0.24,Vacant Land,S12000049,05df8fc4-004a-4125-8629-0ae5c553022b,2025-12-03,171
pub_vdl.1194,Glasgow City,,2943,CONISBOROUGH RD/ BALCURVIE ROAD.,S01010117,Uneconomic to Develop/Soft End Use,266980,666597,Local Authority,Not applicable (i.e. only one owner),1991-1995,Unknown,0.29,Vacant Land,S12000049,05df8fc4-004a-4125-8629-0ae5c553022b,2025-12-03,360
pub_vdl.1195,Glasgow City,,2948,CRAIGENDMUIR STREET,S01010180,Developable - Undetermined,262616,666714,Local Authority,Not applicable (i.e. only one owner),1991-1995,Residential - Housing,0.87,Vacant Land,S12000049,05df8fc4-004a-4125-8629-0ae5c553022b,2025-12-03,361
pub_vdl.1196,Glasgow City,,295,NORTH OF 67 COLLINA STREET,S01010361,Developable - Short Term,256377,668988,Local Authority,Not applicable (i.e. only one owner),1980 or earlier,Unknown,1.88,Derelict,S12000049,05df8fc4-004a-4125-8629-0ae5c553022b,2025-12-03,172
pub_vdl.1197,Glasgow City,HOLMBYRE TERRACE,2965,HOLMBYRE TERRACE,S01009971,Developable - Medium Term,259166,658579,Other Private,Not applicable (i.e. only one owner),1991-1995,"Residential - Hotels, Hostels etc",0.17,Vacant Land,S12000049,05df8fc4-004a-4125-8629-0ae5c553022b,2025-12-03,362
pub_vdl.1198,Glasgow City,TORYGLEN PITCHES,2968,NORTH OF PROSPECTHILL RD/ AIKENHEAD RD,S01010021,Developable - Short Term,259606,661867,Urban Regeneration Company,Not applicable (i.e. only one owner),2001-2004,Recreation & Leisure,1.26,Vacant Land,S12000049,05df8fc4-004a-4125-8629-0ae5c553022b,2025-12-03,363
pub_vdl.1199,Glasgow City,,2969,PROSPECTHILL RD/ BOLIVAR TERRACE/ HANGINGSHAW P,S01009902,Developable - Medium Term,259189,661694,Local Authority,Not applicable (i.e. only one owner),1991-1995,Residential - Housing,2.42,Vacant Land,S12000049,05df8fc4-004a-4125-8629-0ae5c553022b,2025-12-03,364
pub_vdl.1200,Glasgow City,,297,REAR OF 34-50 VAILA STREET.,S01010351,Uneconomic to Develop/Soft End Use,257793,669336,Local Authority,Not applicable (i.e. only one owner),1980 or earlier,Other,4.56,Derelict,S12000049,05df8fc4-004a-4125-8629-0ae5c553022b,2025-12-03,173
pub_vdl.1225,Glasgow City,,3476,ABERNETHY STREET DUNRAGIT STREET,S01010245,Developable - Undetermined,262153,665082,Local Authority,Not applicable (i.e. only one owner),2010,Residential - Housing,0.1,Vacant Land,S12000049,05df8fc4-004a-4125-8629-0ae5c553022b,2025-12-03,424
pub_vdl.1203,Glasgow City,,298,S OF 6 VAILA PL.,S01010351,Uneconomic to Develop/Soft End Use,258018,669237,Local Authority,Not applicable (i.e. only one owner),1980 or earlier,Manufacturing,9.91,Derelict,S12000049,05df8fc4-004a-4125-8629-0ae5c553022b,2025-12-03,174
pub_vdl.1204,Glasgow City,99 DRAKEMIRE DRIVE,2981,99 DRAKEMIRE DRIVE.,S01009972,Developable - Undetermined,259132,659151,Other Private,Not applicable (i.e. only one owner),1991-1995,Other General Industry,0.27,Vacant Land,S12000049,05df8fc4-004a-4125-8629-0ae5c553022b,2025-12-03,367
pub_vdl.1205,Glasgow City,M'OWSIDE GRANARY,3007,SOUTH STREET,S01010391,Developable - Short Term,254531,666509,Other Private,Not applicable (i.e. only one owner),1991-1995,Storage,7.17,Vacant Land,S12000049,05df8fc4-004a-4125-8629-0ae5c553022b,2025-12-03,368
pub_vdl.1206,Glasgow City,,3013,DYKE ROAD/ LANGHOLM STREET,S01010438,Developable - Undetermined,251790,668457,Other Private,Not applicable (i.e. only one owner),1991-1995,Retailing,0.24,Vacant Land,S12000049,05df8fc4-004a-4125-8629-0ae5c553022b,2025-12-03,369
pub_vdl.1207,Glasgow City,LADYLOAN P.S.,3018,LADYLOAN AVENUE,S01010497,Developable - Undetermined,251806,672039,Housing Association,Not applicable (i.e. only one owner),1991-1995,Education,0.7,Derelict,S12000049,05df8fc4-004a-4125-8629-0ae5c553022b,2025-12-03,370
pub_vdl.1208,Glasgow City,,302,2235 BALMORE ROAD.,S01010345,Uneconomic to Develop/Soft End Use,258218,670345,Other Private,Not applicable (i.e. only one owner),1981-1985,Unknown,0.18,Derelict,S12000049,05df8fc4-004a-4125-8629-0ae5c553022b,2025-12-03,175
pub_vdl.1209,Glasgow City,,3022,346-372 LIDDESDALE ROAD,S01010332,Developable - Undetermined,259631,669331,Local Authority,Not applicable (i.e. only one owner),1991-1995,Residential - Housing,0.25,Vacant Land,S12000049,05df8fc4-004a-4125-8629-0ae5c553022b,2025-12-03,371
pub_vdl.1214,Glasgow City,,3044,97-103 HYDEPARK STREET,S01010276,Developable - Short Term,257839,665200,Other Private,Not applicable (i.e. only one owner),1991-1995,Other General Industry,1.75,Vacant Land,S12000049,05df8fc4-004a-4125-8629-0ae5c553022b,2025-12-03,376
pub_vdl.1215,Glasgow City,,306,OPP NO 112-132 STRATHMORE ROAD.,S01010334,Developable - Undetermined,258889,669604,Local Authority,Other Private,1980 or earlier,Unknown,1.38,Vacant Land,S12000049,05df8fc4-004a-4125-8629-0ae5c553022b,2025-12-03,176
pub_vdl.1216,Glasgow City,,3071,8-34 BALDRAGON ROAD.,S01010111,Developable - Medium Term,268016,666220,Local Authority,Not applicable (i.e. only one owner),1996-2000,Residential - Housing,2.52,Vacant Land,S12000049,05df8fc4-004a-4125-8629-0ae5c553022b,2025-12-03,377
pub_vdl.1217,Glasgow City,,3074,CUMBERNAULD ROAD,S01010188,Developable - Medium Term,264299,667656,Other Private,Not applicable (i.e. only one owner),1991-1995,"Residential - Hotels, Hostels etc",0.84,Derelict,S12000049,05df8fc4-004a-4125-8629-0ae5c553022b,2025-12-03,378
pub_vdl.1218,Glasgow City,,308,NORTH OF 118-154 LIDDESDALE ROAD.,S01010332,Developable - Undetermined,258942,669391,Local Authority,Not applicable (i.e. only one owner),1980 or earlier,Unknown,3.74,Derelict,S12000049,05df8fc4-004a-4125-8629-0ae5c553022b,2025-12-03,177
pub_vdl.1219,Glasgow City,,3081,MACGREGOR STREET ARDLAW STREET.,S01009842,Developable - Undetermined,254745,664870,Other Private,Not applicable (i.e. only one owner),1991-1995,Community & Health,0.2,Vacant Land,S12000049,05df8fc4-004a-4125-8629-0ae5c553022b,2025-12-03,379
pub_vdl.1220,Glasgow City,TEUCHARHILL,3084,ARTHURLIE STREET ABOYNE STREET/ MACGREGOR STR,S01009842,Developable - Medium Term,254919,664906,Other Private,Not applicable (i.e. only one owner),1991-1995,Residential - Housing,1.31,Vacant Land,S12000049,05df8fc4-004a-4125-8629-0ae5c553022b,2025-12-03,380
pub_vdl.1221,Glasgow City,,309,EAST OF 310 GLENTANNAR RD,S01010334,Developable - Undetermined,259027,669663,Local Authority,Not applicable (i.e. only one owner),1980 or earlier,Unknown,0.78,Vacant Land,S12000049,05df8fc4-004a-4125-8629-0ae5c553022b,2025-12-03,178
pub_vdl.1222,Glasgow City,,3106,26-66 LEDAIG STREET,S01010246,Uneconomic to Develop/Soft End Use,262492,665161,Local Authority,Not applicable (i.e. only one owner),1996-2000,Residential - Housing,0.44,Vacant Land,S12000049,05df8fc4-004a-4125-8629-0ae5c553022b,2025-12-03,381
pub_vdl.1223,Glasgow City,,3107,9-25 BALDRAGON ROAD,S01010111,Developable - Medium Term,268013,666304,Local Authority,Not applicable (i.e. only one owner),1996-2000,Residential - Housing,0.59,Vacant Land,S12000049,05df8fc4-004a-4125-8629-0ae5c553022b,2025-12-03,382
pub_vdl.1224,Glasgow City,,3108,BROOMFIELD ROAD,S01010228,Developable - Undetermined,262200,667084,Local Authority,Not applicable (i.e. only one owner),1996-2000,Retailing,0.21,Derelict,S12000049,05df8fc4-004a-4125-8629-0ae5c553022b,2025-12-03,383
pub_vdl.1226,Glasgow City,,3112,RHYMER STREET/ CASTLE STREET/ M8.,S01010231,Developable - Medium Term,260326,666077,Local Authority,Not applicable (i.e. only one owner),1996-2000,Community & Health,0.63,Vacant Land,S12000049,05df8fc4-004a-4125-8629-0ae5c553022b,2025-12-03,384
pub_vdl.1227,Glasgow City,,3122,36-64 STONYHURST STREET/ 33-61 ALLANDER ST,S01010224,Developable - Medium Term,259405,667699,Local Authority,Not applicable (i.e. only one owner),1996-2000,Residential - Housing,1.33,Vacant Land,S12000049,05df8fc4-004a-4125-8629-0ae5c553022b,2025-12-03,385
pub_vdl.1228,Glasgow City,,3127,32-46 ALLANDER STREET,S01010224,Unknown (uncertain/insufficient information),259448,667761,Local Authority,Not applicable (i.e. only one owner),1996-2000,Residential - Housing,0.41,Vacant Land,S12000049,05df8fc4-004a-4125-8629-0ae5c553022b,2025-12-03,386
pub_vdl.1229,Glasgow City,,3133,EAST OF ALLNACH PLACE/ST COLLETE P. S. SITE,S01010109,Uneconomic to Develop/Soft End Use,269235,665923,Other Private,Not applicable (i.e. only one owner),1996-2000,Mineral Activity,1.21,Derelict,S12000049,05df8fc4-004a-4125-8629-0ae5c553022b,2025-12-03,387
pub_vdl.1230,Glasgow City,,3138,20-38 THARSIS STREET,S01010232,Developable - Short Term,260738,666280,Local Authority,Not applicable (i.e. only one owner),1996-2000,Residential - Housing,1.29,Vacant Land,S12000049,05df8fc4-004a-4125-8629-0ae5c553022b,2025-12-03,388
pub_vdl.1231,Glasgow City,,3143,CAMBUSLANG ROAD/ FULLARTON ROAD.,S01010071,Developable - Undetermined,263775,661858,Scottish Enterprise,Not applicable (i.e. only one owner),1996-2000,Manufacturing,0.59,Vacant Land,S12000049,05df8fc4-004a-4125-8629-0ae5c553022b,2025-12-03,389
pub_vdl.1232,Glasgow City,,316,LIDDESDALE SQ/ ASHGILL ROAD.,S01010335,Developable - Undetermined,260143,669330,Other Private,Not applicable (i.e. only one owner),1980 or earlier,Education,0.24,Vacant Land,S12000049,05df8fc4-004a-4125-8629-0ae5c553022b,2025-12-03,179
pub_vdl.1233,Glasgow City,COWLAIRS PARK,3180,NORTH OF KEPPOCHILL ROAD,S01010221,Developable - Medium Term,259477,667333,Local Authority,Not applicable (i.e. only one owner),1996-2000,Recreation & Leisure,19.88,Derelict,S12000049,05df8fc4-004a-4125-8629-0ae5c553022b,2025-12-03,390
pub_vdl.1352,Glasgow City,,3814,3-21 BIRNIE COURT,S01010202,Developable - Medium Term,262185,667517,Housing Association,Local Authority,2007,Residential - Housing,0.46,Derelict,S12000049,05df8fc4-004a-4125-8629-0ae5c553022b,2025-12-03,498
pub_vdl.1234,Glasgow City,,3185,LIDDLESDALE ROAD SCALPAY STREET/ LIDDLESDALE P,S01010332,Developable - Undetermined,259483,669334,Local Authority,Not applicable (i.e. only one owner),1996-2000,Residential - Housing,2,Vacant Land,S12000049,05df8fc4-004a-4125-8629-0ae5c553022b,2025-12-03,391
pub_vdl.1235,Glasgow City,,3479,BENGAIRN STREET/ APPIN ROAD,S01010245,Developable - Medium Term,262347,665088,Local Authority,Not applicable (i.e. only one owner),1996-2000,Residential - Housing,0.6,Vacant Land,S12000049,05df8fc4-004a-4125-8629-0ae5c553022b,2025-12-03,425
pub_vdl.1236,Glasgow City,,3188,DRUMMORE RD SUMMERHILL RD SADDELL RD,S01010492,Developable - Undetermined,252738,671852,Local Authority,Not applicable (i.e. only one owner),1996-2000,Residential - Housing,1.2,Vacant Land,S12000049,05df8fc4-004a-4125-8629-0ae5c553022b,2025-12-03,392
pub_vdl.1237,Glasgow City,,3191,121 DUNKENNY ROAD,S01010501,Developable - Undetermined,251475,671426,Other Private,Not applicable (i.e. only one owner),2005,Community & Health,0.12,Vacant Land,S12000049,05df8fc4-004a-4125-8629-0ae5c553022b,2025-12-03,393
pub_vdl.1238,Glasgow City,PLAYING FIELDS,3194,WALLACEWELL ROAD BROOMFIELD ROAD,S01010199,Uneconomic to Develop/Soft End Use,261944,667797,Local Authority,Not applicable (i.e. only one owner),1996-2000,Recreation & Leisure,4.57,Derelict,S12000049,05df8fc4-004a-4125-8629-0ae5c553022b,2025-12-03,394
pub_vdl.1239,Glasgow City,,3216,2127-2131 DUMBARTON ROAD,S01010442,Developable - Medium Term,251629,668406,Local Authority,Not applicable (i.e. only one owner),1996-2000,Residential - Housing,0.69,Vacant Land,S12000049,05df8fc4-004a-4125-8629-0ae5c553022b,2025-12-03,395
pub_vdl.1240,Glasgow City,GARTLOCH HOSP 3,3220,GARTLOCH ROAD,S01010109,Developable - Short Term,268195,667221,Other Private,Not applicable (i.e. only one owner),1996-2000,Community & Health,2.74,Vacant Land,S12000049,05df8fc4-004a-4125-8629-0ae5c553022b,2025-12-03,396
pub_vdl.1241,Glasgow City,,3224,COGAN STREET,S01009938,Developable - Medium Term,256123,661157,Other Private,Not applicable (i.e. only one owner),1996-2000,Other General Industry,1.08,Vacant Land,S12000049,05df8fc4-004a-4125-8629-0ae5c553022b,2025-12-03,397
pub_vdl.1242,Glasgow City,,3232,41-125 EASTERHILL ST.,S01010071,Developable - Medium Term,263934,663025,Local Authority,Other National/Local Government,1996-2000,Unknown,0.66,Derelict,S12000049,05df8fc4-004a-4125-8629-0ae5c553022b,2025-12-03,398
pub_vdl.1243,Glasgow City,,324,S OF HAYWOOD ST,S01010325,Uneconomic to Develop/Soft End Use,259220,668829,Scottish Enterprise,Not applicable (i.e. only one owner),1980 or earlier,Transport,1.41,Vacant Land,S12000049,05df8fc4-004a-4125-8629-0ae5c553022b,2025-12-03,180
pub_vdl.1244,Glasgow City,QUEENSLIE I. EST,3241,WEARDALE LANE/ WEARDALE STREET,S01010129,Developable - Medium Term,265434,665690,Other Private,Not applicable (i.e. only one owner),1996-2000,Other General Industry,0.7,Vacant Land,S12000049,05df8fc4-004a-4125-8629-0ae5c553022b,2025-12-03,399
pub_vdl.1245,Glasgow City,CLEDDENS PRIMARY,3243,KATEWELL AVENUE,S01010502,Developable - Short Term,251184,671777,Local Authority,Not applicable (i.e. only one owner),1996-2000,Education,2.09,Vacant Land,S12000049,05df8fc4-004a-4125-8629-0ae5c553022b,2025-12-03,400
pub_vdl.1246,Glasgow City,,326,S OF 13 EDAY ST,S01010324,Uneconomic to Develop/Soft End Use,259723,668781,Scottish Enterprise,Not applicable (i.e. only one owner),1980 or earlier,Transport,1.24,Vacant Land,S12000049,05df8fc4-004a-4125-8629-0ae5c553022b,2025-12-03,181
pub_vdl.1247,Glasgow City,,3284,8-12 ARNISDALE ROAD,S01010119,Developable - Medium Term,267027,665707,Local Authority,Not applicable (i.e. only one owner),1996-2000,Residential - Housing,1.09,Vacant Land,S12000049,05df8fc4-004a-4125-8629-0ae5c553022b,2025-12-03,401
pub_vdl.1248,Glasgow City,,3286,AUCHINGILL ROAD OPP BISHOP LOCH PRIMARY SCH.,S01010111,Uneconomic to Develop/Soft End Use,268619,666525,Local Authority,Not applicable (i.e. only one owner),1996-2000,Recreation & Leisure,0.38,Vacant Land,S12000049,05df8fc4-004a-4125-8629-0ae5c553022b,2025-12-03,402
pub_vdl.1249,Glasgow City,ST CLARES,3287,DRUMLANRIG AVE.,S01010111,Uneconomic to Develop/Soft End Use,268537,665873,Other Private,Not applicable (i.e. only one owner),1996-2000,Passive Open Space,0.42,Vacant Land,S12000049,05df8fc4-004a-4125-8629-0ae5c553022b,2025-12-03,403
pub_vdl.1250,Glasgow City,W. SUBURB CENTRE,3289,GARTLOCH ROAD / STEPPS ROAD,S01010171,Developable - Undetermined,265109,666293,Local Authority,Not applicable (i.e. only one owner),1996-2000,Unknown,1.24,Vacant Land,S12000049,05df8fc4-004a-4125-8629-0ae5c553022b,2025-12-03,404
pub_vdl.1251,Glasgow City,,3314,BERRYKNOWES ROAD N OF CEMETERY / S OF RAILWAY,S01009851,Developable - Undetermined,253813,664573,Other Private,Not applicable (i.e. only one owner),1996-2000,Unknown,1.17,Vacant Land,S12000049,05df8fc4-004a-4125-8629-0ae5c553022b,2025-12-03,405
pub_vdl.1252,Glasgow City,H'END ALLOTMENTS,332,S OF 91 HILLEND ROAD,S01010333,Developable - Undetermined,258451,668927,Local Authority,Other Private,1981-1985,Unknown,3.19,Derelict,S12000049,05df8fc4-004a-4125-8629-0ae5c553022b,2025-12-03,182
pub_vdl.1253,Glasgow City,RUCHILL HOSPITAL,3338,BILSLAND DRIVE,S01010326,Developable - Short Term,258354,668309,Scottish Enterprise,Not applicable (i.e. only one owner),1996-2000,Community & Health,16.17,Derelict,S12000049,05df8fc4-004a-4125-8629-0ae5c553022b,2025-12-03,406
pub_vdl.1283,Glasgow City,,3520,ROBROYSTON ROAD/ COLINTRAVE CRES ROYSTON RD,S01010188,Uneconomic to Develop/Soft End Use,263316,667530,Other Private,Not applicable (i.e. only one owner),1996-2000,Agriculture,1.54,Vacant Land,S12000049,05df8fc4-004a-4125-8629-0ae5c553022b,2025-12-03,435
pub_vdl.1254,Glasgow City,DEAF SCHOOL,3339,STORNOWAY STREET SHAPINSAY STREET,S01010338,Developable - Medium Term,259565,669675,Local Authority,Not applicable (i.e. only one owner),1996-2000,Education,3.02,Vacant Land,S12000049,05df8fc4-004a-4125-8629-0ae5c553022b,2025-12-03,407
pub_vdl.1255,Glasgow City,,334,N OF 26 CLADDENS ROAD,S01010331,Uneconomic to Develop/Soft End Use,258899,668867,Network Rail/ Rail Franchise Holder,Not applicable (i.e. only one owner),1980 or earlier,Transport,0.47,Vacant Land,S12000049,05df8fc4-004a-4125-8629-0ae5c553022b,2025-12-03,183
pub_vdl.1256,Glasgow City,ST LEONARDS H.S.,3341,LOCHEND ROAD/ CAIRNBROOK ROAD,S01010110,Unknown (uncertain/insufficient information),267972,666010,Local Authority,Not applicable (i.e. only one owner),1996-2000,Education,3.18,Vacant Land,S12000049,05df8fc4-004a-4125-8629-0ae5c553022b,2025-12-03,408
pub_vdl.1257,Glasgow City,GLENCONNER PARK,3363,CHARLES STREET/ CHRISTOPHER ST.,S01010225,Uneconomic to Develop/Soft End Use,261277,666653,Local Authority,Not applicable (i.e. only one owner),1996-2000,Recreation & Leisure,0.5,Derelict,S12000049,05df8fc4-004a-4125-8629-0ae5c553022b,2025-12-03,409
pub_vdl.1258,Glasgow City,,3375,OSBOURE STREET/ OLD WYND,S01010264,Developable - Short Term,259364,664879,Other Private,Not applicable (i.e. only one owner),1996-2000,Offices,0.34,Vacant Land,S12000049,05df8fc4-004a-4125-8629-0ae5c553022b,2025-12-03,410
pub_vdl.1259,Glasgow City,CHIRNSIDE P.F.,3378,ASHGILL ROAD,S01010324,Uneconomic to Develop/Soft End Use,259860,668999,Local Authority,Not applicable (i.e. only one owner),1996-2000,Recreation & Leisure,2.24,Derelict,S12000049,05df8fc4-004a-4125-8629-0ae5c553022b,2025-12-03,411
pub_vdl.1260,Glasgow City,CARDONALD BIS PK,3391,WEST OF FIFTY PITCHES ROAD/ SOUTH OF M8,S01009833,Developable - Short Term,252915,665350,Scottish Enterprise,Not applicable (i.e. only one owner),1981-1985,Recreation & Leisure,0.58,Vacant Land,S12000049,05df8fc4-004a-4125-8629-0ae5c553022b,2025-12-03,412
pub_vdl.1261,Glasgow City,,340,STRACHUR STREET/ ERRADALE STREET.,S01010334,Developable - Short Term,258227,669365,Other Private,Not applicable (i.e. only one owner),1980 or earlier,Manufacturing,0.56,Derelict,S12000049,05df8fc4-004a-4125-8629-0ae5c553022b,2025-12-03,184
pub_vdl.1262,Glasgow City,,3404,FETTERCAIRN AVE/ INCHFAD DRIVE/ KERRY PLACE.,S01010501,Developable - Undetermined,251430,671469,Local Authority,Not applicable (i.e. only one owner),1996-2000,Residential - Housing,0.19,Vacant Land,S12000049,05df8fc4-004a-4125-8629-0ae5c553022b,2025-12-03,413
pub_vdl.1263,Glasgow City,SPORTS PITCHES,3415,DUNTREATH AVENUE GARSCADDEN ROAD.,S01010489,Developable - Medium Term,252156,670808,Other Private,Not applicable (i.e. only one owner),1996-2000,Recreation & Leisure,1.15,Vacant Land,S12000049,05df8fc4-004a-4125-8629-0ae5c553022b,2025-12-03,414
pub_vdl.1274,Glasgow City,,3469,ARMOUR STREET/ SYDNEY STREET/ BARRACK ST,S01010254,Developable - Short Term,260413,664922,Housing Association,Other Private,2001-2004,Other General Industry,0.66,Derelict,S12000049,05df8fc4-004a-4125-8629-0ae5c553022b,2025-12-03,423
pub_vdl.1264,Glasgow City,MEAT MARKET (S),3484,BELLGROVE STREET GRAHAMS SQUARE/ GALLOWGATE,S01010254,Developable - Short Term,260680,664877,Local Authority,Other National/Local Government,1996-2000,Manufacturing,1.52,Vacant Land,S12000049,05df8fc4-004a-4125-8629-0ae5c553022b,2025-12-03,426
pub_vdl.1265,Glasgow City,,343,RONALDSAY STREET LIDDLESDALE SQ.,S01010335,Developable - Undetermined,259842,669281,Local Authority,Not applicable (i.e. only one owner),1980 or earlier,Unknown,4.05,Derelict,S12000049,05df8fc4-004a-4125-8629-0ae5c553022b,2025-12-03,185
pub_vdl.1266,Glasgow City,,3431,PENDEEN ROAD/ OPP MILLBEG CRES,S01010124,Developable - Medium Term,266591,664424,Other Private,Not applicable (i.e. only one owner),1996-2000,Unknown,0.35,Vacant Land,S12000049,05df8fc4-004a-4125-8629-0ae5c553022b,2025-12-03,415
pub_vdl.1267,Glasgow City,,3435,COMMERCE STREET/ CENTRE STREET,S01010032,Developable - Medium Term,258479,664349,Local Authority,Not applicable (i.e. only one owner),1996-2000,Unknown,0.1,Derelict,S12000049,05df8fc4-004a-4125-8629-0ae5c553022b,2025-12-03,416
pub_vdl.1268,Glasgow City,ST ANTHONYS F.C.,3449,HELEN STREET/ EDMISTON DRIVE.,S01009843,Developable - Short Term,255043,664755,Local Authority,Not applicable (i.e. only one owner),1996-2000,Recreation & Leisure,0.43,Vacant Land,S12000049,05df8fc4-004a-4125-8629-0ae5c553022b,2025-12-03,417
pub_vdl.1269,Glasgow City,,3451,STONEYHURST ST/ TANNOCK STREET.,S01010311,Developable - Medium Term,258850,667704,Housing Association,Not applicable (i.e. only one owner),1996-2000,Residential - Housing,1.07,Derelict,S12000049,05df8fc4-004a-4125-8629-0ae5c553022b,2025-12-03,418
pub_vdl.1270,Glasgow City,,3452,BURMOLA STREET/ TANNOCK STREET/ HOBART STREET,S01010311,Developable - Short Term,258802,667782,Housing Association,Not applicable (i.e. only one owner),1996-2000,Residential - Housing,0.59,Vacant Land,S12000049,05df8fc4-004a-4125-8629-0ae5c553022b,2025-12-03,419
pub_vdl.1271,Glasgow City,,3453,BARDOWIE STREET/ BURMOLA STREET/ HOBART STREET,S01010311,Developable - Short Term,258794,667856,Housing Association,Not applicable (i.e. only one owner),2005,Residential - Housing,0.58,Vacant Land,S12000049,05df8fc4-004a-4125-8629-0ae5c553022b,2025-12-03,420
pub_vdl.1284,Glasgow City,,3522,FLEURS AVENUE,S01009871,Developable - Undetermined,256082,663812,Local Authority,Not applicable (i.e. only one owner),2001-2004,Transport,0.94,Derelict,S12000049,05df8fc4-004a-4125-8629-0ae5c553022b,2025-12-03,436
pub_vdl.1272,Glasgow City,MEAT MARKET (N),3465,BELGROVE STREET/ DUKE STREET,S01010254,Developable - Short Term,260719,664951,Housing Association,Not applicable (i.e. only one owner),1996-2000,Manufacturing,1.33,Vacant Land,S12000049,05df8fc4-004a-4125-8629-0ae5c553022b,2025-12-03,421
pub_vdl.1273,Glasgow City,,3466,CORSOCK STREET/ APPIN ROAD/ TODD STREET,S01010246,Developable - Medium Term,262223,665175,Housing Association,Not applicable (i.e. only one owner),1996-2000,Residential - Housing,2.14,Vacant Land,S12000049,05df8fc4-004a-4125-8629-0ae5c553022b,2025-12-03,422
pub_vdl.1275,Glasgow City,,3486,CARNTYNE ROAD/ TODD STREET,S01010246,Developable - Undetermined,262436,665050,Local Authority,Not applicable (i.e. only one owner),2001-2004,Residential - Housing,0.46,Vacant Land,S12000049,05df8fc4-004a-4125-8629-0ae5c553022b,2025-12-03,427
pub_vdl.1276,Glasgow City,,3495,BELLROCK COURT/ SOUTRA PLACE.,S01010160,Unknown (uncertain/insufficient information),264572,665833,Local Authority,Not applicable (i.e. only one owner),1996-2000,Residential - Housing,0.77,Vacant Land,S12000049,05df8fc4-004a-4125-8629-0ae5c553022b,2025-12-03,428
pub_vdl.1277,Glasgow City,,3496,HILLHEAD ROAD/ STANDBURN ROAD.,S01010189,Developable - Medium Term,262707,669165,Other Private,Not applicable (i.e. only one owner),1991-1995,Agriculture,0.57,Vacant Land,S12000049,05df8fc4-004a-4125-8629-0ae5c553022b,2025-12-03,429
pub_vdl.1278,Glasgow City,,3497,34/48 DEVON ST/ EGLINTON STREET,S01010034,Developable - Medium Term,258558,663781,Housing Association,Network Rail/ Rail Franchise Holder,1996-2000,Unknown,0.1,Vacant Land,S12000049,05df8fc4-004a-4125-8629-0ae5c553022b,2025-12-03,430
pub_vdl.1279,Glasgow City,,3502,28 WILTONBURN ROAD.,S01009769,Developable - Undetermined,252249,659910,Other Private,Not applicable (i.e. only one owner),1996-2000,Community & Health,0.13,Vacant Land,S12000049,05df8fc4-004a-4125-8629-0ae5c553022b,2025-12-03,431
pub_vdl.1280,Glasgow City,EX GCC DEPOT,3503,"NITSHILL ROAD REAR OF 49, 85 WOODNEUK ROAD",S01009769,Developable - Undetermined,252697,660107,Other Private,Not applicable (i.e. only one owner),1996-2000,Utility Services,1.06,Derelict,S12000049,05df8fc4-004a-4125-8629-0ae5c553022b,2025-12-03,432
pub_vdl.1281,Glasgow City,,3515,HYDEPARK STREET (EAST SIDE),S01010276,Developable - Medium Term,257762,665209,Other Private,Not applicable (i.e. only one owner),1996-2000,Manufacturing,0.11,Vacant Land,S12000049,05df8fc4-004a-4125-8629-0ae5c553022b,2025-12-03,433
pub_vdl.1282,Glasgow City,,3519,ROBROYSTON RD/ ROYSTON ROAD,S01010188,Uneconomic to Develop/Soft End Use,263238,667453,Ownership unknown,Not applicable (i.e. only one owner),1996-2000,Unknown,0.79,Vacant Land,S12000049,05df8fc4-004a-4125-8629-0ae5c553022b,2025-12-03,434
pub_vdl.1285,Glasgow City,,3527,GREENSIDE CRES.,S01010181,Unknown (uncertain/insufficient information),263178,667165,Local Authority,Not applicable (i.e. only one owner),2001-2004,Residential - Housing,0.78,Vacant Land,S12000049,05df8fc4-004a-4125-8629-0ae5c553022b,2025-12-03,437
pub_vdl.1286,Glasgow City,,3758,EAGLE STREET/ BORRON STREET,S01010220,Unknown (uncertain/insufficient information),259143,667019,Other Private,Not applicable (i.e. only one owner),2005,Residential - Housing,0.42,Vacant Land,S12000049,05df8fc4-004a-4125-8629-0ae5c553022b,2025-12-03,483
pub_vdl.1287,Glasgow City,,3530,SKERRYVORE ROAD.,S01010165,Unknown (uncertain/insufficient information),264969,665708,Local Authority,Not applicable (i.e. only one owner),2001-2004,Residential - Housing,2.1,Vacant Land,S12000049,05df8fc4-004a-4125-8629-0ae5c553022b,2025-12-03,438
pub_vdl.1288,Glasgow City,,3532,LAMLASH CRESCENT LONGSTONE ROAD,S01010161,Developable - Medium Term,264764,665884,Local Authority,Not applicable (i.e. only one owner),2001-2004,Residential - Housing,1.21,Vacant Land,S12000049,05df8fc4-004a-4125-8629-0ae5c553022b,2025-12-03,439
pub_vdl.1289,Glasgow City,,3537,WEST OF 104 WOODVILLE STREET,S01009862,Uneconomic to Develop/Soft End Use,255777,664856,Local Authority,Not applicable (i.e. only one owner),2001-2004,Unknown,0.15,Derelict,S12000049,05df8fc4-004a-4125-8629-0ae5c553022b,2025-12-03,440
pub_vdl.1290,Glasgow City,,3539,EASTERHOUSE ROAD ABERDALGIE ROAD BALDINNIE RD.,S01010112,Unknown (uncertain/insufficient information),268070,665367,Local Authority,Not applicable (i.e. only one owner),2001-2004,Residential - Housing,2.24,Vacant Land,S12000049,05df8fc4-004a-4125-8629-0ae5c553022b,2025-12-03,441
pub_vdl.1291,Glasgow City,,3545,SKERRAY STREET/ CATHAY STREET,S01010344,Developable - Undetermined,259321,669885,Other Private,Not applicable (i.e. only one owner),2001-2004,Residential - Housing,0.79,Vacant Land,S12000049,05df8fc4-004a-4125-8629-0ae5c553022b,2025-12-03,442
pub_vdl.1292,Glasgow City,,3548,BANKBRAE AVENUE/ GLENLORA DRIVE,S01009784,Developable - Medium Term,252339,660883,Local Authority,Not applicable (i.e. only one owner),2001-2004,Unknown,0.52,Vacant Land,S12000049,05df8fc4-004a-4125-8629-0ae5c553022b,2025-12-03,443
pub_vdl.1293,Glasgow City,,3559,KINCLAVEN AVENUE BLACKCRAIG AVE LINKWOOD DR.,S01010493,Developable - Medium Term,252475,671354,Local Authority,Not applicable (i.e. only one owner),2001-2004,Residential - Housing,1.56,Vacant Land,S12000049,05df8fc4-004a-4125-8629-0ae5c553022b,2025-12-03,444
pub_vdl.1301,Glasgow City,,3584,CENTRE STREET/ TRADESTON STREET /COOK STREET,S01010032,Developable - Short Term,258414,664373,Local Authority,Not applicable (i.e. only one owner),2001-2004,Wholesale Distribution,0.72,Vacant Land,S12000049,05df8fc4-004a-4125-8629-0ae5c553022b,2025-12-03,449
pub_vdl.1294,Glasgow City,W.S.SCIENCE PARK,3745,ACRE ROAD/EAST OF LAW HOUSE (TODD CAMPUS),S01010347,Developable - Short Term,256013,670426,Scottish Enterprise,Not applicable (i.e. only one owner),2001-2004,Unknown,0.53,Vacant Land,S12000049,05df8fc4-004a-4125-8629-0ae5c553022b,2025-12-03,480
pub_vdl.1295,Glasgow City,,356,SOUTH OF 79 ELLESMERE STREET APPLECROSS ST,S01010313,Developable - Short Term,258741,667242,Local Authority,Not applicable (i.e. only one owner),1981-1985,Utility Services,0.49,Vacant Land,S12000049,05df8fc4-004a-4125-8629-0ae5c553022b,2025-12-03,186
pub_vdl.1296,Glasgow City,,3560,BARNKIRK AVENUE/ BLACKCRAIG AVE/ KINFAUNS DR.,S01010496,Developable - Medium Term,252385,671467,Local Authority,Not applicable (i.e. only one owner),2001-2004,Residential - Housing,1.32,Vacant Land,S12000049,05df8fc4-004a-4125-8629-0ae5c553022b,2025-12-03,445
pub_vdl.1297,Glasgow City,,3562,INVERCANNY DRIVE INVERCANNY PLACE,S01010496,Unknown (uncertain/insufficient information),252018,671708,Local Authority,Not applicable (i.e. only one owner),2001-2004,Residential - Housing,0.46,Vacant Land,S12000049,05df8fc4-004a-4125-8629-0ae5c553022b,2025-12-03,446
pub_vdl.1298,Glasgow City,,3563,BARNKIRK AVENUE/ BLACKCRAIG AVE.,S01010496,Developable - Medium Term,252322,671377,Local Authority,Not applicable (i.e. only one owner),2001-2004,Residential - Housing,1.24,Vacant Land,S12000049,05df8fc4-004a-4125-8629-0ae5c553022b,2025-12-03,447
pub_vdl.1322,Glasgow City,,3682,125-187 BOGMOOR ROAD.,S01009833,Developable - Undetermined,253133,665837,Other Private,Not applicable (i.e. only one owner),2001-2004,Manufacturing,1.43,Derelict,S12000049,05df8fc4-004a-4125-8629-0ae5c553022b,2025-12-03,468
pub_vdl.1299,Glasgow City,DALSETTER,3568,GARSCADDEN ROAD.,S01010489,Developable - Medium Term,252058,670806,Other Private,Not applicable (i.e. only one owner),2001-2004,Residential - Housing,1.02,Vacant Land,S12000049,05df8fc4-004a-4125-8629-0ae5c553022b,2025-12-03,448
pub_vdl.1300,Glasgow City,,358,CARBETH STREET/ BARDOWIE STREET.,S01010311,Unknown (uncertain/insufficient information),258953,667879,Local Authority,Other Private,1981-1985,Community & Health,0.14,Derelict,S12000049,05df8fc4-004a-4125-8629-0ae5c553022b,2025-12-03,187
pub_vdl.1303,Glasgow City,,3595,WEST OF AVENUE END ROAD/ NORTH OF THE M8,S01010169,Unknown (uncertain/insufficient information),264893,666193,Other Private,Not applicable (i.e. only one owner),2001-2004,Unknown,3.22,Vacant Land,S12000049,05df8fc4-004a-4125-8629-0ae5c553022b,2025-12-03,451
pub_vdl.1304,Glasgow City,,3596,NEWHAVEN ROAD/ LAMLASH CRESCENT,S01010165,Developable - Medium Term,264883,665821,Local Authority,Not applicable (i.e. only one owner),2001-2004,Residential - Housing,0.93,Vacant Land,S12000049,05df8fc4-004a-4125-8629-0ae5c553022b,2025-12-03,452
pub_vdl.1305,Glasgow City,SITE 4,3605,FULLARTON DRIVE/ CLYDESMILL ROAD,S01010071,Developable - Medium Term,264510,662230,Other Private,Not applicable (i.e. only one owner),2001-2004,Manufacturing,0.74,Derelict,S12000049,05df8fc4-004a-4125-8629-0ae5c553022b,2025-12-03,453
pub_vdl.1306,Glasgow City,,3607,LOCHDOCHART ROAD /TWINLAW STREET,S01010109,Developable - Medium Term,268835,666277,Local Authority,Not applicable (i.e. only one owner),2001-2004,Residential - Housing,0.87,Vacant Land,S12000049,05df8fc4-004a-4125-8629-0ae5c553022b,2025-12-03,454
pub_vdl.1323,Glasgow City,,3687,BROOMIELAW / MACALPINE STREET BROWN STREET,S01010273,Developable - Medium Term,258221,665020,Other Private,Not applicable (i.e. only one owner),2001-2004,Other General Industry,0.59,Vacant Land,S12000049,05df8fc4-004a-4125-8629-0ae5c553022b,2025-12-03,469
pub_vdl.1307,Glasgow City,,3611,KINFAUNS DRIVE/ AIRGOLD DRIVE.,S01010496,Developable - Medium Term,251974,671760,Local Authority,Not applicable (i.e. only one owner),2001-2004,Residential - Housing,2.83,Vacant Land,S12000049,05df8fc4-004a-4125-8629-0ae5c553022b,2025-12-03,455
pub_vdl.1308,Glasgow City,CARDONALD BIS PK,3753,140 FIFTY PITCHES ROAD / M8,S01009836,Developable - Undetermined,253306,664846,Other Private,Not applicable (i.e. only one owner),2005,Recreation & Leisure,0.52,Vacant Land,S12000049,05df8fc4-004a-4125-8629-0ae5c553022b,2025-12-03,481
pub_vdl.1309,Glasgow City,,3618,2-80 BARRISDALE ROAD,S01010353,Developable - Medium Term,256862,669515,Local Authority,Not applicable (i.e. only one owner),2001-2004,Residential - Housing,0.59,Vacant Land,S12000049,05df8fc4-004a-4125-8629-0ae5c553022b,2025-12-03,456
pub_vdl.1310,Glasgow City,,3629,ANDERSTON QUAY/ WASHINGTON ST.,S01010272,Developable - Short Term,258058,664990,Other Private,Not applicable (i.e. only one owner),2001-2004,Offices,0.38,Derelict,S12000049,05df8fc4-004a-4125-8629-0ae5c553022b,2025-12-03,457
pub_vdl.1311,Glasgow City,,3632,LILLYBURN PLACE,S01010497,Developable - Short Term,251278,672010,Local Authority,Not applicable (i.e. only one owner),2001-2004,Residential - Housing,1.26,Vacant Land,S12000049,05df8fc4-004a-4125-8629-0ae5c553022b,2025-12-03,458
pub_vdl.1312,Glasgow City,,3641,MELBOURNE STREET ARMOUR STREET SYDNEY STREET,S01010254,Developable - Short Term,260496,664908,Housing Association,Other Private,1996-2000,Other General Industry,0.29,Derelict,S12000049,05df8fc4-004a-4125-8629-0ae5c553022b,2025-12-03,459
pub_vdl.1313,Glasgow City,,3651,BALLATER STREET/ CROWN STREET,S01010032,Developable - Medium Term,259371,664314,Local Authority,Not applicable (i.e. only one owner),1981-1985,Unknown,0.37,Vacant Land,S12000049,05df8fc4-004a-4125-8629-0ae5c553022b,2025-12-03,460
pub_vdl.1334,Glasgow City,BOWLING GREENS,3740,GLENCONNER PARK ROYSTON ROAD,S01010225,Developable - Undetermined,261183,666509,Local Authority,Not applicable (i.e. only one owner),2001-2004,Recreation & Leisure,0.57,Vacant Land and Buildings,S12000049,05df8fc4-004a-4125-8629-0ae5c553022b,2025-12-03,478
pub_vdl.1314,Glasgow City,SUMMERHILL P.S.,3658,DRUMMORE ROAD,S01010492,Developable - Undetermined,252589,671921,Local Authority,Not applicable (i.e. only one owner),2001-2004,Education,1.71,Vacant Land,S12000049,05df8fc4-004a-4125-8629-0ae5c553022b,2025-12-03,461
pub_vdl.1315,Glasgow City,DRUMCHAPEL T.C.,3659,20-40 HECLA SQUARE / HECLA PLACE,S01010499,Developable - Medium Term,251665,671069,Local Authority,Not applicable (i.e. only one owner),2001-2004,Retailing,0.59,Vacant Land,S12000049,05df8fc4-004a-4125-8629-0ae5c553022b,2025-12-03,462
pub_vdl.1317,Glasgow City,DRUMCHAPEL T.C.,3660,43 - 51 HECLA SQUARE,S01010499,Developable - Medium Term,251706,671021,Local Authority,Not applicable (i.e. only one owner),2001-2004,Retailing,0.64,Vacant Land,S12000049,05df8fc4-004a-4125-8629-0ae5c553022b,2025-12-03,463
pub_vdl.1318,Glasgow City,BROADHOLM P.S.,3662,LINKWOOD DRIVE,S01010489,Developable - Medium Term,252404,671194,Local Authority,Not applicable (i.e. only one owner),2001-2004,Education,2.32,Vacant Land,S12000049,05df8fc4-004a-4125-8629-0ae5c553022b,2025-12-03,464
pub_vdl.1319,Glasgow City,,3664,BEHIND THE SHOPS 2-16 ROZELLE AVE,S01010495,Developable - Undetermined,252980,671262,Local Authority,Not applicable (i.e. only one owner),2001-2004,Residential - Housing,0.24,Vacant Land,S12000049,05df8fc4-004a-4125-8629-0ae5c553022b,2025-12-03,465
pub_vdl.1320,Glasgow City,,3666,KINFAUNS DRIVE/ PEEL GLEN ROAD,S01010492,Developable - Medium Term,252308,671676,Local Authority,Not applicable (i.e. only one owner),2001-2004,Residential - Housing,0.91,Vacant Land,S12000049,05df8fc4-004a-4125-8629-0ae5c553022b,2025-12-03,466
pub_vdl.1321,Glasgow City,,3671,BORRON STREET,S01010220,Unknown (uncertain/insufficient information),259325,667072,Other Private,Not applicable (i.e. only one owner),2001-2004,Storage,0.28,Vacant Land,S12000049,05df8fc4-004a-4125-8629-0ae5c553022b,2025-12-03,467
pub_vdl.1324,Glasgow City,W.S.SCIENCE PARK,3744,ACRE ROAD/SOUTH OF THE RIVER KELVIN,S01010347,Developable - Short Term,256168,670406,Scottish Enterprise,Not applicable (i.e. only one owner),2001-2004,Unknown,0.34,Vacant Land,S12000049,05df8fc4-004a-4125-8629-0ae5c553022b,2025-12-03,479
pub_vdl.1325,Glasgow City,,3692,BROOMLOAN ROAD,S01009861,Developable - Medium Term,255554,665078,Local Authority,Housing Association,2001-2004,Residential - Housing,2.55,Derelict,S12000049,05df8fc4-004a-4125-8629-0ae5c553022b,2025-12-03,470
pub_vdl.1326,Glasgow City,,3698,TWINLAW STREET/ ABBEYCRAIG ROAD.,S01010109,Developable - Medium Term,268992,666206,Local Authority,Not applicable (i.e. only one owner),2001-2004,Residential - Housing,1.33,Vacant Land,S12000049,05df8fc4-004a-4125-8629-0ae5c553022b,2025-12-03,471
pub_vdl.1327,Glasgow City,COWLAIRS IND EST,370,WEST OF 19 INVERURIE STREET,S01010221,Developable - Medium Term,259708,667494,Scottish Enterprise,Not applicable (i.e. only one owner),1980 or earlier,Unknown,0.74,Vacant Land,S12000049,05df8fc4-004a-4125-8629-0ae5c553022b,2025-12-03,188
pub_vdl.1328,Glasgow City,,3700,COLVEND STREET/ NORMAN STREET/ REID STREET,S01010046,Developable - Short Term,260901,663131,Local Authority,Not applicable (i.e. only one owner),2001-2004,Offices,0.29,Derelict,S12000049,05df8fc4-004a-4125-8629-0ae5c553022b,2025-12-03,472
pub_vdl.1329,Glasgow City,,3710,395 OLD SHETTLESTON ROAD,S01010147,Unknown (uncertain/insufficient information),264157,664391,Other Private,Not applicable (i.e. only one owner),2001-2004,"Residential - Hotels, Hostels etc",0.24,Derelict,S12000049,05df8fc4-004a-4125-8629-0ae5c553022b,2025-12-03,473
pub_vdl.1330,Glasgow City,,3714,CAIRNSMORE ROAD,S01010503,Developable - Undetermined,251578,670844,Ownership unknown,Not applicable (i.e. only one owner),2001-2004,Unknown,0.28,Vacant Land,S12000049,05df8fc4-004a-4125-8629-0ae5c553022b,2025-12-03,474
pub_vdl.1331,Glasgow City,,3719,6-58 STIRRAT STREET,S01010360,Developable - Short Term,256394,668803,Housing Association,Not applicable (i.e. only one owner),2001-2004,Residential - Housing,0.19,Vacant Land,S12000049,05df8fc4-004a-4125-8629-0ae5c553022b,2025-12-03,475
pub_vdl.1332,Glasgow City,,3722,1-57 BARRISDALE ROAD,S01010353,Developable - Medium Term,256802,669526,Local Authority,Not applicable (i.e. only one owner),2001-2004,Residential - Housing,0.18,Vacant Land,S12000049,05df8fc4-004a-4125-8629-0ae5c553022b,2025-12-03,476
pub_vdl.1333,Glasgow City,,3724,9 MAYBOLE STREET,S01009776,Developable - Undetermined,251950,660671,Housing Association,Not applicable (i.e. only one owner),2001-2004,Residential - Housing,0.14,Vacant Land,S12000049,05df8fc4-004a-4125-8629-0ae5c553022b,2025-12-03,477
pub_vdl.1335,Glasgow City,M8 FOODPARK,3756,KEPPOCHILL DRIVE,S01010221,Unknown (uncertain/insufficient information),259781,667052,Scottish Enterprise,Not applicable (i.e. only one owner),2005,Manufacturing,0.23,Vacant Land,S12000049,05df8fc4-004a-4125-8629-0ae5c553022b,2025-12-03,482
pub_vdl.1336,Glasgow City,,376,32 BALMORE ROAD.,S01010326,Developable - Medium Term,259052,667993,Local Authority,Not applicable (i.e. only one owner),1981-1985,Residential - Housing,0.19,Derelict,S12000049,05df8fc4-004a-4125-8629-0ae5c553022b,2025-12-03,189
pub_vdl.1337,Glasgow City,,3761,26-36 COTTAR STREET,S01010356,Unknown (uncertain/insufficient information),257053,669267,Other Private,Not applicable (i.e. only one owner),2005,Manufacturing,0.18,Vacant Land,S12000049,05df8fc4-004a-4125-8629-0ae5c553022b,2025-12-03,484
pub_vdl.1338,Glasgow City,TEMPLE GAS WORKS,3764,N OF DORCHESTER AVE/ S OF FORTH & CLYDE CANAL,S01010468,Developable - Undetermined,255330,669042,Private Gas,Not applicable (i.e. only one owner),2005,Storage,3.81,Derelict,S12000049,05df8fc4-004a-4125-8629-0ae5c553022b,2025-12-03,485
pub_vdl.1339,Glasgow City,,3775,LEDAIG STREET/ BALURE STREET,S01010246,Unknown (uncertain/insufficient information),262485,665284,Local Authority,Not applicable (i.e. only one owner),2005,Residential - Housing,0.21,Vacant Land,S12000049,05df8fc4-004a-4125-8629-0ae5c553022b,2025-12-03,486
pub_vdl.1340,Glasgow City,,3781,KILDERMORIE ROAD M8/ WESTERHOUSE ROAD,S01010119,Unknown (uncertain/insufficient information),266941,665710,Local Authority,Not applicable (i.e. only one owner),2005,Residential - Housing,0.45,Vacant Land,S12000049,05df8fc4-004a-4125-8629-0ae5c553022b,2025-12-03,487
pub_vdl.1341,Glasgow City,ST BENEDICT'S,3783,WESTERHOUSE ROAD,S01010117,Developable - Short Term,267395,666097,Local Authority,Not applicable (i.e. only one owner),2005,Education,1.12,Vacant Land,S12000049,05df8fc4-004a-4125-8629-0ae5c553022b,2025-12-03,488
pub_vdl.1342,Glasgow City,,3785,ABBEYCRAIG ROAD LOCHDOCHART ROAD,S01010109,Developable - Medium Term,268905,666168,Housing Association,Not applicable (i.e. only one owner),2005,Residential - Housing,0.38,Vacant Land,S12000049,05df8fc4-004a-4125-8629-0ae5c553022b,2025-12-03,489
pub_vdl.1343,Glasgow City,,3789,183-187 GLENLORA DRIVE,S01009784,Developable - Undetermined,252240,660972,Local Authority,Not applicable (i.e. only one owner),2005,Residential - Housing,0.9,Vacant Land,S12000049,05df8fc4-004a-4125-8629-0ae5c553022b,2025-12-03,490
pub_vdl.1344,Glasgow City,,3791,REAR OF 593 WOODNEUK ROAD,S01009769,Developable - Undetermined,252659,659994,Other Private,Not applicable (i.e. only one owner),2005,Utility Services,0.11,Derelict,S12000049,05df8fc4-004a-4125-8629-0ae5c553022b,2025-12-03,491
pub_vdl.1345,Glasgow City,HENRY BOOT YARD,3796,NASMYTH ROAD NORTH / AINSLIE ROAD,S01009833,Unknown (uncertain/insufficient information),252625,665160,Other Private,Not applicable (i.e. only one owner),2005,Unknown,1,Derelict,S12000049,05df8fc4-004a-4125-8629-0ae5c553022b,2025-12-03,492
pub_vdl.1346,Glasgow City,,3798,CHURCH STREET,S01010090,Developable - Medium Term,268083,663934,Other Private,Not applicable (i.e. only one owner),2010,Unknown,0.1,Vacant Land,S12000049,05df8fc4-004a-4125-8629-0ae5c553022b,2025-12-03,493
pub_vdl.1347,Glasgow City,M.VERNON STADIUM,3799,DALDOWIE ROAD BOGHALL ROAD,S01010091,Developable - Undetermined,267159,662987,Other Private,Not applicable (i.e. only one owner),2005,Recreation & Leisure,1.38,Derelict,S12000049,05df8fc4-004a-4125-8629-0ae5c553022b,2025-12-03,494
pub_vdl.1348,Glasgow City,,38,"WEST OF GREENLAW ROAD,TO G.D.C. BOUNDARY.",S01010441,Developable - Short Term,250727,668832,Harbour Trust,Not applicable (i.e. only one owner),1980 or earlier,Transport,6.29,Derelict,S12000049,05df8fc4-004a-4125-8629-0ae5c553022b,2025-12-03,158
pub_vdl.1349,Glasgow City,CITY WHARF,3806,51-55 CHEAPSIDE ST/ PICCADILLY STREET,S01010277,Developable - Short Term,257958,665029,Other Private,Not applicable (i.e. only one owner),2006,"Residential - Hotels, Hostels etc",0.64,Vacant Land,S12000049,05df8fc4-004a-4125-8629-0ae5c553022b,2025-12-03,495
pub_vdl.1350,Glasgow City,CITY WHARF,3807,CHEAPSIDE STREET WARROCH STREET,S01010277,Developable - Short Term,257908,665074,Local Authority,Other Private,2006,Other General Industry,0.73,Vacant Land,S12000049,05df8fc4-004a-4125-8629-0ae5c553022b,2025-12-03,496
pub_vdl.1351,Glasgow City,,3813,2-14 BIRNIE COURT,S01010202,Developable - Medium Term,262177,667555,Local Authority,Housing Association,2006,Residential - Housing,0.24,Vacant Land,S12000049,05df8fc4-004a-4125-8629-0ae5c553022b,2025-12-03,497
pub_vdl.1353,Glasgow City,,3815,21 BLAIRTUMMOCK ROAD,S01010129,Unknown (uncertain/insufficient information),265344,665959,Local Authority,Not applicable (i.e. only one owner),2006,Manufacturing,0.6,Derelict,S12000049,05df8fc4-004a-4125-8629-0ae5c553022b,2025-12-03,499
pub_vdl.1354,Glasgow City,,3820,5-17 LILLYBURN PLACE,S01010497,Developable - Short Term,251386,672017,Local Authority,Not applicable (i.e. only one owner),2006,Residential - Housing,0.72,Vacant Land,S12000049,05df8fc4-004a-4125-8629-0ae5c553022b,2025-12-03,501
pub_vdl.1355,Glasgow City,,3822,PRESTWICK STREET / LEVERN BRIDGE ROAD,S01009797,Developable - Undetermined,252065,660908,Local Authority,Not applicable (i.e. only one owner),2006,Unknown,0.47,Derelict,S12000049,05df8fc4-004a-4125-8629-0ae5c553022b,2025-12-03,502
pub_vdl.1356,Glasgow City,RAILWAY SOLUM,3828,DALDOWIE ROAD,S01010091,Developable - Undetermined,267043,662940,Network Rail/ Rail Franchise Holder,Not applicable (i.e. only one owner),1980 or earlier,Transport,0.83,Derelict,S12000049,05df8fc4-004a-4125-8629-0ae5c553022b,2025-12-03,503
pub_vdl.1357,Glasgow City,,3830,SOUTH OF 55 DALNESS STREET,S01010062,Developable - Short Term,263988,663396,Local Authority,Not applicable (i.e. only one owner),2006,Recreation & Leisure,0.11,Derelict,S12000049,05df8fc4-004a-4125-8629-0ae5c553022b,2025-12-03,504
pub_vdl.1358,Glasgow City,FORMER PITCHES,3839,DALSWINTON PATH AUCHENCROW ST/ LOCHEND H.S.,S01010106,Unknown (uncertain/insufficient information),268546,665746,Local Authority,Not applicable (i.e. only one owner),2006,Recreation & Leisure,3.77,Vacant Land,S12000049,05df8fc4-004a-4125-8629-0ae5c553022b,2025-12-03,505
pub_vdl.1359,Glasgow City,,3840,22-24 TWINLAW STREET,S01010109,Developable - Medium Term,269121,666175,Housing Association,Not applicable (i.e. only one owner),2006,Residential - Housing,0.13,Vacant Land,S12000049,05df8fc4-004a-4125-8629-0ae5c553022b,2025-12-03,506
pub_vdl.1360,Glasgow City,,3851,12-24 KILMUIR DRIVE / 49-55 KILMUIR CRES,S01009760,Developable - Short Term,254254,659529,Housing Association,Not applicable (i.e. only one owner),2006,Residential - Housing,0.97,Vacant Land,S12000049,05df8fc4-004a-4125-8629-0ae5c553022b,2025-12-03,507
pub_vdl.1361,Glasgow City,,3853,LOCHAR CRESCENT/ WHITE CART WATER,S01009799,Developable - Undetermined,253636,662663,Local Authority,Not applicable (i.e. only one owner),2006,Community & Health,0.59,Vacant Land,S12000049,05df8fc4-004a-4125-8629-0ae5c553022b,2025-12-03,508
pub_vdl.1478,Glasgow City,ST AUGUSTINE'S,4192,256 LIDDESDALE ROAD,S01010332,Developable - Medium Term,259271,669340,Local Authority,Not applicable (i.e. only one owner),2010,Education,1.1,Vacant Land,S12000049,05df8fc4-004a-4125-8629-0ae5c553022b,2025-12-03,624
pub_vdl.1362,Glasgow City,,3854,32-40 WHITRIGGS ROAD,S01009768,Developable - Undetermined,251844,659929,Housing Association,Not applicable (i.e. only one owner),2006,Residential - Housing,0.5,Vacant Land,S12000049,05df8fc4-004a-4125-8629-0ae5c553022b,2025-12-03,509
pub_vdl.1363,Glasgow City,MUS.RESOURCE CTR,3858,WOODHEAD ROAD,S01009768,Developable - Undetermined,251874,660074,Local Authority,Not applicable (i.e. only one owner),2006,Other General Industry,0.88,Vacant Land,S12000049,05df8fc4-004a-4125-8629-0ae5c553022b,2025-12-03,510
pub_vdl.1364,Glasgow City,,3860,6-86 NIVEN ST / BURNHOUSE STREET,S01010360,Developable - Short Term,256382,668852,Housing Association,Not applicable (i.e. only one owner),2006,Residential - Housing,0.34,Vacant Land,S12000049,05df8fc4-004a-4125-8629-0ae5c553022b,2025-12-03,511
pub_vdl.1365,Glasgow City,,3861,7-73 COLLINA ST/ 114-186 BURNHOUSE ST,S01010360,Developable - Medium Term,256449,668898,Housing Association,Not applicable (i.e. only one owner),2006,Residential - Housing,1.13,Vacant Land,S12000049,05df8fc4-004a-4125-8629-0ae5c553022b,2025-12-03,512
pub_vdl.1366,Glasgow City,CAMBUSLANG I.PRK,3877,SOUTH OF CAMBUSLANG ROAD,S01010071,Developable - Short Term,263768,661752,Scottish Enterprise,Not applicable (i.e. only one owner),2006,Manufacturing,1.29,Vacant Land,S12000049,05df8fc4-004a-4125-8629-0ae5c553022b,2025-12-03,513
pub_vdl.1367,Glasgow City,,3878,FIRHILL ROAD / FIRHILL COURT,S01010314,Unknown (uncertain/insufficient information),258057,667827,British Waterways,Not applicable (i.e. only one owner),2006,Other General Industry,0.26,Derelict,S12000049,05df8fc4-004a-4125-8629-0ae5c553022b,2025-12-03,514
pub_vdl.1368,Glasgow City,,3920,BRIGHTON STREET/ BRITON STREET/ IONA STREET,S01009861,Developable - Medium Term,255703,665019,Housing Association,Not applicable (i.e. only one owner),2007,Residential - Housing,0.49,Vacant Land,S12000049,05df8fc4-004a-4125-8629-0ae5c553022b,2025-12-03,524
pub_vdl.1369,Glasgow City,,4127,WESTERHOUSE ROAD ERROGIE STREET,S01010110,Unknown (uncertain/insufficient information),267938,665880,Local Authority,Not applicable (i.e. only one owner),2009,Unknown,0.95,Vacant Land,S12000049,05df8fc4-004a-4125-8629-0ae5c553022b,2025-12-03,605
pub_vdl.1370,Glasgow City,,3886,25-57 DRUMMORE ROAD,S01010497,Developable - Undetermined,252713,671942,Other Private,Other National/Local Government,2007,Residential - Housing,1.51,Vacant Land,S12000049,05df8fc4-004a-4125-8629-0ae5c553022b,2025-12-03,515
pub_vdl.1371,Glasgow City,,3887,BANKGLEN ROAD DRUMMORE ROAD,S01010494,Developable - Undetermined,252832,671797,Local Authority,Not applicable (i.e. only one owner),2007,Residential - Housing,0.13,Vacant Land,S12000049,05df8fc4-004a-4125-8629-0ae5c553022b,2025-12-03,516
pub_vdl.1372,Glasgow City,,3896,EAST OF 76 HAMILTON ROAD,S01010074,Developable - Undetermined,265207,662787,Local Authority,Not applicable (i.e. only one owner),2007,Community & Health,0.35,Derelict,S12000049,05df8fc4-004a-4125-8629-0ae5c553022b,2025-12-03,517
pub_vdl.1373,Glasgow City,ST MODANS PRIMRY,3901,BELLROCK CRES/ FASTNET STREET/ CLOCH STREET,S01010160,Unknown (uncertain/insufficient information),264407,665876,Local Authority,Not applicable (i.e. only one owner),2007,Education,1.52,Derelict,S12000049,05df8fc4-004a-4125-8629-0ae5c553022b,2025-12-03,518
pub_vdl.1374,Glasgow City,SCOTBEEF,3909,PENSTON ROAD,S01010129,Developable - Undetermined,265887,665990,Other Private,Not applicable (i.e. only one owner),2007,Residential - Housing,1,Vacant Land,S12000049,05df8fc4-004a-4125-8629-0ae5c553022b,2025-12-03,519
pub_vdl.1375,Glasgow City,RUGBY PITCH,3910,REAR 1545-1557 CUMBERNAULD ROAD,S01010188,Developable - Medium Term,264233,667745,Local Authority,Not applicable (i.e. only one owner),2007,Recreation & Leisure,1.38,Vacant Land,S12000049,05df8fc4-004a-4125-8629-0ae5c553022b,2025-12-03,520
pub_vdl.1376,Glasgow City,,3913,350-354 PROVANMILL ROAD,S01010180,Developable - Short Term,262869,667178,Other Private,Not applicable (i.e. only one owner),2007,Retailing,0.11,Derelict,S12000049,05df8fc4-004a-4125-8629-0ae5c553022b,2025-12-03,521
pub_vdl.1377,Glasgow City,,3914,AUCHINGILL ROAD CALCOTS PATH LIFF PLACE,S01010111,Developable - Medium Term,268392,666219,Housing Association,Not applicable (i.e. only one owner),2007,Residential - Housing,1.32,Vacant Land,S12000049,05df8fc4-004a-4125-8629-0ae5c553022b,2025-12-03,522
pub_vdl.1378,Glasgow City,,3917,BETWEEN 286-288 RYEHILL ROAD,S01010200,Uneconomic to Develop/Soft End Use,262442,668133,Local Authority,Not applicable (i.e. only one owner),2007,Unknown,0.1,Vacant Land,S12000049,05df8fc4-004a-4125-8629-0ae5c553022b,2025-12-03,523
pub_vdl.1379,Glasgow City,BT DEPOT,3924,LANCEFIELD QUAY/ LANCEFIELD ST / ELLIOT STREET,S01010276,Developable - Short Term,257538,665110,Private Telecommunications,Not applicable (i.e. only one owner),2007,Other General Industry,1.45,Vacant Land and Buildings,S12000049,05df8fc4-004a-4125-8629-0ae5c553022b,2025-12-03,525
pub_vdl.1380,Glasgow City,,3926,131 GROVEPARK STREET,S01010301,Developable - Undetermined,258148,667026,Local Authority,Other Private,2007,Manufacturing,0.13,Derelict,S12000049,05df8fc4-004a-4125-8629-0ae5c553022b,2025-12-03,526
pub_vdl.1381,Glasgow City,MUIRHOUSE WORKS,3930,57 MAXWELL ROAD,S01009881,Developable - Short Term,258195,663391,Other Private,Not applicable (i.e. only one owner),2007,Manufacturing,1.02,Derelict,S12000049,05df8fc4-004a-4125-8629-0ae5c553022b,2025-12-03,527
pub_vdl.1382,Glasgow City,,3932,91-97 FORDNEUK STREET,S01010055,Developable - Short Term,261177,664211,Ownership unknown,Not applicable (i.e. only one owner),2007,Other General Industry,0.63,Derelict,S12000049,05df8fc4-004a-4125-8629-0ae5c553022b,2025-12-03,528
pub_vdl.1383,Glasgow City,,3933,CLARENCE DRIVE/ CROW ROAD.,S01010398,Developable - Undetermined,255166,667153,Ownership unknown,Not applicable (i.e. only one owner),2007,Transport,0.13,Derelict,S12000049,05df8fc4-004a-4125-8629-0ae5c553022b,2025-12-03,529
pub_vdl.1384,Glasgow City,,3936,694 DUKE STREET/ SOUTH OF THE RAILWAY LINE.,S01010245,Developable - Medium Term,261997,664745,Other Private,Not applicable (i.e. only one owner),2007,Manufacturing,2.2,Derelict,S12000049,05df8fc4-004a-4125-8629-0ae5c553022b,2025-12-03,530
pub_vdl.1385,Glasgow City,,3937,1629-1647 MARYHILL ROAD,S01010356,Uneconomic to Develop/Soft End Use,256602,668929,British Waterways,Not applicable (i.e. only one owner),2007,Transport,0.41,Vacant Land,S12000049,05df8fc4-004a-4125-8629-0ae5c553022b,2025-12-03,531
pub_vdl.1386,Glasgow City,,3939,BROOMLOAN ROAD/ HINSHELWOOD DRIVE,S01009864,Developable - Short Term,255394,664500,Local Authority,Not applicable (i.e. only one owner),2007,Residential - Housing,0.64,Vacant Land,S12000049,05df8fc4-004a-4125-8629-0ae5c553022b,2025-12-03,532
pub_vdl.1387,Glasgow City,,4025,42644 COMELYPARK STREET,S01010255,Developable - Medium Term,261067,664665,Housing Association,Not applicable (i.e. only one owner),2008,Residential - Housing,0.64,Vacant Land,S12000049,05df8fc4-004a-4125-8629-0ae5c553022b,2025-12-03,567
pub_vdl.1388,Glasgow City,B.A.E. SHIPYARD,3941,EAST OF HOLMFAULD ROAD LINTHOUSE,S01009847,Developable - Medium Term,254334,666171,Other Private,Not applicable (i.e. only one owner),2007,Manufacturing,9.22,Derelict,S12000049,05df8fc4-004a-4125-8629-0ae5c553022b,2025-12-03,533
pub_vdl.1389,Glasgow City,ST MARNOCK ANNEX,3953,LANGTON ROAD,S01009799,Developable - Undetermined,253411,662294,Local Authority,Not applicable (i.e. only one owner),2008,Education,0.13,Vacant Land,S12000049,05df8fc4-004a-4125-8629-0ae5c553022b,2025-12-03,534
pub_vdl.1390,Glasgow City,,3954,2-64 LYNDALE RD,S01010353,Developable - Medium Term,256779,669552,Housing Association,Not applicable (i.e. only one owner),2008,Residential - Housing,0.2,Derelict,S12000049,05df8fc4-004a-4125-8629-0ae5c553022b,2025-12-03,535
pub_vdl.1391,Glasgow City,,3955,831-1201 KILMUN STREET,S01010353,Developable - Medium Term,256558,669529,Housing Association,Not applicable (i.e. only one owner),2008,Residential - Housing,0.92,Derelict,S12000049,05df8fc4-004a-4125-8629-0ae5c553022b,2025-12-03,536
pub_vdl.1399,Glasgow City,,3970,14 GARTOCHER TERRACE,S01010136,Developable - Short Term,265446,664441,Other Private,Not applicable (i.e. only one owner),2008,Residential - Housing,0.3,Vacant Land,S12000049,05df8fc4-004a-4125-8629-0ae5c553022b,2025-12-03,543
pub_vdl.1392,Glasgow City,,3956,84 - 214 KILMUN STREET,S01010353,Developable - Medium Term,256673,669427,Housing Association,Not applicable (i.e. only one owner),2008,Residential - Housing,3.74,Derelict,S12000049,05df8fc4-004a-4125-8629-0ae5c553022b,2025-12-03,537
pub_vdl.1393,Glasgow City,,4028,12-30 CARRICK STREET/BROWN STREET,S01010273,Developable - Short Term,258287,665014,Other Private,Not applicable (i.e. only one owner),2008,Other General Industry,0.31,Vacant Land,S12000049,05df8fc4-004a-4125-8629-0ae5c553022b,2025-12-03,568
pub_vdl.1394,Glasgow City,,3957,KNOWETAP STREET/ SOUTH OF RAILWAY,S01010352,Developable - Undetermined,257028,669551,Local Authority,Not applicable (i.e. only one owner),2008,Other,6.18,Vacant Land,S12000049,05df8fc4-004a-4125-8629-0ae5c553022b,2025-12-03,538
pub_vdl.1395,Glasgow City,,3958,PARKSIDE GARDENS,S01010327,Developable - Undetermined,258396,668558,Other Private,Not applicable (i.e. only one owner),2008,Residential - Housing,0.1,Derelict,S12000049,05df8fc4-004a-4125-8629-0ae5c553022b,2025-12-03,539
pub_vdl.1396,Glasgow City,EASTHALL P.S.,3959,WELLHOUSE ROAD / GLENBURNIE PLACE / WARE ROAD,S01010119,Developable - Medium Term,266883,665376,Local Authority,Not applicable (i.e. only one owner),2009,Education,0.96,Derelict,S12000049,05df8fc4-004a-4125-8629-0ae5c553022b,2025-12-03,540
pub_vdl.1397,Glasgow City,F'MER STV STUDIO,3964,200 RENFIELD ST RENFREW STREET HOPE STREET,S01010275,Developable - Short Term,258941,665929,Other Private,Not applicable (i.e. only one owner),2008,Manufacturing,0.2,Vacant Land,S12000049,05df8fc4-004a-4125-8629-0ae5c553022b,2025-12-03,541
pub_vdl.1398,Glasgow City,FM'R SOCIAL CLUB,3969,GARTOCHER ROAD/ GARTOCHER TERR.,S01010136,Developable - Medium Term,265272,664394,Other Private,Not applicable (i.e. only one owner),2008,Retailing,0.35,Vacant Land,S12000049,05df8fc4-004a-4125-8629-0ae5c553022b,2025-12-03,542
pub_vdl.1400,Glasgow City,COMMONHEAD & ST,3971,COLLETTES P. S. DUNGEONHILL RD / COMMONHEAD RD,S01010108,Developable - Medium Term,268808,665619,Local Authority,Not applicable (i.e. only one owner),2009,Education,2.07,Vacant Land,S12000049,05df8fc4-004a-4125-8629-0ae5c553022b,2025-12-03,544
pub_vdl.1401,Glasgow City,,4080,2121 LONDON ROAD,S01010071,Developable - Medium Term,263898,662842,Other Private,Not applicable (i.e. only one owner),2008,Other General Industry,1.22,Derelict,S12000049,05df8fc4-004a-4125-8629-0ae5c553022b,2025-12-03,585
pub_vdl.1402,Glasgow City,BISHOP LOCH P.S.,3972,LOCHEND ROAD/ AUCHINGILL ROAD/ SKELBO PLACE,S01010111,Developable - Medium Term,268621,666407,Local Authority,Not applicable (i.e. only one owner),2009,Education,2.04,Vacant Land,S12000049,05df8fc4-004a-4125-8629-0ae5c553022b,2025-12-03,545
pub_vdl.1403,Glasgow City,WELLHOUSE P.S.,3974,2-4 BALADO ROAD BARTIEBEITH ROAD,S01010129,Developable - Medium Term,266243,665367,Local Authority,Not applicable (i.e. only one owner),2009,Education,1.6,Vacant Land,S12000049,05df8fc4-004a-4125-8629-0ae5c553022b,2025-12-03,546
pub_vdl.1404,Glasgow City,BLAIRTUMMOCK P.S,3975,ABERDALGIE ROAD/ BALDINNIE ROAD,S01010112,Unknown (uncertain/insufficient information),267792,665556,Local Authority,Not applicable (i.e. only one owner),2009,Education,1.63,Vacant Land,S12000049,05df8fc4-004a-4125-8629-0ae5c553022b,2025-12-03,547
pub_vdl.1405,Glasgow City,RUCHAZIE P.S.,3976,GARTLOCH ROAD/ DRUMLOCHY ROAD/ ELIBANK ST,S01010178,Developable - Short Term,264367,666349,Local Authority,Not applicable (i.e. only one owner),2008,Education,1.89,Vacant Land,S12000049,05df8fc4-004a-4125-8629-0ae5c553022b,2025-12-03,548
pub_vdl.1498,Glasgow City,COUNCIL DEPOT,4250,3 HECLA PLACE,S01010499,Developable - Medium Term,251687,671130,Local Authority,Not applicable (i.e. only one owner),2011,Community & Health,0.16,Vacant Land,S12000049,05df8fc4-004a-4125-8629-0ae5c553022b,2025-12-03,644
pub_vdl.1406,Glasgow City,ST AMBROSE'S P.S,3977,MINGULAY STREET MINGULAY PLACE,S01010339,Developable - Undetermined,260089,669595,Local Authority,Not applicable (i.e. only one owner),2009,Education,1.56,Vacant Land,S12000049,05df8fc4-004a-4125-8629-0ae5c553022b,2025-12-03,549
pub_vdl.1407,Glasgow City,FORMER NURSERY,3981,WESTERHOUSE ROAD DUBTON STREET,S01010110,Unknown (uncertain/insufficient information),267881,665960,Local Authority,Not applicable (i.e. only one owner),2008,Education,0.26,Vacant Land,S12000049,05df8fc4-004a-4125-8629-0ae5c553022b,2025-12-03,550
pub_vdl.1408,Glasgow City,LAMLASH NUR.SCH.,4099,5 LAMLASH CRES./ BELLROCK STREET,S01010161,Developable - Medium Term,264660,665806,Local Authority,Not applicable (i.e. only one owner),2009,Education,0.49,Vacant Land,S12000049,05df8fc4-004a-4125-8629-0ae5c553022b,2025-12-03,595
pub_vdl.1409,Glasgow City,COUNCIL OFFICES,3984,OVERTOWN AVENUE,S01009784,Developable - Medium Term,252526,660965,Local Authority,Not applicable (i.e. only one owner),2008,Education,0.2,Vacant Land,S12000049,05df8fc4-004a-4125-8629-0ae5c553022b,2025-12-03,551
pub_vdl.1410,Glasgow City,FORMER WAREHOUSE,3990,23 COOK STREET,S01010032,Developable - Medium Term,258411,664245,Other Private,Not applicable (i.e. only one owner),2008,Storage,1.75,Derelict,S12000049,05df8fc4-004a-4125-8629-0ae5c553022b,2025-12-03,552
pub_vdl.1411,Glasgow City,ASHCRAIG S.N. SC,3995,100 AVENUE END ROAD,S01010168,Developable - Short Term,264771,666919,Local Authority,Not applicable (i.e. only one owner),2008,Recreation & Leisure,0.54,Vacant Land,S12000049,05df8fc4-004a-4125-8629-0ae5c553022b,2025-12-03,553
pub_vdl.1412,Glasgow City,CROFTCROIGHN P.S,3998,150 FINDOCHTY STREET,S01010171,Developable - Short Term,266085,666452,Other Private,Not applicable (i.e. only one owner),2008,Education,1.21,Vacant Land,S12000049,05df8fc4-004a-4125-8629-0ae5c553022b,2025-12-03,554
pub_vdl.1413,Glasgow City,,4000,MONACH ROAD/ STEPPS ROAD,S01010162,Developable - Medium Term,265191,665470,Other Private,Not applicable (i.e. only one owner),2008,Unknown,0.2,Vacant Land,S12000049,05df8fc4-004a-4125-8629-0ae5c553022b,2025-12-03,555
pub_vdl.1499,Glasgow City,,4256,CLYDE PLACE/ RIVERVIEW GARDENS,S01010031,Unknown (uncertain/insufficient information),258351,664778,Local Authority,Not applicable (i.e. only one owner),2012,Retailing,0.16,Vacant Land,S12000049,05df8fc4-004a-4125-8629-0ae5c553022b,2025-12-03,645
pub_vdl.1414,Glasgow City,ST PHILIP'S P.S.,4001,DRUMLOCHY ROAD BOGHALL STREET GARTLOCH ROAD,S01010177,Developable - Short Term,264554,666411,Local Authority,Not applicable (i.e. only one owner),2008,Education,2.79,Vacant Land,S12000049,05df8fc4-004a-4125-8629-0ae5c553022b,2025-12-03,556
pub_vdl.1415,Glasgow City,EL'BETH S'TON PS,4002,15-23 TOWARD ROAD,S01010165,Developable - Medium Term,265051,665516,Local Authority,Not applicable (i.e. only one owner),2008,Education,0.63,Vacant Land,S12000049,05df8fc4-004a-4125-8629-0ae5c553022b,2025-12-03,557
pub_vdl.1416,Glasgow City,,4003,EDINBURGH ROAD/ BARLANARK ROAD.,S01010130,Developable - Undetermined,266497,664968,Local Authority,Not applicable (i.e. only one owner),2008,Education,0.27,Vacant Land,S12000049,05df8fc4-004a-4125-8629-0ae5c553022b,2025-12-03,558
pub_vdl.1417,Glasgow City,,4004,12-40 BOGHALL ST / 53- 59 BLAIRLOGIE ST,S01010169,Developable - Medium Term,264716,666440,Housing Association,Not applicable (i.e. only one owner),2008,Residential - Housing,0.61,Vacant Land,S12000049,05df8fc4-004a-4125-8629-0ae5c553022b,2025-12-03,559
pub_vdl.1418,Glasgow City,,4005,EAST OF 62 EDINBURGH ROAD,S01010152,Developable - Undetermined,262544,665391,Local Authority,Not applicable (i.e. only one owner),2008,Offices,0.12,Vacant Land,S12000049,05df8fc4-004a-4125-8629-0ae5c553022b,2025-12-03,560
pub_vdl.1419,Glasgow City,HAGHILL P.S.,4006,MARWICK STREET/ WALTER STREET / AITKEN STREET,S01010241,Developable - Short Term,261982,665390,Local Authority,Not applicable (i.e. only one owner),2008,Education,0.56,Vacant Land and Buildings,S12000049,05df8fc4-004a-4125-8629-0ae5c553022b,2025-12-03,561
pub_vdl.1420,Glasgow City,B'D JOHN OGILVIE,4010,97 WELLHOUSE CRESCENT,S01010118,Developable - Undetermined,266615,665324,Other Private,Not applicable (i.e. only one owner),2008,Community & Health,0.69,Vacant Land,S12000049,05df8fc4-004a-4125-8629-0ae5c553022b,2025-12-03,562
pub_vdl.1421,Glasgow City,GARTLOCH HOSP 5,4011,GARTLOCH ROAD,S01010109,Developable - Short Term,268361,666952,Other Private,Not applicable (i.e. only one owner),2008,Community & Health,2.95,Vacant Land,S12000049,05df8fc4-004a-4125-8629-0ae5c553022b,2025-12-03,563
pub_vdl.1422,Glasgow City,,4012,BALDRAGON ROAD,S01010111,Developable - Medium Term,267877,666244,Local Authority,Not applicable (i.e. only one owner),2008,Residential - Housing,0.35,Vacant Land,S12000049,05df8fc4-004a-4125-8629-0ae5c553022b,2025-12-03,564
pub_vdl.1423,Glasgow City,,4015,BONHILL STREET,S01010309,Developable - Short Term,258773,667361,Housing Association,Not applicable (i.e. only one owner),2008,Residential - Housing,0.94,Derelict,S12000049,05df8fc4-004a-4125-8629-0ae5c553022b,2025-12-03,565
pub_vdl.1424,Glasgow City,,4016,APPLEBY STREET/ CALDARVAN STREET BONHILL ST,S01010309,Developable - Short Term,258710,667444,Housing Association,Not applicable (i.e. only one owner),2008,Residential - Housing,0.52,Vacant Land,S12000049,05df8fc4-004a-4125-8629-0ae5c553022b,2025-12-03,566
pub_vdl.1425,Glasgow City,,4032,KINTRA STREET/ COLUMBA STREET/ IONA STREET,S01009861,Developable - Medium Term,255642,665046,Housing Association,Not applicable (i.e. only one owner),2008,Residential - Housing,0.5,Vacant Land,S12000049,05df8fc4-004a-4125-8629-0ae5c553022b,2025-12-03,569
pub_vdl.1426,Glasgow City,,4033,CLYNDER STREET/ COLUMBA STREET/ BRITON STREET,S01009861,Developable - Medium Term,255764,664993,Housing Association,Not applicable (i.e. only one owner),2008,Residential - Housing,0.49,Vacant Land,S12000049,05df8fc4-004a-4125-8629-0ae5c553022b,2025-12-03,570
pub_vdl.1427,Glasgow City,,4034,45-87 BRIGHTON STREET,S01009861,Developable - Medium Term,255674,664952,Housing Association,Not applicable (i.e. only one owner),2008,Residential - Housing,0.47,Vacant Land,S12000049,05df8fc4-004a-4125-8629-0ae5c553022b,2025-12-03,571
pub_vdl.1428,Glasgow City,BROOMLOAN SCHOOL,4035,BROOMLOAN ROAD/ NEPTUNE STREET.,S01009859,Uneconomic to Develop/Soft End Use,255582,665295,Local Authority,Not applicable (i.e. only one owner),2008,Education,0.61,Derelict,S12000049,05df8fc4-004a-4125-8629-0ae5c553022b,2025-12-03,572
pub_vdl.1429,Glasgow City,,4041,KILBIRNIE STREET,S01010032,Unknown (uncertain/insufficient information),258126,663822,Private Gas,Not applicable (i.e. only one owner),2008,Transport,0.64,Vacant Land,S12000049,05df8fc4-004a-4125-8629-0ae5c553022b,2025-12-03,573
pub_vdl.1465,Glasgow City,,4155,90 MAIN STREET BAILLIESTON,S01010090,Developable - Short Term,267933,663837,Housing Association,Not applicable (i.e. only one owner),2010,Unknown,0.23,Vacant Land,S12000049,05df8fc4-004a-4125-8629-0ae5c553022b,2025-12-03,611
pub_vdl.1430,Glasgow City,ST MARGARET MARY,4045,44 DOWNCRAIG ROAD,S01009971,Developable - Undetermined,259363,658495,Local Authority,Not applicable (i.e. only one owner),2008,Education,1.88,Vacant Land,S12000049,05df8fc4-004a-4125-8629-0ae5c553022b,2025-12-03,574
pub_vdl.1431,Glasgow City,,4052,MOIR STREET,S01010039,Developable - Medium Term,259781,664778,Local Authority,Other Private,2008,Transport,0.54,Vacant Land,S12000049,05df8fc4-004a-4125-8629-0ae5c553022b,2025-12-03,575
pub_vdl.1432,Glasgow City,,4058,171 CASTLEBAY STREET,S01010336,Developable - Undetermined,259420,670016,Other Private,Not applicable (i.e. only one owner),2008,Community & Health,0.29,Derelict,S12000049,05df8fc4-004a-4125-8629-0ae5c553022b,2025-12-03,576
pub_vdl.1433,Glasgow City,,4059,23 KILFINNAN STREET,S01010331,Developable - Undetermined,258673,669271,Other Private,Not applicable (i.e. only one owner),2008,Retailing,0.12,Derelict,S12000049,05df8fc4-004a-4125-8629-0ae5c553022b,2025-12-03,577
pub_vdl.1434,Glasgow City,DRUMRY P.S.,4060,DRUMRY ROAD EAST DUNKENNY ROAD / ABBOTSHALL AV,S01010500,Developable - Short Term,251498,671007,Local Authority,Not applicable (i.e. only one owner),2008,Education,1.93,Derelict,S12000049,05df8fc4-004a-4125-8629-0ae5c553022b,2025-12-03,578
pub_vdl.1435,Glasgow City,,4063,KINFAUNS DRIVE / 136-141 SUMMERHILL RD,S01010494,Developable - Medium Term,253070,671618,Housing Association,Not applicable (i.e. only one owner),2008,Residential - Housing,1.01,Vacant Land,S12000049,05df8fc4-004a-4125-8629-0ae5c553022b,2025-12-03,579
pub_vdl.1436,Glasgow City,PINEWOOD P.S.,4064,505 KINFAUNS DRIVE,S01010494,Developable - Medium Term,253200,671532,Local Authority,Not applicable (i.e. only one owner),2008,Education,1.17,Vacant Land,S12000049,05df8fc4-004a-4125-8629-0ae5c553022b,2025-12-03,580
pub_vdl.1437,Glasgow City,,4065,DUNKENNY ROAD HECLA PLACE,S01010499,Developable - Medium Term,251573,671120,Local Authority,Not applicable (i.e. only one owner),2008,Community & Health,0.23,Vacant Land,S12000049,05df8fc4-004a-4125-8629-0ae5c553022b,2025-12-03,581
pub_vdl.1438,Glasgow City,,4066,237 SOUTH STREET,S01010391,Developable - Medium Term,254277,666574,Other Private,Not applicable (i.e. only one owner),2008,Other General Industry,0.67,Derelict,S12000049,05df8fc4-004a-4125-8629-0ae5c553022b,2025-12-03,582
pub_vdl.1439,Glasgow City,,4075,SARACEN STREET/ HAWTHORN STREET,S01010326,Developable - Undetermined,259061,668195,Other Private,Not applicable (i.e. only one owner),2008,Community & Health,0.46,Derelict,S12000049,05df8fc4-004a-4125-8629-0ae5c553022b,2025-12-03,583
pub_vdl.1440,Glasgow City,,4076,124-142 SHAWBRIDGE ST / BENGAL STREET,S01009935,Developable - Medium Term,256120,661421,Housing Association,Not applicable (i.e. only one owner),2008,Residential - Housing,1.71,Derelict,S12000049,05df8fc4-004a-4125-8629-0ae5c553022b,2025-12-03,584
pub_vdl.1441,Glasgow City,,4085,1-17 BEATTOCK ST 40 SORBY STREET,S01010049,Unknown (uncertain/insufficient information),262775,664147,Housing Association,Not applicable (i.e. only one owner),2008,Residential - Housing,0.17,Vacant Land,S12000049,05df8fc4-004a-4125-8629-0ae5c553022b,2025-12-03,586
pub_vdl.1442,Glasgow City,ST SAVIOUR C'RCH,4090,39 MERRYLAND ST/ 36 SUMMERTOWN RD,S01009861,Developable - Medium Term,255915,665104,Other Private,Not applicable (i.e. only one owner),2008,Community & Health,0.14,Vacant Land,S12000049,05df8fc4-004a-4125-8629-0ae5c553022b,2025-12-03,587
pub_vdl.1443,Glasgow City,,4091,240-246 CLYDE STREET,S01010274,Developable - Short Term,258983,664815,Other Private,Not applicable (i.e. only one owner),2008,Offices,0.1,Vacant Land,S12000049,05df8fc4-004a-4125-8629-0ae5c553022b,2025-12-03,588
pub_vdl.1444,Glasgow City,ROBROYSTON FARM,4092,ROBROYSTON ROAD.,S01010188,Unknown (uncertain/insufficient information),263322,669361,Other Private,Not applicable (i.e. only one owner),2008,Agriculture,0.52,Vacant Land,S12000049,05df8fc4-004a-4125-8629-0ae5c553022b,2025-12-03,589
pub_vdl.1445,Glasgow City,RODGERFIELD P.S.,4094,CORSEHILL STREET DALSWINTON ST.,S01010106,Developable - Medium Term,268398,665644,Local Authority,Not applicable (i.e. only one owner),2009,Education,0.81,Vacant Land,S12000049,05df8fc4-004a-4125-8629-0ae5c553022b,2025-12-03,590
pub_vdl.1446,Glasgow City,LOCHGOIN P.S.,4095,12 LOCHGOIN AVENUE,S01010498,Developable - Medium Term,251603,671805,Local Authority,Not applicable (i.e. only one owner),2009,Education,1.5,Vacant Land,S12000049,05df8fc4-004a-4125-8629-0ae5c553022b,2025-12-03,591
pub_vdl.1447,Glasgow City,,4096,15-45 NORTHMUIR ROAD,S01010494,Developable - Undetermined,252817,671634,Housing Association,Not applicable (i.e. only one owner),2009,Residential - Housing,0.53,Vacant Land,S12000049,05df8fc4-004a-4125-8629-0ae5c553022b,2025-12-03,592
pub_vdl.1448,Glasgow City,,4097,46-62 GLENKIRK DRIVE,S01010489,Developable - Medium Term,252625,670863,Housing Association,Not applicable (i.e. only one owner),2009,Residential - Housing,0.57,Vacant Land,S12000049,05df8fc4-004a-4125-8629-0ae5c553022b,2025-12-03,593
pub_vdl.1449,Glasgow City,,4098,122 GLENKIRK DRIVE,S01010490,Developable - Undetermined,253056,670942,Housing Association,Not applicable (i.e. only one owner),2009,Residential - Housing,0.13,Vacant Land,S12000049,05df8fc4-004a-4125-8629-0ae5c553022b,2025-12-03,594
pub_vdl.1450,Glasgow City,,4101,64-66 YOKER FERRY ROAD,S01010441,Unknown (uncertain/insufficient information),251174,668584,Other Private,Not applicable (i.e. only one owner),2009,Retailing,0.21,Derelict,S12000049,05df8fc4-004a-4125-8629-0ae5c553022b,2025-12-03,596
pub_vdl.1451,Glasgow City,,4105,102 -120 CALDARVAN STREET,S01010309,Developable - Medium Term,258611,667518,Housing Association,Not applicable (i.e. only one owner),2009,Residential - Housing,0.41,Vacant Land,S12000049,05df8fc4-004a-4125-8629-0ae5c553022b,2025-12-03,597
pub_vdl.1452,Glasgow City,,4106,103-121 CALDARVAN STREET,S01010309,Developable - Medium Term,258608,667458,Housing Association,Not applicable (i.e. only one owner),2010,Residential - Housing,0.69,Vacant Land,S12000049,05df8fc4-004a-4125-8629-0ae5c553022b,2025-12-03,598
pub_vdl.1453,Glasgow City,FMR YOUTH CENTRE,4110,ESSENSIDE AVE/ DRUMCHAPEL ROAD,S01010488,Developable - Undetermined,252956,670673,Local Authority,Not applicable (i.e. only one owner),2009,Community & Health,0.42,Vacant Land,S12000049,05df8fc4-004a-4125-8629-0ae5c553022b,2025-12-03,599
pub_vdl.1477,Glasgow City,JOAN OF ARC P.S.,4191,722 BALMORE ROAD,S01010334,Developable - Undetermined,258532,669356,Local Authority,Not applicable (i.e. only one owner),2010,Education,0.87,Derelict,S12000049,05df8fc4-004a-4125-8629-0ae5c553022b,2025-12-03,623
pub_vdl.1454,Glasgow City,,4117,6 TRONDRA PLACE 55 WARE ROAD,S01010119,Developable - Medium Term,266874,665614,Housing Association,Not applicable (i.e. only one owner),2009,Residential - Housing,0.3,Vacant Land,S12000049,05df8fc4-004a-4125-8629-0ae5c553022b,2025-12-03,600
pub_vdl.1455,Glasgow City,,4118,CANMORE STREET,S01010060,Developable - Undetermined,262868,663830,Ownership unknown,Not applicable (i.e. only one owner),2009,Transport,0.1,Derelict,S12000049,05df8fc4-004a-4125-8629-0ae5c553022b,2025-12-03,601
pub_vdl.1456,Glasgow City,F'MER POSSIL SCH,4121,426 BALMORE ROAD,S01010331,Developable - Undetermined,258823,668770,Local Authority,Not applicable (i.e. only one owner),2009,Education,0.11,Derelict,S12000049,05df8fc4-004a-4125-8629-0ae5c553022b,2025-12-03,602
pub_vdl.1457,Glasgow City,,4123,148-160 WISHART STREET,S01010262,Developable - Short Term,260530,665774,Other Private,Not applicable (i.e. only one owner),2009,Other General Industry,0.16,Vacant Land,S12000049,05df8fc4-004a-4125-8629-0ae5c553022b,2025-12-03,603
pub_vdl.1458,Glasgow City,,4124,HALLGREEN AVENUE / ABBOTSHALL AVE,S01010500,Developable - Undetermined,251092,671078,Local Authority,Not applicable (i.e. only one owner),2009,Unknown,1.07,Vacant Land,S12000049,05df8fc4-004a-4125-8629-0ae5c553022b,2025-12-03,604
pub_vdl.1459,Glasgow City,FORMER HOSTEL,4132,22 KYLE STREET 92 DOBIES LOAN,S01010261,Developable - Medium Term,259503,666064,Local Authority,Other Private,2009,"Residential - Hotels, Hostels etc",0.64,Vacant Land,S12000049,05df8fc4-004a-4125-8629-0ae5c553022b,2025-12-03,606
pub_vdl.1460,Glasgow City,UNIT 9,4136,EAGLE STREET,S01010220,Developable - Undetermined,259178,666975,Other Private,Not applicable (i.e. only one owner),2009,Residential - Housing,0.18,Derelict,S12000049,05df8fc4-004a-4125-8629-0ae5c553022b,2025-12-03,607
pub_vdl.1461,Glasgow City,,4137,CEDAR STREET,S01010303,Developable - Medium Term,258356,666910,Housing Association,Not applicable (i.e. only one owner),2009,Manufacturing,0.14,Derelict,S12000049,05df8fc4-004a-4125-8629-0ae5c553022b,2025-12-03,608
pub_vdl.1462,Glasgow City,,4145,1 SHANDWICK STREET,S01010122,Unknown (uncertain/insufficient information),267219,665933,Local Authority,Not applicable (i.e. only one owner),2009,Community & Health,0.29,Vacant Land and Buildings,S12000049,05df8fc4-004a-4125-8629-0ae5c553022b,2025-12-03,609
pub_vdl.1463,Glasgow City,,415,COLLEGE LANE/ HIGH STREET/ NICHOLAS ST.,S01010257,Developable - Medium Term,259811,665230,Scottish Enterprise,Not applicable (i.e. only one owner),1981-1985,Unknown,0.37,Vacant Land,S12000049,05df8fc4-004a-4125-8629-0ae5c553022b,2025-12-03,190
pub_vdl.1464,Glasgow City,,4151,NORTHINCH STREET CURLE STREET,S01010423,Unknown (uncertain/insufficient information),253942,666842,Other Private,Not applicable (i.e. only one owner),2009,Manufacturing,0.64,Derelict,S12000049,05df8fc4-004a-4125-8629-0ae5c553022b,2025-12-03,610
pub_vdl.1466,Glasgow City,,4156,EAST OF 100 RHINDMUIR ROAD,S01010100,Uneconomic to Develop/Soft End Use,268806,664477,Other Private,Not applicable (i.e. only one owner),2010,Unknown,0.13,Vacant Land,S12000049,05df8fc4-004a-4125-8629-0ae5c553022b,2025-12-03,612
pub_vdl.1467,Glasgow City,,4157,REAR OF 60 TO 82 MAIN STREET,S01010089,Developable - Undetermined,267882,663851,Housing Association,Not applicable (i.e. only one owner),2010,Recreation & Leisure,0.27,Derelict,S12000049,05df8fc4-004a-4125-8629-0ae5c553022b,2025-12-03,613
pub_vdl.1468,Glasgow City,,4163,PLAYFAIR STREET/ POPLIN STREET,S01010053,Developable - Undetermined,261203,663305,Local Authority,Not applicable (i.e. only one owner),2010,Residential - Housing,0.1,Vacant Land,S12000049,05df8fc4-004a-4125-8629-0ae5c553022b,2025-12-03,614
pub_vdl.1469,Glasgow City,,4165,BROOMLOAN COURT,S01009864,Developable - Medium Term,255302,664375,Housing Association,Not applicable (i.e. only one owner),2010,Residential - Housing,1.72,Derelict,S12000049,05df8fc4-004a-4125-8629-0ae5c553022b,2025-12-03,615
pub_vdl.1470,Glasgow City,,4168,310 -326 PAISLEY ROAD,S01010031,Unknown (uncertain/insufficient information),257764,664644,Other Private,Not applicable (i.e. only one owner),2010,Residential - Housing,0.14,Vacant Land,S12000049,05df8fc4-004a-4125-8629-0ae5c553022b,2025-12-03,616
pub_vdl.1471,Glasgow City,,4169,340 BOGMOOR ROAD,S01009833,Developable - Undetermined,252876,665403,Other Private,Not applicable (i.e. only one owner),2010,Other General Industry,0.42,Derelict,S12000049,05df8fc4-004a-4125-8629-0ae5c553022b,2025-12-03,617
pub_vdl.1472,Glasgow City,GOLFHILL P.S.,4171,FIRPARK STREET HANSON STREET CIRCUS DRIVE,S01010235,Developable - Short Term,260721,665551,Local Authority,Not applicable (i.e. only one owner),2010,Education,1.44,Vacant Land and Buildings,S12000049,05df8fc4-004a-4125-8629-0ae5c553022b,2025-12-03,618
pub_vdl.1473,Glasgow City,ST JAMES'S P.S.,4172,STEVENSON STREET GREEN STREET,S01010038,Developable - Medium Term,260297,664428,Local Authority,Not applicable (i.e. only one owner),2010,Education,0.8,Vacant Land and Buildings,S12000049,05df8fc4-004a-4125-8629-0ae5c553022b,2025-12-03,619
pub_vdl.1474,Glasgow City,OUR LADY P.S.,4174,WHITWORTH DRIVE BILSLAND DRIVE,S01010326,Developable - Undetermined,258176,668561,Local Authority,Not applicable (i.e. only one owner),2010,Education,0.82,Derelict,S12000049,05df8fc4-004a-4125-8629-0ae5c553022b,2025-12-03,620
pub_vdl.1475,Glasgow City,TEMPLE P.S.,4175,SPENCER STREET FULTON STREET,S01010473,Developable - Medium Term,254708,669284,Other Private,Not applicable (i.e. only one owner),2010,Education,0.25,Derelict,S12000049,05df8fc4-004a-4125-8629-0ae5c553022b,2025-12-03,621
pub_vdl.1476,Glasgow City,,4176,70 - 94 CALDARVAN STREET,S01010309,Developable - Medium Term,258742,667522,Housing Association,Not applicable (i.e. only one owner),2010,Residential - Housing,0.31,Vacant Land,S12000049,05df8fc4-004a-4125-8629-0ae5c553022b,2025-12-03,622
pub_vdl.1479,Glasgow City,,4193,16-106 ALTYRE STREET,S01010063,Developable - Medium Term,263963,663439,Housing Association,Not applicable (i.e. only one owner),2011,Residential - Housing,0.62,Vacant Land,S12000049,05df8fc4-004a-4125-8629-0ae5c553022b,2025-12-03,625
pub_vdl.1480,Glasgow City,,4227,ARNISDALE ROAD/ SEILGA PLACE/ GRUDIE STREET,S01010122,Developable - Medium Term,267112,665816,Housing Association,Not applicable (i.e. only one owner),2011,Residential - Housing,1.2,Vacant Land,S12000049,05df8fc4-004a-4125-8629-0ae5c553022b,2025-12-03,634
pub_vdl.1481,Glasgow City,KENNISHOLM AVENUE,4199,KENNISHOLM PATH KENNISHOLM PLACE KE'SHEAD PATH,S01009759,Developable - Short Term,254131,660088,Housing Association,Local Authority,2010,Residential - Housing,1.4,Vacant Land,S12000049,05df8fc4-004a-4125-8629-0ae5c553022b,2025-12-03,626
pub_vdl.1482,Glasgow City,,4212,OFF RIGBY STREET SOUTH OF THE RAILWAY LINE,S01010148,Developable - Undetermined,263021,664515,Other Private,Not applicable (i.e. only one owner),2011,Transport,0.25,Derelict,S12000049,05df8fc4-004a-4125-8629-0ae5c553022b,2025-12-03,627
pub_vdl.1483,Glasgow City,,4213,35 BAIRD BRAE,S01010297,Developable - Medium Term,258591,667060,Other Private,Not applicable (i.e. only one owner),2011,Business Class,0.46,Derelict,S12000049,05df8fc4-004a-4125-8629-0ae5c553022b,2025-12-03,628
pub_vdl.1484,Glasgow City,,4214,8 HALGREEN ROAD,S01010500,Developable - Undetermined,251488,671228,Local Authority,Not applicable (i.e. only one owner),2011,Community & Health,0.22,Vacant Land,S12000049,05df8fc4-004a-4125-8629-0ae5c553022b,2025-12-03,629
pub_vdl.1485,Glasgow City,,4215,EASTERHILL ST / FULLARTON AVENUE,S01010069,Uneconomic to Develop/Soft End Use,264328,662810,Other Private,Not applicable (i.e. only one owner),2011,Community & Health,0.11,Derelict,S12000049,05df8fc4-004a-4125-8629-0ae5c553022b,2025-12-03,630
pub_vdl.1486,Glasgow City,,4218,STRACHUR STREET,S01010334,Developable - Short Term,258367,669358,Other Private,Not applicable (i.e. only one owner),2011,Manufacturing,0.2,Derelict,S12000049,05df8fc4-004a-4125-8629-0ae5c553022b,2025-12-03,631
pub_vdl.1487,Glasgow City,,4225,ARNISDALE ROAD/ SHANDWICK STREET GRUDIE STREET,S01010122,Developable - Short Term,267260,665808,Housing Association,Not applicable (i.e. only one owner),2011,Residential - Housing,1.08,Vacant Land,S12000049,05df8fc4-004a-4125-8629-0ae5c553022b,2025-12-03,632
pub_vdl.1488,Glasgow City,,4226,KILDERMORIE ROAD SWORDALE PLACE DALCHARN PL.,S01010122,Developable - Undetermined,267138,665566,Housing Association,Not applicable (i.e. only one owner),2011,Residential - Housing,1.26,Vacant Land,S12000049,05df8fc4-004a-4125-8629-0ae5c553022b,2025-12-03,633
pub_vdl.1489,Glasgow City,,4228,2 TRONDRA PATH,S01010119,Unknown (uncertain/insufficient information),266820,665620,Other Private,Not applicable (i.e. only one owner),2011,Community & Health,0.15,Derelict,S12000049,05df8fc4-004a-4125-8629-0ae5c553022b,2025-12-03,635
pub_vdl.1490,Glasgow City,F'R ENG COLLEGE,4229,198 FLEMINGTON STREET/ RINGFORD ST.,S01010208,Developable - Undetermined,260680,667370,Other Private,Not applicable (i.e. only one owner),2011,Education,0.77,Derelict,S12000049,05df8fc4-004a-4125-8629-0ae5c553022b,2025-12-03,636
pub_vdl.1491,Glasgow City,,4233,BALVENY STREET ADJ TO CHURCH,S01010171,Developable - Undetermined,265896,666635,Other Private,Not applicable (i.e. only one owner),2011,Education,0.18,Vacant Land,S12000049,05df8fc4-004a-4125-8629-0ae5c553022b,2025-12-03,637
pub_vdl.1492,Glasgow City,,4237,REAR OF 590 DALMARNOCK ROAD/ DAVIDSON ST,S01010046,Developable - Medium Term,261428,663018,Other Private,Other Private,2011,Unknown,0.14,Derelict,S12000049,05df8fc4-004a-4125-8629-0ae5c553022b,2025-12-03,638
pub_vdl.1493,Glasgow City,,4238,SOLWAY STREET,S01010046,Developable - Short Term,260992,662967,Local Authority,Not applicable (i.e. only one owner),2011,Manufacturing,0.32,Vacant Land,S12000049,05df8fc4-004a-4125-8629-0ae5c553022b,2025-12-03,639
pub_vdl.1494,Glasgow City,,4239,DINDUFF STREET MYROCH PLACE STOBS PLACE,S01010111,Developable - Medium Term,268374,666322,Housing Association,Not applicable (i.e. only one owner),2011,Residential - Housing,1.46,Vacant Land,S12000049,05df8fc4-004a-4125-8629-0ae5c553022b,2025-12-03,640
pub_vdl.1495,Glasgow City,,4240,LOCHEND ROAD SKELBO PLACE SKELBO PATH,S01010111,Developable - Medium Term,268534,666293,Housing Association,Not applicable (i.e. only one owner),2011,Residential - Housing,1.38,Vacant Land,S12000049,05df8fc4-004a-4125-8629-0ae5c553022b,2025-12-03,641
pub_vdl.1496,Glasgow City,,4241,COLFIN STREET,S01010111,Developable - Undetermined,268217,666204,Local Authority,Not applicable (i.e. only one owner),2011,Retailing,0.19,Vacant Land,S12000049,05df8fc4-004a-4125-8629-0ae5c553022b,2025-12-03,642
pub_vdl.1497,Glasgow City,DERELICT FACTORY,4249,SHUNA PLACE,S01010321,Developable - Undetermined,257313,668481,Other Private,Not applicable (i.e. only one owner),2011,Manufacturing,0.33,Derelict,S12000049,05df8fc4-004a-4125-8629-0ae5c553022b,2025-12-03,643
pub_vdl.1502,Glasgow City,SIR JOHN MAXWELL PS,4262,30 BENGAL STREET,S01009935,Developable - Medium Term,256190,661475,Local Authority,Not applicable (i.e. only one owner),2012,Education,0.36,Derelict,S12000049,05df8fc4-004a-4125-8629-0ae5c553022b,2025-12-03,648
pub_vdl.1503,Glasgow City,,4275,8 ARDMALEISH ROAD,S01009977,Developable - Medium Term,260115,658900,Other Private,Not applicable (i.e. only one owner),2013,Recreation & Leisure,0.33,Derelict,S12000049,05df8fc4-004a-4125-8629-0ae5c553022b,2025-12-03,649
pub_vdl.1504,Glasgow City,,4278,WELL GREEN GREENVIEW STREET,S01009935,Developable - Medium Term,256301,661611,Health Boards,Not applicable (i.e. only one owner),2013,Education,0.1,Vacant Land,S12000049,05df8fc4-004a-4125-8629-0ae5c553022b,2025-12-03,650
pub_vdl.1505,Glasgow City,,4279,60 MAXWELL ROAD,S01009881,Developable - Short Term,258292,663528,Other Private,Not applicable (i.e. only one owner),2013,Offices,1.93,Vacant Land,S12000049,05df8fc4-004a-4125-8629-0ae5c553022b,2025-12-03,651
pub_vdl.1506,Glasgow City,,4281,8-10 SINCLAIR DRIVE,S01009904,Developable - Undetermined,258034,661584,Other Private,Not applicable (i.e. only one owner),2013,Unknown,0.12,Vacant Land,S12000049,05df8fc4-004a-4125-8629-0ae5c553022b,2025-12-03,652
pub_vdl.1507,Glasgow City,WESTERCOMMON PS,4284,ELLESMERE STREET,S01010313,Developable - Medium Term,258423,667708,Local Authority,Not applicable (i.e. only one owner),2013,Education,1.71,Vacant Land,S12000049,05df8fc4-004a-4125-8629-0ae5c553022b,2025-12-03,653
pub_vdl.1508,Glasgow City,PORT DUNDAS DISTILLERY,4285,76-80 NORTH CANAL BANK STREET,S01010220,Developable - Undetermined,259143,666702,Other Private,Not applicable (i.e. only one owner),2013,Manufacturing,7.05,Derelict,S12000049,05df8fc4-004a-4125-8629-0ae5c553022b,2025-12-03,654
pub_vdl.1509,Glasgow City,,4286,ELLESMERE STREET/ DENHAM STREET/ AUCKLAND STREET,S01010309,Developable - Medium Term,258599,667339,Housing Association,Not applicable (i.e. only one owner),2013,Residential - Housing,0.76,Vacant Land,S12000049,05df8fc4-004a-4125-8629-0ae5c553022b,2025-12-03,655
pub_vdl.1510,Glasgow City,,4287,HAMILTONHILL ROAD/ ELLESMERE STREET,S01010310,Developable - Medium Term,258827,667382,Housing Association,Not applicable (i.e. only one owner),2013,Residential - Housing,0.65,Vacant Land,S12000049,05df8fc4-004a-4125-8629-0ae5c553022b,2025-12-03,656
pub_vdl.1511,Glasgow City,,4290,SHETTLESTON ROAD RIGBY STREET/,S01010056,Developable - Undetermined,263189,664413,Other Private,Not applicable (i.e. only one owner),2013,Other General Industry,0.66,Vacant Land,S12000049,05df8fc4-004a-4125-8629-0ae5c553022b,2025-12-03,657
pub_vdl.1512,Glasgow City,ARDOCH HOUSE,4345,CARBETH STREET,S01010311,Developable - Short Term,258891,667824,Local Authority,Not applicable (i.e. only one owner),2016,Recreation & Leisure,0.87,Derelict,S12000049,05df8fc4-004a-4125-8629-0ae5c553022b,2025-12-03,679
pub_vdl.1513,Glasgow City,,4291,SPRINGFIELD ROAD DALMARNOCK ROAD/,S01010048,Developable - Short Term,261414,663174,Local Authority,Not applicable (i.e. only one owner),2013,Community & Health,1.25,Vacant Land,S12000049,05df8fc4-004a-4125-8629-0ae5c553022b,2025-12-03,658
pub_vdl.1514,Glasgow City,JAMES DUNCAN HOUSE,4293,BELL STREET HUNTER STREET,S01010038,Developable - Short Term,260148,664876,Other Private,Not applicable (i.e. only one owner),2013,"Residential - Hotels, Hostels etc",0.52,Vacant Land,S12000049,05df8fc4-004a-4125-8629-0ae5c553022b,2025-12-03,659
pub_vdl.1515,Glasgow City,SIGHTHILL,4296,16-18 PINKSTON DRIVE,S01010227,Developable - Short Term,260145,666499,Housing Association,Local Authority,2013,Residential - Housing,3.72,Derelict,S12000049,05df8fc4-004a-4125-8629-0ae5c553022b,2025-12-03,660
pub_vdl.1516,Glasgow City,RED ROAD,4297,RED ROAD COURT PETERSHILLROAD,S01010207,Developable - Medium Term,261949,667451,Housing Association,Local Authority,2013,Residential - Housing,5.93,Derelict,S12000049,05df8fc4-004a-4125-8629-0ae5c553022b,2025-12-03,661
pub_vdl.1517,Glasgow City,,4298,91-95 MORRIN STREET,S01010223,Unknown (uncertain/insufficient information),260129,667537,Other Private,Not applicable (i.e. only one owner),2013,Other General Industry,0.14,Derelict,S12000049,05df8fc4-004a-4125-8629-0ae5c553022b,2025-12-03,662
pub_vdl.1518,Highland,FORMER RAILWAY YARD,405 SBA2,WEST LAROCH BALLACHULISH,S01010526,Developable - Medium Term,208244,758437,Unknown Private,Not applicable (i.e. only one owner),1991-1995,Other General Industry,0.21,Vacant Land,S12000017,a10ac28a-dc05-4d2b-afcb-10e5a2fdd1e5,2025-11-30,787
pub_vdl.1519,Glasgow City,SIGHTHILL,4305,3-5 PINKSTON DRIVE,S01010227,Developable - Short Term,260119,666606,Housing Association,Local Authority,2014,Residential - Housing,3.1,Derelict,S12000049,05df8fc4-004a-4125-8629-0ae5c553022b,2025-12-03,663
pub_vdl.1520,Glasgow City,,4307,LOCHDOCHART ROAD DALSWINTON ST.,S01010106,Unknown (uncertain/insufficient information),268557,665588,Housing Association,Not applicable (i.e. only one owner),2014,Residential - Housing,1.33,Derelict,S12000049,05df8fc4-004a-4125-8629-0ae5c553022b,2025-12-03,664
pub_vdl.1521,Glasgow City,WHITEVALE BATHS,4308,WHITEVALE STREET,S01010255,Developable - Medium Term,261333,664630,Local Authority,Not applicable (i.e. only one owner),2014,Recreation & Leisure,0.11,Derelict,S12000049,05df8fc4-004a-4125-8629-0ae5c553022b,2025-12-03,665
pub_vdl.1522,Glasgow City,,4309,LONDON ROAD/ ANSON STREET LANDRESSY STREET,S01010043,Developable - Undetermined,260606,664026,Urban Regeneration Company,Other Private,2014,Residential - Housing,0.17,Vacant Land,S12000049,05df8fc4-004a-4125-8629-0ae5c553022b,2025-12-03,666
pub_vdl.1523,Glasgow City,,4310,BARRLAND STREET ALBERT DRIVE,S01009882,Developable - Short Term,258140,663246,Other Private,Not applicable (i.e. only one owner),2014,Manufacturing,0.72,Vacant Land,S12000049,05df8fc4-004a-4125-8629-0ae5c553022b,2025-12-03,667
pub_vdl.1524,Glasgow City,ROSEVALE P.S.,4312,SCALPAY STREET,S01010332,Developable - Undetermined,259558,669241,Local Authority,Not applicable (i.e. only one owner),2014,Education,0.95,Derelict,S12000049,05df8fc4-004a-4125-8629-0ae5c553022b,2025-12-03,668
pub_vdl.1525,Glasgow City,,4318,WILLOWFORD ROAD WEENSMOOR ROAD,S01009768,Developable - Medium Term,252011,659904,Housing Association,Not applicable (i.e. only one owner),2014,Retailing,0.19,Derelict,S12000049,05df8fc4-004a-4125-8629-0ae5c553022b,2025-12-03,669
pub_vdl.1526,Glasgow City,,4319,10/12 DELVIN ROAD,S01009964,Developable - Short Term,258490,660555,Local Authority,Not applicable (i.e. only one owner),2014,Other General Industry,0.14,Vacant Land,S12000049,05df8fc4-004a-4125-8629-0ae5c553022b,2025-12-03,670
pub_vdl.1538,Glasgow City,TALISMAN PUB,4352,149 BALGRAYHILL ROAD,S01010217,Developable - Undetermined,260558,668451,Other Private,Not applicable (i.e. only one owner),1986-1990,Recreation & Leisure,0.26,Derelict,S12000049,05df8fc4-004a-4125-8629-0ae5c553022b,2025-12-03,683
pub_vdl.1527,Glasgow City,ST ALOYSIUS PS,4321,12 CARRON CRESCENT,S01010215,Developable - Undetermined,260066,668366,Local Authority,Not applicable (i.e. only one owner),2014,Education,0.84,Derelict,S12000049,05df8fc4-004a-4125-8629-0ae5c553022b,2025-12-03,671
pub_vdl.1528,Glasgow City,,4326,COLVEND STREET/ COLVEND LANE,S01010046,Developable - Short Term,260898,663034,Urban Regeneration Company,Not applicable (i.e. only one owner),2015,Business Class,2.24,Vacant Land,S12000049,05df8fc4-004a-4125-8629-0ae5c553022b,2025-12-03,672
pub_vdl.1529,Glasgow City,,4333,GARSCUBE ROAD/ HOPEHILL ROAD,S01010314,Developable - Undetermined,258303,667293,Local Authority,Other Private,2015,Manufacturing,0.57,Derelict,S12000049,05df8fc4-004a-4125-8629-0ae5c553022b,2025-12-03,673
pub_vdl.1530,Glasgow City,,4334,FIRHILL ROAD / FIRHILL STREET,S01010314,Unknown (uncertain/insufficient information),258147,667632,Other Private,Not applicable (i.e. only one owner),2015,Recreation & Leisure,0.3,Derelict,S12000049,05df8fc4-004a-4125-8629-0ae5c553022b,2025-12-03,674
pub_vdl.1531,Glasgow City,,4336,WHITEVALE STREET/ BLUEVALE STREET,S01010244,Developable - Medium Term,261417,664756,Local Authority,Not applicable (i.e. only one owner),2015,Community & Health,1.15,Derelict,S12000049,05df8fc4-004a-4125-8629-0ae5c553022b,2025-12-03,675
pub_vdl.1532,Glasgow City,NYE BEVAN HOUSE,4337,INDIA STREET/ ELMBANK CRESCENT,S01010267,Developable - Medium Term,258081,665743,Local Authority,Not applicable (i.e. only one owner),2015,Offices,0.43,Vacant Land,S12000049,05df8fc4-004a-4125-8629-0ae5c553022b,2025-12-03,676
pub_vdl.1533,Glasgow City,,4339,STANLEY STREET/ MILNPARK STREET,S01009867,Developable - Short Term,257461,664302,Local Authority,Not applicable (i.e. only one owner),2016,Other General Industry,0.7,Derelict,S12000049,05df8fc4-004a-4125-8629-0ae5c553022b,2025-12-03,677
pub_vdl.1726,Highland,"AVIEMORE, FORMER SCHOOL",AVI_2013_1,MILTON PARK AVIEMORE,S01010537,Unknown (uncertain/insufficient information),289436,813283,Local Authority,Not applicable (i.e. only one owner),Unknown,Education,1.43,Vacant Land,S12000017,a10ac28a-dc05-4d2b-afcb-10e5a2fdd1e5,2025-11-30,807
pub_vdl.1534,Glasgow City,,4344,15 LINKWOOD CRESCENT,S01010499,Developable - Medium Term,251996,671240,Housing Association,Local Authority,2016,Residential - Housing,1.62,Derelict,S12000049,05df8fc4-004a-4125-8629-0ae5c553022b,2025-12-03,678
pub_vdl.1535,Glasgow City,PHASE 8,4348,DELNY PL WELLHOUSE CREST,S01010118,Developable - Short Term,266282,665218,Housing Association,Not applicable (i.e. only one owner),2017,Forestry/Woodland,0.58,Derelict,S12000049,05df8fc4-004a-4125-8629-0ae5c553022b,2025-12-03,680
pub_vdl.1536,Glasgow City,ADJACENT 1212 EDINBURGH ROAD,4350,EDINBURGH ROAD/,S01010126,Developable - Short Term,265617,665171,Other Private,Other Private,2017,Education,4.88,Derelict,S12000049,05df8fc4-004a-4125-8629-0ae5c553022b,2025-12-03,681
pub_vdl.1537,Glasgow City,FORMER CHURCH,4351,TILLYCAIRN DRIVE,S01010115,Developable - Short Term,265696,666864,Other Private,Other Private,2017,Education,0.75,Derelict,S12000049,05df8fc4-004a-4125-8629-0ae5c553022b,2025-12-03,682
pub_vdl.1539,Glasgow City,,4368,CALEDONIA RD CALEDONIA DR,S01010086,Developable - Undetermined,267657,663321,Unknown Private,Not applicable (i.e. only one owner),2012,Recreation & Leisure,0.39,Vacant Land,S12000049,05df8fc4-004a-4125-8629-0ae5c553022b,2025-12-03,694
pub_vdl.1540,Glasgow City,HOWFORD PS,4354,PS CROOKSTON ROAD,S01009804,Developable - Short Term,252062,662837,Local Authority,Not applicable (i.e. only one owner),2017,Education,0.7,Vacant Land,S12000049,05df8fc4-004a-4125-8629-0ae5c553022b,2025-12-03,684
pub_vdl.1541,Glasgow City,GOWANBANK PS,4355,PS,S01009784,Developable - Medium Term,252453,660926,Local Authority,Not applicable (i.e. only one owner),2017,Education,1.94,Vacant Land and Buildings,S12000049,05df8fc4-004a-4125-8629-0ae5c553022b,2025-12-03,685
pub_vdl.1542,Glasgow City,GARTLOCH HOSPITAL,4356,51 GARTLOCH WAY,S01010117,Developable - Short Term,268437,667157,Other Private,Not applicable (i.e. only one owner),2017,Community & Health,0.22,Vacant Land and Buildings,S12000049,05df8fc4-004a-4125-8629-0ae5c553022b,2025-12-03,686
pub_vdl.1543,Glasgow City,ELMBANK STREET,4357,STRATHCLYDE HOUSE,S01010267,Developable - Short Term,258186,665770,Other Private,Not applicable (i.e. only one owner),2017,Offices,0.85,Vacant Land and Buildings,S12000049,05df8fc4-004a-4125-8629-0ae5c553022b,2025-12-03,687
pub_vdl.1721,Highland,FORMER DORNOCH ABBATOIR,809 DOR1,FORMER DORNOCH ABBATOIR SHORE ROAD DORNOCH IV25 3LS DORNOCH,S01010761,Developable - Short Term,279713,889330,Other Private,Not applicable (i.e. only one owner),2010,Manufacturing,2.89,Vacant Land,S12000017,a10ac28a-dc05-4d2b-afcb-10e5a2fdd1e5,2025-11-30,810
pub_vdl.1544,Glasgow City,FORMER CRAIGBANK NURSERY,4359,40 GLENLORA DRIVE,S01009784,Developable - Medium Term,252655,661059,Local Authority,Not applicable (i.e. only one owner),2019,Education,0.24,Vacant Land,S12000049,05df8fc4-004a-4125-8629-0ae5c553022b,2025-12-03,688
pub_vdl.1545,Glasgow City,,4360,BETWEEN 345 NITSHILL RD & 150 CLEEVES QUADRANT,S01009778,Developable - Undetermined,252205,660358,Ownership unknown,Ownership unknown,Unknown,Residential - Housing,0.15,Derelict,S12000049,05df8fc4-004a-4125-8629-0ae5c553022b,2025-12-03,689
pub_vdl.1546,Glasgow City,300 NITSHILL ROAD,4362,300 NITSHILL ROAD,S01009779,Developable - Medium Term,252109,660448,Local Authority,Not applicable (i.e. only one owner),2019,Community & Health,0.52,Derelict,S12000049,05df8fc4-004a-4125-8629-0ae5c553022b,2025-12-03,690
pub_vdl.1547,Glasgow City,FORMER VICTORIA HOSPITAL CARPARK,4364,PROSPECTHILL ROAD/ GRANGE ROAD,S01009904,Developable - Short Term,258193,661693,Health Boards,Not applicable (i.e. only one owner),2019,Other,0.28,Derelict,S12000049,05df8fc4-004a-4125-8629-0ae5c553022b,2025-12-03,691
pub_vdl.1559,Glasgow City,FMR BELSYDE AVENUE NURSERY,4381,9-11 BELSYDE AVENUE DRUMCHAPEL,S01010489,Developable - Undetermined,252535,670692,Local Authority,Not applicable (i.e. only one owner),2022,Education,0.21,Derelict,S12000049,05df8fc4-004a-4125-8629-0ae5c553022b,2025-12-03,704
pub_vdl.1659,Highland,WEST OF UNIT 11,215 WK59,NORTH OF WELLINGTON CENTRE WICK INDUSTRIAL ESTATE WICK,S01010788,Unknown (uncertain/insufficient information),336371,951862,Local Authority,Not applicable (i.e. only one owner),1980 or earlier,Defence,0.11,Vacant Land,S12000017,a10ac28a-dc05-4d2b-afcb-10e5a2fdd1e5,2025-11-30,827
pub_vdl.1548,Glasgow City,FORMER VICTORIA HOSPITAL,4365,LANGSIDE RD/ GRANGE RD,S01009904,Developable - Short Term,258075,661774,Housing Association,Not applicable (i.e. only one owner),2019,Community & Health,2.77,Derelict,S12000049,05df8fc4-004a-4125-8629-0ae5c553022b,2025-12-03,692
pub_vdl.1549,Glasgow City,KINNING PARK PITCHES,4367,MACLEAN STREET GLASGOW G51 1DP,S01009866,Developable - Medium Term,256946,664652,Other Private,Not applicable (i.e. only one owner),1996-2000,Unknown,0.58,Vacant Land,S12000049,05df8fc4-004a-4125-8629-0ae5c553022b,2025-12-03,693
pub_vdl.1550,Glasgow City,,4369,SPRINGFIELD RD CONNAL ST,S01010048,Developable - Short Term,261546,663194,Housing Association,Not applicable (i.e. only one owner),Unknown,Residential - Housing,0.63,Vacant Land,S12000049,05df8fc4-004a-4125-8629-0ae5c553022b,2025-12-03,695
pub_vdl.1551,Glasgow City,,4370,HIGH ST NICHOLAS ST,S01010257,Developable - Short Term,259872,665277,Local Authority,Not applicable (i.e. only one owner),2021,Retailing,0.1,Vacant Land,S12000049,05df8fc4-004a-4125-8629-0ae5c553022b,2025-12-03,696
pub_vdl.1552,Glasgow City,TUREEN ST SCHOOL,4371,TUREEN ST MILLROAD ST ELCHO ST,S01010038,Developable - Medium Term,260486,664642,Local Authority,Not applicable (i.e. only one owner),2001-2004,Education,0.35,Vacant Land and Buildings,S12000049,05df8fc4-004a-4125-8629-0ae5c553022b,2025-12-03,697
pub_vdl.1592,Glasgow City,,511,CRAIGHALL STREET BORRON STREET.,S01010220,Developable - Undetermined,259047,666920,Other Private,Not applicable (i.e. only one owner),1980 or earlier,Residential - Housing,0.33,Derelict,S12000049,05df8fc4-004a-4125-8629-0ae5c553022b,2025-12-03,195
pub_vdl.1553,Glasgow City,SWANSTON STREET,4372,SWANSTON ST FRENCH STREET,S01010046,Uneconomic to Develop/Soft End Use,261128,663201,Urban Regeneration Company,Not applicable (i.e. only one owner),Unknown,Unknown,1.98,Derelict,S12000049,05df8fc4-004a-4125-8629-0ae5c553022b,2025-12-03,698
pub_vdl.1554,Glasgow City,CRUSADER AVENUE,4373,7-19 CRUSADER AVENUE,S01010483,Uneconomic to Develop/Soft End Use,253798,670100,Coal Authority,Not applicable (i.e. only one owner),Unknown,Mineral Activity,0.13,Vacant Land,S12000049,05df8fc4-004a-4125-8629-0ae5c553022b,2025-12-03,699
pub_vdl.1555,Glasgow City,OLD SAUSAGE FACTORY,4374,OLD SHETTLESTON RD,S01010147,Developable - Short Term,263507,664442,Unknown Private,Not applicable (i.e. only one owner),2022,Manufacturing,2.8,Vacant Land,S12000049,05df8fc4-004a-4125-8629-0ae5c553022b,2025-12-03,700
pub_vdl.1556,Glasgow City,,4375,EGILSAY ST SHAPINSAY ST VALLAY ST,S01010338,Developable - Medium Term,259736,669695,Unknown Private,Not applicable (i.e. only one owner),Unknown,Residential - Housing,2.81,Vacant Land,S12000049,05df8fc4-004a-4125-8629-0ae5c553022b,2025-12-03,701
pub_vdl.1574,Highland,FLAT AREA,107 KG6,ADJ RAILWAY MARKET LANE KINGUSSIE,S01010533,Developable - Undetermined,275521,800352,Network Rail/ Rail Franchise Holder,Not applicable (i.e. only one owner),1991-1995,Transport,0.37,Derelict,S12000017,a10ac28a-dc05-4d2b-afcb-10e5a2fdd1e5,2025-11-30,737
pub_vdl.1557,Glasgow City,WHITBY STREET,4379,EAST WHITBY ST WEST WHITBY ST,S01010050,Developable - Medium Term,262404,663896,Unknown Private,Not applicable (i.e. only one owner),1981-1985,Transport,0.55,Derelict,S12000049,05df8fc4-004a-4125-8629-0ae5c553022b,2025-12-03,702
pub_vdl.1558,Glasgow City,OLD CHANGING ROOMS,4380,QUEENS PARK ST GRANGE ROAD,S01009904,Developable - Short Term,258415,662019,Local Authority,Not applicable (i.e. only one owner),2001-2004,Recreation & Leisure,0.1,Derelict,S12000049,05df8fc4-004a-4125-8629-0ae5c553022b,2025-12-03,703
pub_vdl.1560,Glasgow City,FMR THIRLSTANE NURSERY,4382,56 CRAGGAN DRIVE YOKER,S01010437,Developable - Medium Term,251965,668608,Local Authority,Not applicable (i.e. only one owner),2017,Education,1.33,Vacant Land,S12000049,05df8fc4-004a-4125-8629-0ae5c553022b,2025-12-03,705
pub_vdl.1561,Glasgow City,FRM GOVAN LYCEUM,4383,908 GOVAN ROAD GOVAN,S01009847,Developable - Medium Term,255216,665871,Local Authority,Not applicable (i.e. only one owner),2006,Recreation & Leisure,0.18,Derelict,S12000049,05df8fc4-004a-4125-8629-0ae5c553022b,2025-12-03,706
pub_vdl.1562,Glasgow City,ASHTREE RD,4491,ASHTREE RD GREENVIEW ST,S01009935,Unknown (uncertain/insufficient information),256376,661505,Local Authority,Not applicable (i.e. only one owner),2007,Passive Open Space,0.13,Vacant Land and Buildings,S12000049,05df8fc4-004a-4125-8629-0ae5c553022b,2025-12-03,714
pub_vdl.1563,Glasgow City,FRM DRUMRY HOUSE,4384,40 KINFAUNS DRUMCHAPEL,S01010499,Developable - Medium Term,251920,670980,Local Authority,Not applicable (i.e. only one owner),2020,"Residential - Hotels, Hostels etc",0.69,Vacant Land,S12000049,05df8fc4-004a-4125-8629-0ae5c553022b,2025-12-03,707
pub_vdl.1564,Glasgow City,FRM SHETTLESTON HALL,4385,151 WELLSHOT ROAD,S01010144,Developable - Medium Term,263915,663905,Local Authority,Not applicable (i.e. only one owner),2008,Community & Health,0.14,Derelict,S12000049,05df8fc4-004a-4125-8629-0ae5c553022b,2025-12-03,708
pub_vdl.1565,Glasgow City,FRM TELEPHONE EXCHNAGE,4386,41 WELLSHOT ROAD PETTIGREW STREET/,S01010145,Developable - Medium Term,263989,664167,Housing Association,Not applicable (i.e. only one owner),2022,Storage,0.11,Derelict,S12000049,05df8fc4-004a-4125-8629-0ae5c553022b,2025-12-03,709
pub_vdl.1681,Highland,FISH FARM,606 MEL2,ADJ TO PERFUME FACTORY ON THE COAST LINE MELLONCHARLES,S01010694,Developable - Undetermined,184297,891729,Unknown Private,Not applicable (i.e. only one owner),1996-2000,Agriculture,0.38,Derelict,S12000017,a10ac28a-dc05-4d2b-afcb-10e5a2fdd1e5,2025-11-30,798
pub_vdl.1566,Glasgow City,,4387,BRIDGE STREET OXFORD STREET/,S01010035,Developable - Undetermined,258743,664544,Unknown Public,Unknown Private,1986-1990,Residential - Housing,0.17,Vacant Land and Buildings,S12000049,05df8fc4-004a-4125-8629-0ae5c553022b,2025-12-03,710
pub_vdl.1567,Glasgow City,FORMER ARDOCH HOUSE,4388,ARDOCH STREET CARBETH STREET,S01010311,Developable - Medium Term,258973,667808,Local Authority,Not applicable (i.e. only one owner),2016,"Residential - Hotels, Hostels etc",0.55,Vacant Land,S12000049,05df8fc4-004a-4125-8629-0ae5c553022b,2025-12-03,711
pub_vdl.1568,Glasgow City,MILLERSTON ST,4389,MILLERSTON ST GALLOWGATE,S01010245,Developable - Medium Term,261438,664671,Local Authority,Not applicable (i.e. only one owner),2018,Residential - Housing,0.83,Vacant Land,S12000049,05df8fc4-004a-4125-8629-0ae5c553022b,2025-12-03,712
pub_vdl.1569,Glasgow City,FORMER SHAWBRIDGE ARCADE,4490,ASHTREE ROAD GREENVIEW STREET,S01009935,Developable - Short Term,256329,661549,Housing Association,Not applicable (i.e. only one owner),2021,Retailing,0.46,Vacant Land,S12000049,05df8fc4-004a-4125-8629-0ae5c553022b,2025-12-03,713
pub_vdl.1575,Glasgow City,APPLEBY STREET,4496,APPLEBY STREET/ CALDARVAN STREET BONHILL ST,S01010309,Developable - Short Term,258704,667324,Housing Association,Not applicable (i.e. only one owner),2008,Residential - Housing,0.39,Vacant Land,S12000049,05df8fc4-004a-4125-8629-0ae5c553022b,2025-12-03,719
pub_vdl.1576,Glasgow City,GREENFIELD SCHOOL,4497,UIST STREET NIMMO DRIVE,S01009840,Developable - Medium Term,254669,665223,Other Private,Not applicable (i.e. only one owner),2009,Education,0.41,Vacant Land and Buildings,S12000049,05df8fc4-004a-4125-8629-0ae5c553022b,2025-12-03,720
pub_vdl.1589,Glasgow City,,502,WELLFIELD STREET CROFTBANK STREET EDGEFAULD RD.,S01010211,Developable - Undetermined,261044,667747,Local Authority,Not applicable (i.e. only one owner),1980 or earlier,Residential - Housing,0.95,Vacant Land,S12000049,05df8fc4-004a-4125-8629-0ae5c553022b,2025-12-03,192
pub_vdl.1570,Glasgow City,FORMER PLAYING FIELDS,4492,PETERSHILL DRIVE RED ROAD,S01010225,Developable - Medium Term,261933,667248,Local Authority,Not applicable (i.e. only one owner),2017,Recreation & Leisure,2.78,Vacant Land,S12000049,05df8fc4-004a-4125-8629-0ae5c553022b,2025-12-03,715
pub_vdl.1571,Glasgow City,FORMER BROOMKNOWES PRIMARY SCHOOL,4493,RED ROAD RED ROAD COURT,S01010207,Developable - Medium Term,261863,667496,Local Authority,Not applicable (i.e. only one owner),2022,Education,0.73,Derelict,S12000049,05df8fc4-004a-4125-8629-0ae5c553022b,2025-12-03,716
pub_vdl.1572,Glasgow City,FORMER MCVITIES FACTORY,4494,TOLLCROSS ROAD RATTRAY STREET,S01010059,Unknown (uncertain/insufficient information),263291,663403,Other Private,Not applicable (i.e. only one owner),2022,Manufacturing,6.81,Vacant Land and Buildings,S12000049,05df8fc4-004a-4125-8629-0ae5c553022b,2025-12-03,717
pub_vdl.1573,Glasgow City,FORMER STONEDYKE PRIMARY SCHOOL,4495,CLOAN AVENUE,S01010490,Unknown (uncertain/insufficient information),252958,670894,Local Authority,Not applicable (i.e. only one owner),2012,Education,1.68,Derelict,S12000049,05df8fc4-004a-4125-8629-0ae5c553022b,2025-12-03,718
pub_vdl.1577,Glasgow City,CROSSMYLOOF CARE HOME,4498,80 TITWOOD ROAD,S01009911,Developable - Short Term,257222,662498,Other Private,Not applicable (i.e. only one owner),2020,"Residential - Hotels, Hostels etc",0.69,Vacant Land and Buildings,S12000049,05df8fc4-004a-4125-8629-0ae5c553022b,2025-12-03,721
pub_vdl.1593,Glasgow City,,513,MASTERTON STREET KEPPOCHHILL ROAD,S01010221,Unknown (uncertain/insufficient information),259431,667114,Local Authority,Not applicable (i.e. only one owner),1980 or earlier,Unknown,0.1,Vacant Land,S12000049,05df8fc4-004a-4125-8629-0ae5c553022b,2025-12-03,196
pub_vdl.1722,Highland,FORMER DORNOCH ABBATOIR,809 DOR1A,FORMER DORNOCH ABBATOIR SHORE ROAD DORNOCH IV25 3LS DORNOCH,S01010760,Developable - Short Term,279796,889415,Other Private,Not applicable (i.e. only one owner),2010,Manufacturing,0.15,Derelict,S12000017,a10ac28a-dc05-4d2b-afcb-10e5a2fdd1e5,2025-11-30,835
pub_vdl.1578,Glasgow City,FORMER JANITORS HOUSE,4499,NETHAN STREET HARHILL STREET,S01009843,Developable - Medium Term,255125,665547,Housing Association,Not applicable (i.e. only one owner),2011,Residential - Housing,0.1,Derelict,S12000049,05df8fc4-004a-4125-8629-0ae5c553022b,2025-12-03,722
pub_vdl.1579,Glasgow City,LIGHTBURN ROAD,4500,MYRESIDE ST PENICUIK WAY,S01010148,Unknown (uncertain/insufficient information),262541,664732,Ownership unknown,Ownership unknown,2001-2004,Manufacturing,1.62,Derelict,S12000049,05df8fc4-004a-4125-8629-0ae5c553022b,2025-12-03,723
pub_vdl.1580,Glasgow City,FORMER BUS DEPOT,4501,TOLLCROSS RD GLAMIS RD,S01010060,Developable - Medium Term,262768,663920,Ownership unknown,Ownership unknown,2017,Transport,2.73,Derelict,S12000049,05df8fc4-004a-4125-8629-0ae5c553022b,2025-12-03,724
pub_vdl.1587,Glasgow City,CANAL BASIN,499,SOUTH OF NORTH CANAL BANK STREET.,S01010297,Developable - Undetermined,259462,666597,Other Private,Other National/Local Government,1980 or earlier,Transport,1.68,Derelict,S12000049,05df8fc4-004a-4125-8629-0ae5c553022b,2025-12-03,191
pub_vdl.1581,Glasgow City,CARNTYNE RD,4502,CARNTYNE ROAD TODD ST,S01010148,Unknown (uncertain/insufficient information),262427,664828,Ownership unknown,Ownership unknown,1980 or earlier,Unknown,2.04,Derelict,S12000049,05df8fc4-004a-4125-8629-0ae5c553022b,2025-12-03,725
pub_vdl.1582,Glasgow City,FORMER SOCIAL CARE FACILITY,4503,WARDIE ROAD SHANDWICK STREET,S01010122,Unknown (uncertain/insufficient information),267454,665794,Local Authority,Not applicable (i.e. only one owner),2022,"Residential - Hotels, Hostels etc",1.02,Vacant Land and Buildings,S12000049,05df8fc4-004a-4125-8629-0ae5c553022b,2025-12-03,726
pub_vdl.1594,Glasgow City,,529,W OF DARNICK ST,S01010229,Developable - Short Term,261387,666722,Other Private,Not applicable (i.e. only one owner),1980 or earlier,Transport,3.78,Derelict,S12000049,05df8fc4-004a-4125-8629-0ae5c553022b,2025-12-03,197
pub_vdl.1583,Glasgow City,FORMER ST PHILIP'S CHURCH,4504,BOGHALL STREET DRUMLOCHY ROAD,S01010177,Developable - Medium Term,264625,666364,Other National/Local Government,Not applicable (i.e. only one owner),2012,Community & Health,0.63,Derelict,S12000049,05df8fc4-004a-4125-8629-0ae5c553022b,2025-12-03,727
pub_vdl.1584,Glasgow City,WHITEINCH BURGH HALLS,4505,35 INCHLEE STREET,S01010424,Developable - Undetermined,254050,667054,Local Authority,Not applicable (i.e. only one owner),2022,Community & Health,0.17,Vacant Land and Buildings,S12000049,05df8fc4-004a-4125-8629-0ae5c553022b,2025-12-03,728
pub_vdl.1585,Glasgow City,FORMER VICTORIA’S NIGHTCLUB,4506,94 SAUCHIEHALL STREET,S01010275,Developable - Medium Term,258901,665815,Other Private,Not applicable (i.e. only one owner),2018,Recreation & Leisure,0.13,Vacant Land and Buildings,S12000049,05df8fc4-004a-4125-8629-0ae5c553022b,2025-12-03,729
pub_vdl.1586,Glasgow City,GLASGOW SCHOOL OF ART/ABC,4507,300 SAUCHIEHALL STREET,S01010271,Developable - Short Term,258431,665950,Other Private,Other Private,2018,Recreation & Leisure,0.52,Vacant Land and Buildings,S12000049,05df8fc4-004a-4125-8629-0ae5c553022b,2025-12-03,730
pub_vdl.1590,Glasgow City,EASTFIELD,505,WEST OF 915 SPRINGBURN RD,S01010215,Unknown (uncertain/insufficient information),260259,668564,Local Authority,Not applicable (i.e. only one owner),1980 or earlier,Unknown,1.85,Derelict,S12000049,05df8fc4-004a-4125-8629-0ae5c553022b,2025-12-03,193
pub_vdl.1591,Glasgow City,,506,EAST OF 20 BYSHOT ROAD,S01010224,Developable - Medium Term,259895,667605,Other Private,Not applicable (i.e. only one owner),1980 or earlier,Other General Industry,5.34,Derelict,S12000049,05df8fc4-004a-4125-8629-0ae5c553022b,2025-12-03,194
pub_vdl.1595,Glasgow City,,539,WEST OF 135 BALORNOCK ROAD,S01010209,Uneconomic to Develop/Soft End Use,261475,668941,Other Private,Not applicable (i.e. only one owner),1980 or earlier,Transport,3.15,Vacant Land,S12000049,05df8fc4-004a-4125-8629-0ae5c553022b,2025-12-03,198
pub_vdl.1596,Glasgow City,,542,NORTH OF PETERSHILL DRIVE,S01010202,Uneconomic to Develop/Soft End Use,262053,667534,Other Private,Not applicable (i.e. only one owner),1980 or earlier,Transport,0.66,Vacant Land,S12000049,05df8fc4-004a-4125-8629-0ae5c553022b,2025-12-03,199
pub_vdl.1597,Glasgow City,,546,W OF STATION RD,S01010188,Developable - Undetermined,264303,667898,Local Authority,Not applicable (i.e. only one owner),1980 or earlier,Education,6.16,Derelict,S12000049,05df8fc4-004a-4125-8629-0ae5c553022b,2025-12-03,200
pub_vdl.1598,Glasgow City,,547,REAR OF NO 1535- 1553 CUMBERNAULD ROAD,S01010188,Developable - Undetermined,264188,667652,Other Private,Not applicable (i.e. only one owner),1980 or earlier,Passive Open Space,0.48,Vacant Land,S12000049,05df8fc4-004a-4125-8629-0ae5c553022b,2025-12-03,201
pub_vdl.1599,Highland,OLD BRUAN CHURCH,210 BRU1,W SIDE OF A99 BRUAN,S01010773,Developable - Undetermined,331350,939573,Unknown Private,Not applicable (i.e. only one owner),2001-2004,Storage,0.41,Derelict,S12000017,a10ac28a-dc05-4d2b-afcb-10e5a2fdd1e5,2025-11-30,734
pub_vdl.1600,Glasgow City,NOVA TECH PARK,549,ROBROYSTON BUSINESS PARK/ N OF THE M8.,S01010188,Developable - Short Term,263503,668326,Other Private,Other National/Local Government,1980 or earlier,Agriculture,7.92,Derelict,S12000049,05df8fc4-004a-4125-8629-0ae5c553022b,2025-12-03,202
pub_vdl.1601,Glasgow City,,551,WEST OF 90 STATION ROAD,S01010188,Developable - Short Term,264023,667968,Local Authority,Not applicable (i.e. only one owner),1980 or earlier,Other,10.03,Derelict,S12000049,05df8fc4-004a-4125-8629-0ae5c553022b,2025-12-03,203
pub_vdl.1602,Glasgow City,,554,WEST OF NO 71 ROBROYSTON ROAD.,S01010184,Developable - Short Term,262860,667336,Local Authority,Not applicable (i.e. only one owner),1981-1985,Unknown,2.06,Vacant Land,S12000049,05df8fc4-004a-4125-8629-0ae5c553022b,2025-12-03,204
pub_vdl.1631,Glasgow City,,897,N OF HAMILTON RD,S01010091,Uneconomic to Develop/Soft End Use,268034,662325,Other Private,Not applicable (i.e. only one owner),1981-1985,Retailing,0.17,Vacant Land,S12000049,05df8fc4-004a-4125-8629-0ae5c553022b,2025-12-03,230
pub_vdl.1603,Glasgow City,,556,SOUTH OF 63 EARNOCK STREET,S01010184,Developable - Undetermined,262473,667467,Local Authority,Other Private,1980 or earlier,Unknown,4.83,Derelict,S12000049,05df8fc4-004a-4125-8629-0ae5c553022b,2025-12-03,205
pub_vdl.1604,Glasgow City,,574,SOUTH OF NO 272 -396 WALLACEWELL ROAD.,S01010196,Developable - Short Term,262622,668754,Local Authority,Not applicable (i.e. only one owner),1980 or earlier,Agriculture,10.45,Derelict,S12000049,05df8fc4-004a-4125-8629-0ae5c553022b,2025-12-03,206
pub_vdl.1605,Glasgow City,,589,SOUTH OF 36 MOORFOOT ST,S01010149,Unknown (uncertain/insufficient information),263187,664819,Other Private,Not applicable (i.e. only one owner),1980 or earlier,Unknown,1.45,Derelict,S12000049,05df8fc4-004a-4125-8629-0ae5c553022b,2025-12-03,207
pub_vdl.1606,Glasgow City,,591,WEST OF DEE ST,S01010241,Developable - Undetermined,262523,665891,Network Rail/ Rail Franchise Holder,Not applicable (i.e. only one owner),1980 or earlier,Transport,1.46,Derelict,S12000049,05df8fc4-004a-4125-8629-0ae5c553022b,2025-12-03,208
pub_vdl.1607,Glasgow City,,592,SOUTH OF 10 CASTLELAW ST,S01010152,Developable - Undetermined,262669,665505,Local Authority,Not applicable (i.e. only one owner),1981-1985,Community & Health,1.57,Derelict,S12000049,05df8fc4-004a-4125-8629-0ae5c553022b,2025-12-03,209
pub_vdl.1618,Glasgow City,,712,WEST OF 140 POPLIN STREET,S01010046,Developable - Short Term,260931,663243,Other Private,Not applicable (i.e. only one owner),1980 or earlier,Unknown,0.47,Vacant Land,S12000049,05df8fc4-004a-4125-8629-0ae5c553022b,2025-12-03,219
pub_vdl.1608,Glasgow City,C'MICAL WKS SITE,615,DUKE STREET / NETHERHOUSE ST,S01010245,Developable - Undetermined,262026,664889,Other Private,Not applicable (i.e. only one owner),1980 or earlier,Manufacturing,1.48,Derelict,S12000049,05df8fc4-004a-4125-8629-0ae5c553022b,2025-12-03,210
pub_vdl.1609,Glasgow City,,616,WEST OF NO 83 TODD STREET.,S01010245,Developable - Short Term,262331,665011,Local Authority,Other Nationalised Industry or Statutory undertakers,1981-1985,Residential - Housing,1.61,Derelict,S12000049,05df8fc4-004a-4125-8629-0ae5c553022b,2025-12-03,211
pub_vdl.1610,Glasgow City,,626,WEST OF 5 FLEMING STREET,S01010244,Unknown (uncertain/insufficient information),261851,664917,Other Private,Not applicable (i.e. only one owner),1981-1985,Unknown,0.14,Vacant Land,S12000049,05df8fc4-004a-4125-8629-0ae5c553022b,2025-12-03,212
pub_vdl.1611,Glasgow City,,627,CRAIGMORE STREET,S01010148,Developable - Undetermined,262270,664807,Local Authority,Other Private,1980 or earlier,Unknown,0.6,Derelict,S12000049,05df8fc4-004a-4125-8629-0ae5c553022b,2025-12-03,213
pub_vdl.1612,Glasgow City,,628,W OF 24 TODD ST,S01010148,Developable - Undetermined,262300,664881,Local Authority,Other Private,1980 or earlier,Unknown,0.62,Derelict,S12000049,05df8fc4-004a-4125-8629-0ae5c553022b,2025-12-03,214
pub_vdl.1613,Glasgow City,,658,CHARLOTTE ST/ LONDON ROAD/ GREENDYKE ST,S01010039,Unknown (uncertain/insufficient information),259871,664559,Other Private,Other National/Local Government,1981-1985,Other General Industry,0.68,Derelict,S12000049,05df8fc4-004a-4125-8629-0ae5c553022b,2025-12-03,215
pub_vdl.1614,Glasgow City,,664,FIELDEN ST / CROWNPOINT ST,S01010245,Developable - Short Term,261492,664372,Other Private,Not applicable (i.e. only one owner),1981-1985,Unknown,0.71,Vacant Land,S12000049,05df8fc4-004a-4125-8629-0ae5c553022b,2025-12-03,216
pub_vdl.1615,Glasgow City,,669,BIGGAR ST NORTH,S01010245,Developable - Undetermined,262134,664740,Other Private,Not applicable (i.e. only one owner),1981-1985,Transport,0.81,Derelict,S12000049,05df8fc4-004a-4125-8629-0ae5c553022b,2025-12-03,217
pub_vdl.1616,Highland,RUTHERFORD STREET SOUTH,215 WK78,WICK,S01010779,Developable - Short Term,336691,950112,Other Private,Not applicable (i.e. only one owner),1996-2000,Residential - Housing,0.12,Derelict,S12000017,a10ac28a-dc05-4d2b-afcb-10e5a2fdd1e5,2025-11-30,754
pub_vdl.1617,Glasgow City,DALMARNOCK RIVERSIDE,704,SOUTH OF STRATH- CLYDE ST/WEST OF DALMARNOCK RD,S01010046,Developable - Short Term,261624,662762,Housing Association,Not applicable (i.e. only one owner),1980 or earlier,Manufacturing,1.59,Vacant Land,S12000049,05df8fc4-004a-4125-8629-0ae5c553022b,2025-12-03,218
pub_vdl.1620,Glasgow City,PARKHEAD FORGE 3,728,SOUTH OF 279 SHETTLESTON ROAD,S01010148,Developable - Undetermined,262958,664388,Other Private,Not applicable (i.e. only one owner),1981-1985,Manufacturing,1.39,Derelict,S12000049,05df8fc4-004a-4125-8629-0ae5c553022b,2025-12-03,221
pub_vdl.1723,Highland,OLD RUINS,815 KB3,NR FREE CHURCH KINLOCHBERVIE,S01010815,Uneconomic to Develop/Soft End Use,221968,956356,Unknown Private,Not applicable (i.e. only one owner),1980 or earlier,Residential - Housing,0.51,Derelict,S12000017,a10ac28a-dc05-4d2b-afcb-10e5a2fdd1e5,2025-11-30,795
pub_vdl.1621,Glasgow City,,788,CARNTYNEHALL RD OLD SHETT.ROAD,S01010147,Unknown (uncertain/insufficient information),263663,664447,Other Private,Not applicable (i.e. only one owner),1981-1985,Manufacturing,0.96,Derelict,S12000049,05df8fc4-004a-4125-8629-0ae5c553022b,2025-12-03,222
pub_vdl.1622,Glasgow City,,79,S OF CLYDEHOLM ROAD,S01010424,Developable - Undetermined,253764,666587,Other Private,Not applicable (i.e. only one owner),1980 or earlier,Unknown,0.57,Derelict,S12000049,05df8fc4-004a-4125-8629-0ae5c553022b,2025-12-03,159
pub_vdl.1623,Glasgow City,,812,E OF BRAIDFAULD STREET,S01010064,Developable - Medium Term,263927,662962,Local Authority,Other National/Local Government,1981-1985,Transport,1.51,Derelict,S12000049,05df8fc4-004a-4125-8629-0ae5c553022b,2025-12-03,223
pub_vdl.1624,Glasgow City,,827,NORTH OF 3 GRANTLEA GROVE,S01010081,Uneconomic to Develop/Soft End Use,265723,663770,Other Private,Not applicable (i.e. only one owner),1980 or earlier,Transport,0.26,Derelict,S12000049,05df8fc4-004a-4125-8629-0ae5c553022b,2025-12-03,224
pub_vdl.1625,Glasgow City,KENMUIR TIP.,828,SOUTH OF 85 HAMILTON ROAD.,S01010074,Developable - Medium Term,265313,662672,Local Authority,Not applicable (i.e. only one owner),1980 or earlier,Community & Health,6.12,Derelict,S12000049,05df8fc4-004a-4125-8629-0ae5c553022b,2025-12-03,225
pub_vdl.1626,Glasgow City,,850,MOSSVALE ROAD/ MOSSVALE CRES.,S01010169,Developable - Undetermined,265026,666752,Local Authority,Not applicable (i.e. only one owner),1981-1985,Unknown,0.82,Vacant Land,S12000049,05df8fc4-004a-4125-8629-0ae5c553022b,2025-12-03,226
pub_vdl.1627,Highland,NORTH OF COASTGUARD HOUSES,215 WK80,WELLINGTON AVENUE WICK,S01010777,Developable - Short Term,337399,949891,Other Private,Not applicable (i.e. only one owner),1980 or earlier,Other,0.14,Derelict,S12000017,a10ac28a-dc05-4d2b-afcb-10e5a2fdd1e5,2025-11-30,755
pub_vdl.1628,Glasgow City,,852,COLTNESS ST / SUMMERLEE ST,S01010129,Unknown (uncertain/insufficient information),265290,665594,Other Private,Not applicable (i.e. only one owner),1981-1985,Other General Industry,0.55,Vacant Land,S12000049,05df8fc4-004a-4125-8629-0ae5c553022b,2025-12-03,227
pub_vdl.1629,Glasgow City,QUEENS IND EST.,853,SUMMERLEE STREET,S01010129,Developable - Short Term,265280,665424,Other Private,Not applicable (i.e. only one owner),1981-1985,Unknown,1.36,Vacant Land,S12000049,05df8fc4-004a-4125-8629-0ae5c553022b,2025-12-03,228
pub_vdl.1630,Glasgow City,,855,NORTH OF COLTNESS LANE,S01010129,Developable - Medium Term,265715,665477,Other Private,Not applicable (i.e. only one owner),1981-1985,Manufacturing,0.16,Vacant Land,S12000049,05df8fc4-004a-4125-8629-0ae5c553022b,2025-12-03,229
pub_vdl.1632,Glasgow City,,904,E OF KENMUIR RD,S01010091,Developable - Medium Term,265891,661937,Other Private,Not applicable (i.e. only one owner),1981-1985,Agriculture,23.17,Derelict,S12000049,05df8fc4-004a-4125-8629-0ae5c553022b,2025-12-03,231
pub_vdl.1633,Glasgow City,B'GY MINNIE POND,911,WEST OF 40 GARDENSIDE PL,S01010071,Developable - Undetermined,264568,661502,Private Steel,Not applicable (i.e. only one owner),1981-1985,Agriculture,3.52,Vacant Land,S12000049,05df8fc4-004a-4125-8629-0ae5c553022b,2025-12-03,232
pub_vdl.1634,Glasgow City,,917,NORTH OF 11 BUCKINGHAM DR.,S01010071,Developable - Undetermined,264800,662029,Private Steel,Not applicable (i.e. only one owner),1981-1985,Unknown,0.34,Vacant Land,S12000049,05df8fc4-004a-4125-8629-0ae5c553022b,2025-12-03,233
pub_vdl.1635,Highland,FORMER AUCTION MART,213 TH30,THURSO,S01010805,Developable - Medium Term,311151,967732,Other Private,Not applicable (i.e. only one owner),2005,Agriculture,2.69,Derelict,S12000017,a10ac28a-dc05-4d2b-afcb-10e5a2fdd1e5,2025-11-30,733
pub_vdl.1636,Highland,FORMER GARAGE,215 WK21,FRANCIS STREET/LOCH STREET WICK,S01010779,Unknown (uncertain/insufficient information),336262,950391,Ownership unknown,Not applicable (i.e. only one owner),1981-1985,Retailing,0.18,Vacant Land,S12000017,a10ac28a-dc05-4d2b-afcb-10e5a2fdd1e5,2025-11-30,753
pub_vdl.1642,Highland,FORMER RAF CAMP,215 WK25,NORTH OF AIRPORT WICK,S01010788,Developable - Undetermined,336382,953169,Other Private,Not applicable (i.e. only one owner),1980 or earlier,Defence,6.01,Derelict,S12000017,a10ac28a-dc05-4d2b-afcb-10e5a2fdd1e5,2025-11-30,742
pub_vdl.1649,Highland,LITTLE CHEF CAF?Ë & FILLING ST,327 TOM1,CLOSE TO A9 TOMATIN,S01010566,Developable - Short Term,279554,830056,Other Private,Not applicable (i.e. only one owner),2005,Retailing,1.31,Derelict,S12000017,a10ac28a-dc05-4d2b-afcb-10e5a2fdd1e5,2025-11-30,804
pub_vdl.1643,Highland,NORTH EAST OF ELZY ROAD,215 WK27,STAXIGOE WICK,S01010786,Unknown (uncertain/insufficient information),338466,952413,Ownership unknown,Not applicable (i.e. only one owner),1980 or earlier,Other,0.24,Derelict,S12000017,a10ac28a-dc05-4d2b-afcb-10e5a2fdd1e5,2025-11-30,751
pub_vdl.1644,Highland,SOUTH OF THE SHORE,215 WK3,SCALESBURN WICK,S01010782,Unknown (uncertain/insufficient information),336667,951040,Private Port Company,Not applicable (i.e. only one owner),1980 or earlier,Other,0.3,Derelict,S12000017,a10ac28a-dc05-4d2b-afcb-10e5a2fdd1e5,2025-11-30,782
pub_vdl.1637,Highland,CAR PARK,101 AVM13,ADJ SCANDINAVIAN VILLAGE AVIEMORE,S01010537,Developable - Undetermined,289327,812658,Ownership unknown,Not applicable (i.e. only one owner),1996-2000,Transport,1.64,Vacant Land,S12000017,a10ac28a-dc05-4d2b-afcb-10e5a2fdd1e5,2025-11-30,731
pub_vdl.1654,Highland,WEST OF CLAYMORE DAIRY,215 WK45,RAILWAY STATION WICK,S01010781,Developable - Undetermined,335927,950948,Other Private,Not applicable (i.e. only one owner),1980 or earlier,Unknown,0.49,Vacant Land,S12000017,a10ac28a-dc05-4d2b-afcb-10e5a2fdd1e5,2025-11-30,758
pub_vdl.1638,Highland,ADJ TENNIS COURTS,101 AVM18,CRAGGAN MORE ROAD AVIEMORE,S01010539,Developable - Undetermined,290294,813466,Ownership unknown,Not applicable (i.e. only one owner),1980 or earlier,Unknown,0.11,Vacant Land,S12000017,a10ac28a-dc05-4d2b-afcb-10e5a2fdd1e5,2025-11-30,732
pub_vdl.1639,Highland,FORMER PETROL STATION,101 AVM31,EAST OF HIGHLAND LODGES ADJACENT B9152 AVIEMORE,S01010537,Developable - Short Term,289446,811928,Unknown Private,Unknown Public,Unknown,Storage,0.18,Vacant Land,S12000017,a10ac28a-dc05-4d2b-afcb-10e5a2fdd1e5,2025-11-30,739
pub_vdl.1640,Highland,FORMER INDUSTRIAL SITE,103 CBD10,WEST OF A9 ADJ SAWMILL CARRBRIDGE,S01010541,Developable - Undetermined,289745,822349,Unknown Private,Not applicable (i.e. only one owner),1986-1990,Other General Industry,2.7,Derelict,S12000017,a10ac28a-dc05-4d2b-afcb-10e5a2fdd1e5,2025-11-30,736
pub_vdl.1641,Highland,RAILWAY SIDING,103 CBD9,ADJ STATION N OF TRACK CARRBRIDGE,S01010541,Developable - Undetermined,289950,822442,Network Rail/ Rail Franchise Holder,Not applicable (i.e. only one owner),Unknown,Transport,0.42,Vacant Land,S12000017,a10ac28a-dc05-4d2b-afcb-10e5a2fdd1e5,2025-11-30,735
pub_vdl.1645,Highland,STATION YARD,215 WK31,WICK,S01010781,Unknown (uncertain/insufficient information),335949,950875,Network Rail/ Rail Franchise Holder,Not applicable (i.e. only one owner),Unknown,Transport,1.04,Derelict,S12000017,a10ac28a-dc05-4d2b-afcb-10e5a2fdd1e5,2025-11-30,757
pub_vdl.1646,Highland,HANGER BUILDINGS AND LAND,215 WK34,WICK AIRPORT WICK,S01010788,Unknown (uncertain/insufficient information),336430,952109,Ownership unknown,Not applicable (i.e. only one owner),1980 or earlier,Defence,1.95,Vacant Land and Buildings,S12000017,a10ac28a-dc05-4d2b-afcb-10e5a2fdd1e5,2025-11-30,785
pub_vdl.1647,Highland,NORTH EAST OF WICK INDUSTRIAL ESTATE,215 WK35,WICK,S01010788,Unknown (uncertain/insufficient information),336590,952104,Ownership unknown,Ownership unknown,1980 or earlier,Unknown,0.3,Vacant Land,S12000017,a10ac28a-dc05-4d2b-afcb-10e5a2fdd1e5,2025-11-30,779
pub_vdl.1648,Highland,WICK BUSINESS PARK A,215 WK55A,LOCHSHELL WICK,S01010788,Developable - Short Term,335422,952653,Highlands and Islands Enterprise,Not applicable (i.e. only one owner),2001-2004,Agriculture,0.42,Vacant Land,S12000017,a10ac28a-dc05-4d2b-afcb-10e5a2fdd1e5,2025-11-30,838
pub_vdl.1650,Highland,EAST OF WELLINGTON CENTRE,215 WK38,WICK INDUSTRIAL ESTATE WICK,S01010788,Unknown (uncertain/insufficient information),336434,951730,Ownership unknown,Ownership unknown,1980 or earlier,Unknown,0.58,Vacant Land,S12000017,a10ac28a-dc05-4d2b-afcb-10e5a2fdd1e5,2025-11-30,750
pub_vdl.1657,Highland,NORTH WEST WICK INDUSTRIAL ESTATE,215 WK57,WICK,S01010788,Unknown (uncertain/insufficient information),336253,951971,Local Authority,Not applicable (i.e. only one owner),1980 or earlier,Defence,0.68,Vacant Land,S12000017,a10ac28a-dc05-4d2b-afcb-10e5a2fdd1e5,2025-11-30,746
pub_vdl.1658,Highland,WEST OF WELLINGTON CENTRE,215 WK58,WICK INDUSTRIAL ESTATE WICK,S01010788,Unknown (uncertain/insufficient information),336308,951788,Local Authority,Not applicable (i.e. only one owner),1980 or earlier,Defence,0.21,Vacant Land,S12000017,a10ac28a-dc05-4d2b-afcb-10e5a2fdd1e5,2025-11-30,748
pub_vdl.1651,Highland,WEST SIDE OF WICK INDUSTRIAL ESTATE,215 WK39,WICK,S01010788,Unknown (uncertain/insufficient information),336224,951894,Ownership unknown,Ownership unknown,1980 or earlier,Other General Industry,0.31,Vacant Land,S12000017,a10ac28a-dc05-4d2b-afcb-10e5a2fdd1e5,2025-11-30,747
pub_vdl.1652,Highland,SOUTH OF THE SHORE,215 WK3A,SCALESBURN WICK,S01010782,Unknown (uncertain/insufficient information),336685,951006,Private Port Company,Not applicable (i.e. only one owner),1980 or earlier,Other,0.18,Vacant Land,S12000017,a10ac28a-dc05-4d2b-afcb-10e5a2fdd1e5,2025-11-30,781
pub_vdl.1653,Highland,BLACK ROCK/THE SHORE,215 WK4,WICK,S01010782,Developable - Undetermined,336928,950976,Harbour Trust,Not applicable (i.e. only one owner),1986-1990,Passive Open Space,0.5,Derelict,S12000017,a10ac28a-dc05-4d2b-afcb-10e5a2fdd1e5,2025-11-30,837
pub_vdl.1655,Highland,LOCHSHELL FARM,215 WK54,WICK,S01010788,Developable - Undetermined,335319,952768,Other Private,Not applicable (i.e. only one owner),2001-2004,Agriculture,0.63,Derelict,S12000017,a10ac28a-dc05-4d2b-afcb-10e5a2fdd1e5,2025-11-30,741
pub_vdl.1656,Highland,WICK BUSINESS PARK C,215 WK55C,LOCHSHELL WICK,S01010788,Developable - Short Term,335481,952674,Highlands and Islands Enterprise,Not applicable (i.e. only one owner),2001-2004,Agriculture,0.25,Vacant Land,S12000017,a10ac28a-dc05-4d2b-afcb-10e5a2fdd1e5,2025-11-30,839
pub_vdl.1724,Highland,MORVICH QUARRY,820 MV1,N SIDE OF A839 MORVICH ROGART,S01010764,Uneconomic to Develop/Soft End Use,274321,901333,Other Private,Not applicable (i.e. only one owner),1996-2000,Mineral Activity,1.52,Derelict,S12000017,a10ac28a-dc05-4d2b-afcb-10e5a2fdd1e5,2025-11-30,801
pub_vdl.1660,Highland,NORTH & WEST OF MORVEN HOUSE,215 WK60,WICK INDUSTRIAL ESTATE WICK,S01010788,Unknown (uncertain/insufficient information),336496,951796,Local Authority,Not applicable (i.e. only one owner),1980 or earlier,Defence,0.34,Vacant Land,S12000017,a10ac28a-dc05-4d2b-afcb-10e5a2fdd1e5,2025-11-30,749
pub_vdl.1661,Highland,SOUTH OF HGV TESTING STATION,215 WK61,WICK INDUSTRIAL ESTATE WICK,S01010788,Unknown (uncertain/insufficient information),336479,951940,Local Authority,Not applicable (i.e. only one owner),1980 or earlier,Defence,0.17,Vacant Land,S12000017,a10ac28a-dc05-4d2b-afcb-10e5a2fdd1e5,2025-11-30,744
pub_vdl.1662,Highland,UNIT 35A AND LAND TO EAST,215 WK62,WICK INDUSTRIAL ESTATE WICK,S01010788,Unknown (uncertain/insufficient information),336501,952058,Local Authority,Not applicable (i.e. only one owner),1980 or earlier,Defence,0.65,Vacant Land,S12000017,a10ac28a-dc05-4d2b-afcb-10e5a2fdd1e5,2025-11-30,780
pub_vdl.1663,Highland,UNIT 40 AND ADJOINING LAND,215 WK63,WICK INDUSTRIAL ESTATE WICK,S01010788,Unknown (uncertain/insufficient information),336550,952006,Local Authority,Not applicable (i.e. only one owner),1980 or earlier,Defence,0.29,Vacant Land,S12000017,a10ac28a-dc05-4d2b-afcb-10e5a2fdd1e5,2025-11-30,743
pub_vdl.1664,Highland,FORMER PENTLAND AUTO'S SITE,215 WK85,GEORGE STREET/ROBERT STREET WICK,S01010782,Unknown (uncertain/insufficient information),336088,951424,Other Private,Not applicable (i.e. only one owner),1986-1990,Wholesale Distribution,0.32,Vacant Land,S12000017,a10ac28a-dc05-4d2b-afcb-10e5a2fdd1e5,2025-11-30,777
pub_vdl.1665,Highland,HARBOUR TERRACE,215 WK9,WICK,S01010776,Unknown (uncertain/insufficient information),336753,950484,Private Port Company,Not applicable (i.e. only one owner),1980 or earlier,Residential - Housing,0.11,Derelict,S12000017,a10ac28a-dc05-4d2b-afcb-10e5a2fdd1e5,2025-11-30,756
pub_vdl.1666,Highland,ARDERSIER INDUSTRIAL ESTATE,301 ARD19,B9092 ARDERSIER,S01010570,Unknown (uncertain/insufficient information),278635,854634,Other Private,Not applicable (i.e. only one owner),1986-1990,Other,0.22,Vacant Land and Buildings,S12000017,a10ac28a-dc05-4d2b-afcb-10e5a2fdd1e5,2025-11-30,776
pub_vdl.1683,Highland,PESCANOVA FACTORY,609 CB22,HIGH STREET CONON BRIDGE,S01010708,Developable - Medium Term,254245,855879,Other Private,Not applicable (i.e. only one owner),1991-1995,Other General Industry,1.75,Derelict,S12000017,a10ac28a-dc05-4d2b-afcb-10e5a2fdd1e5,2025-11-30,764
pub_vdl.1667,Highland,HILLHEAD SAND AND GRAVEL WORKINGS,310 TOR1,TORNAGRAIN,S01010568,Developable - Undetermined,277379,850302,Other Private,Not applicable (i.e. only one owner),1980 or earlier,Mineral Activity,4.57,Derelict,S12000017,a10ac28a-dc05-4d2b-afcb-10e5a2fdd1e5,2025-11-30,841
pub_vdl.1668,Highland,GATEWAY RESORT SITE,319 INV113,NORTH LONGMAN INVERNESS,S01010619,Unknown (uncertain/insufficient information),267372,846951,Local Authority,Not applicable (i.e. only one owner),1980 or earlier,Community & Health,3.9,Derelict,S12000017,a10ac28a-dc05-4d2b-afcb-10e5a2fdd1e5,2025-11-30,768
pub_vdl.1669,Highland,INVERNESS RETAIL PARK,319 INV205,LAND WEST INVERNESS RETAIL PARK INVERNESS,S01010619,Developable - Short Term,269357,845722,Other Private,Not applicable (i.e. only one owner),1980 or earlier,Passive Open Space,1.92,Vacant Land,S12000017,a10ac28a-dc05-4d2b-afcb-10e5a2fdd1e5,2025-11-30,793
pub_vdl.1680,Highland,WARTIME CAMP,606 MEL1,LOCHEWE COVE MELLONCHARLES,S01010694,Uneconomic to Develop/Soft End Use,184097,891075,Defence,Not applicable (i.e. only one owner),1980 or earlier,Defence,1.2,Derelict,S12000017,a10ac28a-dc05-4d2b-afcb-10e5a2fdd1e5,2025-11-30,799
pub_vdl.1673,Highland,REFUSE TIP,407 FW10,ALUMINIUM WORKS FORT WILLIAM,S01010509,Unknown (uncertain/insufficient information),212886,775287,Other Private,Not applicable (i.e. only one owner),1986-1990,Community & Health,1.98,Derelict,S12000017,a10ac28a-dc05-4d2b-afcb-10e5a2fdd1e5,2025-11-30,771
pub_vdl.1684,Highland,FORMER PETROL FILLING STATION,609 CB24,HIGH STREET CONON BRIDGE,S01010708,Developable - Medium Term,254285,855626,Unknown Private,Not applicable (i.e. only one owner),2006,Other,0.1,Derelict,S12000017,a10ac28a-dc05-4d2b-afcb-10e5a2fdd1e5,2025-11-30,778
pub_vdl.1725,Highland,THE PORT OF ARDERSIER,ARD_2013_1,WHITENESS ARDERSIER ARDERSIER,S01010569,Developable - Medium Term,280550,857948,Unknown Private,Not applicable (i.e. only one owner),2001-2004,Other General Industry,302.16,Derelict,S12000017,a10ac28a-dc05-4d2b-afcb-10e5a2fdd1e5,2025-11-30,809
pub_vdl.1674,Highland,REFUSE TIP,407 FW11,ALUMINIUM WORKS FORT WILLIAM,S01010509,Unknown (uncertain/insufficient information),212521,775212,Other Private,Not applicable (i.e. only one owner),1986-1990,Community & Health,1.3,Derelict,S12000017,a10ac28a-dc05-4d2b-afcb-10e5a2fdd1e5,2025-11-30,772
pub_vdl.1675,Highland,NEAR ALUMINIUM WORKS,407 FW23,FORT WILLIAM,S01010509,Unknown (uncertain/insufficient information),212304,774886,Other Private,Not applicable (i.e. only one owner),1986-1990,Manufacturing,0.65,Vacant Land,S12000017,a10ac28a-dc05-4d2b-afcb-10e5a2fdd1e5,2025-11-30,773
pub_vdl.1676,Highland,NR BEN NEVIS HOTEL,407 FW24A,A82(T) FORT WILLIAM,S01010509,Unknown (uncertain/insufficient information),211658,774740,Other Private,Not applicable (i.e. only one owner),1986-1990,Other,1.11,Derelict,S12000017,a10ac28a-dc05-4d2b-afcb-10e5a2fdd1e5,2025-11-30,770
pub_vdl.1677,Highland,ADJ TO CARMICHAEL WAY,407 FW60,FORT WILLIAM,S01010522,Developable - Short Term,210673,774516,Ownership unknown,Not applicable (i.e. only one owner),Unknown,Unknown,1,Derelict,S12000017,a10ac28a-dc05-4d2b-afcb-10e5a2fdd1e5,2025-11-30,783
pub_vdl.1678,Highland,BRICK WORKS,407 TOR1,L SIDE OF C52 N FROM A82 E OF FT WILLIAM TORLUNDY,S01010509,Developable - Undetermined,214252,777234,Unknown Private,Not applicable (i.e. only one owner),2005,Storage,0.62,Derelict,S12000017,a10ac28a-dc05-4d2b-afcb-10e5a2fdd1e5,2025-11-30,805
pub_vdl.1679,Highland,FORMER GARAGE,417 MAL3,GLASNACARDOCH MALLAIG,S01010506,Developable - Undetermined,167571,795366,Unknown Private,Local Authority,1991-1995,Retailing,0.16,Derelict,S12000017,a10ac28a-dc05-4d2b-afcb-10e5a2fdd1e5,2025-11-30,797
pub_vdl.1670,Highland,NORTH LONGMAN,319 INV114,SEA FRONT ADJ TO A9(T) INVERNESS,S01010619,Unknown (uncertain/insufficient information),267949,846487,Local Authority,Not applicable (i.e. only one owner),1986-1990,Community & Health,55.1,Derelict,S12000017,a10ac28a-dc05-4d2b-afcb-10e5a2fdd1e5,2025-11-30,840
pub_vdl.1671,Highland,NORTH OF STADIUM,319 INV186,LONGMAN INDUSTRIAL ESTATE INVERNESS,S01010619,Developable - Short Term,267007,847280,Local Authority,Not applicable (i.e. only one owner),1996-2000,Other,0.74,Derelict,S12000017,a10ac28a-dc05-4d2b-afcb-10e5a2fdd1e5,2025-11-30,767
pub_vdl.1672,Highland,VIEWHILL HOUSE,319 INV206,VIEWHILL HOUSE INVERNESS IV2 3HF INVERNESS,S01010627,Developable - Short Term,266711,844878,Ownership unknown,Ownership unknown,Unknown,Unknown,0.17,Derelict,S12000017,a10ac28a-dc05-4d2b-afcb-10e5a2fdd1e5,2025-11-30,811
pub_vdl.1682,Highland,ADJ TO DEPOT,609 CB11,HIGH STREET CONON BRIDGE,S01010708,Developable - Medium Term,254241,855804,Other Private,Not applicable (i.e. only one owner),1980 or earlier,Other,0.84,Vacant Land,S12000017,a10ac28a-dc05-4d2b-afcb-10e5a2fdd1e5,2025-11-30,765
pub_vdl.1685,Highland,DINGWALL DLO WORKSHOPS & YARD,613 DWL102,HIGHLAND COUCIL STORE TULLOCH STREET IV15 9JZ DINGWALL,S01010716,Unknown (uncertain/insufficient information),255022,859037,Local Authority,Not applicable (i.e. only one owner),Unknown,Other,0.29,Derelict,S12000017,a10ac28a-dc05-4d2b-afcb-10e5a2fdd1e5,2025-11-30,789
pub_vdl.1686,Highland,RECREATIONAL AREA,613 DWL33,RIVERSIDE INDUSTRIAL ESTATE DINGWALL,S01010714,Developable - Undetermined,255322,859162,Ownership unknown,Not applicable (i.e. only one owner),1980 or earlier,Recreation & Leisure,1.58,Derelict,S12000017,a10ac28a-dc05-4d2b-afcb-10e5a2fdd1e5,2025-11-30,762
pub_vdl.1687,Highland,EAST OF COMMUNITY CENTRE,613 DWL35,TULLOCH STREET DINGWALL,S01010716,Unknown (uncertain/insufficient information),255104,858983,Ownership unknown,Not applicable (i.e. only one owner),1980 or earlier,Unknown,0.61,Derelict,S12000017,a10ac28a-dc05-4d2b-afcb-10e5a2fdd1e5,2025-11-30,761
pub_vdl.1688,Highland,EAST OF GORDON COTTAGE,613 DWL36,MILL STREET DINGWALL,S01010715,Unknown (uncertain/insufficient information),254481,859144,Ownership unknown,Not applicable (i.e. only one owner),1980 or earlier,Unknown,0.3,Derelict,S12000017,a10ac28a-dc05-4d2b-afcb-10e5a2fdd1e5,2025-11-30,760
pub_vdl.1689,Highland,SEAFOOD FACTORY,619 CHA1,ADJ HARBOUR HOUSE GAIRLOCH PIER CHARLESTOWN,S01010687,Developable - Short Term,180677,875052,Unknown Private,Not applicable (i.e. only one owner),2001-2004,Agriculture,0.6,Derelict,S12000017,a10ac28a-dc05-4d2b-afcb-10e5a2fdd1e5,2025-11-30,817
pub_vdl.1690,Highland,EX CAMP SITE,622 IVD2,MIDTOWN INVERASDALE,S01010686,Uneconomic to Develop/Soft End Use,181790,886105,Defence,Not applicable (i.e. only one owner),1980 or earlier,Defence,12.8,Derelict,S12000017,a10ac28a-dc05-4d2b-afcb-10e5a2fdd1e5,2025-11-30,792
pub_vdl.1691,Highland,CROMLET,623 IG13,OIL DEPOT INVERGORDON,S01010742,Unknown (uncertain/insufficient information),270537,868849,Other Private,Not applicable (i.e. only one owner),1986-1990,Unknown,2.46,Derelict,S12000017,a10ac28a-dc05-4d2b-afcb-10e5a2fdd1e5,2025-11-30,786
pub_vdl.1692,Highland,ALUMINIUM WORKS,623 IG14,OFF B817 INVERGORDON,S01010744,Unknown (uncertain/insufficient information),271470,870658,Other Private,Not applicable (i.e. only one owner),1981-1985,Manufacturing,0.96,Derelict,S12000017,a10ac28a-dc05-4d2b-afcb-10e5a2fdd1e5,2025-11-30,819
pub_vdl.1693,Highland,ALUMINIUM WORKS,623 IG14A,OFF B817 INVERGORDON,S01010744,Unknown (uncertain/insufficient information),271441,870388,Other Private,Not applicable (i.e. only one owner),1981-1985,Manufacturing,0.3,Derelict,S12000017,a10ac28a-dc05-4d2b-afcb-10e5a2fdd1e5,2025-11-30,818
pub_vdl.1694,Highland,OIL DEPOT,623 IG25,ADJ TO RAILWAY LINE INVERGORDON,S01010745,Unknown (uncertain/insufficient information),271203,868945,Other Private,Not applicable (i.e. only one owner),1980 or earlier,Unknown,21.52,Derelict,S12000017,a10ac28a-dc05-4d2b-afcb-10e5a2fdd1e5,2025-11-30,763
pub_vdl.1695,Highland,CROMARTY FIRTH INDUSTRIAL ESTATE SITE 1,623 IG41,INVERGORDON,S01010744,Developable - Medium Term,271109,870123,Ownership unknown,Not applicable (i.e. only one owner),Unknown,Other General Industry,2.74,Vacant Land and Buildings,S12000017,a10ac28a-dc05-4d2b-afcb-10e5a2fdd1e5,2025-11-30,784
pub_vdl.1696,Highland,CROMARTY FIRTH INDUSTRIAL ESTATE SITE 2,623 IG42,INVERGORDON,S01010744,Developable - Medium Term,271211,870182,Ownership unknown,Not applicable (i.e. only one owner),Unknown,Other General Industry,0.6,Derelict,S12000017,a10ac28a-dc05-4d2b-afcb-10e5a2fdd1e5,2025-11-30,820
pub_vdl.1706,Highland,FENDOM AIRFIELD,646 TA21,TAIN,S01010749,Developable - Medium Term,283131,881747,Other Private,Not applicable (i.e. only one owner),1980 or earlier,Defence,55.61,Derelict,S12000017,a10ac28a-dc05-4d2b-afcb-10e5a2fdd1e5,2025-11-30,826
pub_vdl.1697,Highland,FORMER FARMHOUSE AND STEADING,633 MUN 1,GATESIDE MUNLOCHY,S01010724,Developable - Undetermined,266264,853819,Other Private,Not applicable (i.e. only one owner),1980 or earlier,Agriculture,0.48,Derelict,S12000017,a10ac28a-dc05-4d2b-afcb-10e5a2fdd1e5,2025-11-30,775
pub_vdl.1709,Highland,FENDOM AIRFIELD,646 TA21C,TAIN,S01010749,Developable - Medium Term,282981,881326,Other Private,Not applicable (i.e. only one owner),1980 or earlier,Defence,3.64,Derelict,S12000017,a10ac28a-dc05-4d2b-afcb-10e5a2fdd1e5,2025-11-30,823
pub_vdl.1698,Highland,SE OF FABRICATION YARD,635 NIG1,NIGG,S01010746,Developable - Undetermined,279616,868917,Other Private,Not applicable (i.e. only one owner),1991-1995,Other General Industry,2.42,Derelict,S12000017,a10ac28a-dc05-4d2b-afcb-10e5a2fdd1e5,2025-11-30,822
pub_vdl.1699,Highland,FEARN AIRFIELD,642 FEA1A,FEARN,S01010746,Developable - Short Term,284983,875526,Other Private,Not applicable (i.e. only one owner),1980 or earlier,Defence,6.55,Derelict,S12000017,a10ac28a-dc05-4d2b-afcb-10e5a2fdd1e5,2025-11-30,828
pub_vdl.1700,Highland,FEARN AIRFIELD,642 FEA1B,FEARN,S01010746,Developable - Short Term,285218,876089,Other Private,Not applicable (i.e. only one owner),1980 or earlier,Defence,1.66,Derelict,S12000017,a10ac28a-dc05-4d2b-afcb-10e5a2fdd1e5,2025-11-30,831
pub_vdl.1701,Highland,FEARN AIRFIELD,642 FEA1C,FEARN,S01010746,Developable - Short Term,284948,876105,Other Private,Not applicable (i.e. only one owner),1980 or earlier,Defence,2.83,Derelict,S12000017,a10ac28a-dc05-4d2b-afcb-10e5a2fdd1e5,2025-11-30,832
pub_vdl.1702,Highland,FEARN AIRFIELD,642 FEA1D,FEARN,S01010746,Developable - Short Term,284058,875755,Other Private,Not applicable (i.e. only one owner),1980 or earlier,Defence,3.54,Derelict,S12000017,a10ac28a-dc05-4d2b-afcb-10e5a2fdd1e5,2025-11-30,830
pub_vdl.1703,Highland,FEARN AIRFIELD,642 FEA1E,FEARN,S01010746,Developable - Short Term,283929,876219,Other Private,Not applicable (i.e. only one owner),1980 or earlier,Defence,1.48,Derelict,S12000017,a10ac28a-dc05-4d2b-afcb-10e5a2fdd1e5,2025-11-30,833
pub_vdl.1704,Highland,FEARN AIRFIELD,642 FEA1F,FEARN,S01010746,Developable - Short Term,284279,875845,Other Private,Not applicable (i.e. only one owner),1980 or earlier,Defence,1.28,Derelict,S12000017,a10ac28a-dc05-4d2b-afcb-10e5a2fdd1e5,2025-11-30,829
pub_vdl.1705,Highland,NORTH EAST PLOT,PORTREE_2024_1,PORTREE INDUSTRIAL ESTATE PORTREE,S01010680,Unknown (uncertain/insufficient information),147456,844424,Ownership unknown,Ownership unknown,Unknown,Prepared Ground,0.38,Vacant Land,S12000017,a10ac28a-dc05-4d2b-afcb-10e5a2fdd1e5,2025-11-30,850
pub_vdl.1718,Highland,SMALL YARD,727 UIG2,UIG INDUSTRIAL EST OPP FERRY TERMINAL UIG,S01010683,Developable - Medium Term,138447,863715,Unknown Private,Not applicable (i.e. only one owner),1991-1995,Storage,0.57,Derelict,S12000017,a10ac28a-dc05-4d2b-afcb-10e5a2fdd1e5,2025-11-30,845
pub_vdl.1707,Highland,FENDOM AIRFIELD,646 TA21A,TAIN,S01010749,Developable - Medium Term,282336,881163,Other Private,Not applicable (i.e. only one owner),1980 or earlier,Defence,14.17,Derelict,S12000017,a10ac28a-dc05-4d2b-afcb-10e5a2fdd1e5,2025-11-30,824
pub_vdl.1708,Highland,FENDOM AIRFIELD,646 TA21B,TAIN,S01010749,Developable - Medium Term,282043,881401,Other Private,Not applicable (i.e. only one owner),1980 or earlier,Defence,0.61,Derelict,S12000017,a10ac28a-dc05-4d2b-afcb-10e5a2fdd1e5,2025-11-30,825
pub_vdl.1710,Highland,MARCONI YARD,701 STF3,MAIN STREET ON THE COAST STROMEFERRY,S01010671,Developable - Medium Term,186616,834661,Unknown Private,Not applicable (i.e. only one owner),1991-1995,Storage,1.32,Derelict,S12000017,a10ac28a-dc05-4d2b-afcb-10e5a2fdd1e5,2025-11-30,803
pub_vdl.1711,Highland,OLD TORRIN QUARRY,703 BRO1,CNOC SLAPIN B8083 BROADFORD,S01010674,Uneconomic to Develop/Soft End Use,157275,821335,Other Private,Not applicable (i.e. only one owner),Unknown,Mineral Activity,1.8,Derelict,S12000017,a10ac28a-dc05-4d2b-afcb-10e5a2fdd1e5,2025-11-30,788
pub_vdl.1712,Highland,SAWMILL,706 DUN1,NR DUNVEGAN CASTLE DUNVEGAN,S01010684,Unknown (uncertain/insufficient information),124575,849540,Unknown Private,Not applicable (i.e. only one owner),1981-1985,Forestry/Woodland,1.32,Derelict,S12000017,a10ac28a-dc05-4d2b-afcb-10e5a2fdd1e5,2025-11-30,790
pub_vdl.1713,Highland,OLD CAMPSITE,709 KMG8,SOUTH SIDE OF A855 S OF KENDRAM KILMALUAG,S01010683,Developable - Undetermined,143955,873910,Unknown Private,Not applicable (i.e. only one owner),Unknown,Recreation & Leisure,1.16,Derelict,S12000017,a10ac28a-dc05-4d2b-afcb-10e5a2fdd1e5,2025-11-30,794
pub_vdl.1714,Highland,FORMER QUARRY,713 GSL1,ACHNAGART W SIDE OF A87 GLENSHIEL,S01010669,Uneconomic to Develop/Soft End Use,196266,814839,Other Private,Not applicable (i.e. only one owner),1991-1995,Mineral Activity,6.97,Derelict,S12000017,a10ac28a-dc05-4d2b-afcb-10e5a2fdd1e5,2025-11-30,791
pub_vdl.1715,Highland,FORMER REFUSE TIP,719 PLN2,S OF AIRSTRIP PLOCKTON,S01010671,Uneconomic to Develop/Soft End Use,178998,832770,Local Authority,Not applicable (i.e. only one owner),1986-1990,Community & Health,0.38,Derelict,S12000017,a10ac28a-dc05-4d2b-afcb-10e5a2fdd1e5,2025-11-30,800
pub_vdl.1716,Highland,4 WOODPARK CROFT,721 PO7,PORTREE,S01010680,Developable - Short Term,147489,843965,Local Authority,Not applicable (i.e. only one owner),1991-1995,Agriculture,0.56,Vacant Land,S12000017,a10ac28a-dc05-4d2b-afcb-10e5a2fdd1e5,2025-11-30,769
pub_vdl.1717,Highland,LEALT QUARRY,725 STA1,A855 STAFFIN,S01010678,Uneconomic to Develop/Soft End Use,151873,860595,Scottish Government,Not applicable (i.e. only one owner),2001-2004,Mineral Activity,1.64,Derelict,S12000017,a10ac28a-dc05-4d2b-afcb-10e5a2fdd1e5,2025-11-30,802
pub_vdl.1719,Highland,ADJACENT TO FERRY INN,727 UIG3,UIG,S01010683,Developable - Undetermined,139848,864020,Unknown Private,Not applicable (i.e. only one owner),Unknown,Residential - Housing,0.15,Derelict,S12000017,a10ac28a-dc05-4d2b-afcb-10e5a2fdd1e5,2025-11-30,806
pub_vdl.1720,Highland,DISUSED FILLING STATION,804 BET1,OPP FARR VIEW NR WAR MEMORIAL BETTYHILL,S01010811,Uneconomic to Develop/Soft End Use,271122,962155,Unknown Private,Not applicable (i.e. only one owner),Unknown,Retailing,0.13,Derelict,S12000017,a10ac28a-dc05-4d2b-afcb-10e5a2fdd1e5,2025-11-30,816
pub_vdl.1727,Highland,FORMER NORFROST SITE,CAN_2015_1,MURRAYFIELD CASTLETOWN,S01010792,Developable - Short Term,319205,967752,Ownership unknown,Not applicable (i.e. only one owner),2015,Manufacturing,10.07,Vacant Land and Buildings,S12000017,a10ac28a-dc05-4d2b-afcb-10e5a2fdd1e5,2025-11-30,813
pub_vdl.1728,Highland,DALCROSS COLDSTORE,DALCROSS_2023_1,DALCROSS INDUSTRIAL ESTATE DALCROSS,S01010569,Unknown (uncertain/insufficient information),276022,851961,Ownership unknown,Ownership unknown,2019,Storage,1.28,Derelict,S12000017,a10ac28a-dc05-4d2b-afcb-10e5a2fdd1e5,2025-11-30,842
pub_vdl.1729,Highland,EDGEMOOR FILLING STATION,SPITTAL_2024_1,A9 SPITTAL,S01010796,Unknown (uncertain/insufficient information),316861,953826,Ownership unknown,Ownership unknown,2015,Retailing,0.22,Derelict,S12000017,a10ac28a-dc05-4d2b-afcb-10e5a2fdd1e5,2025-11-30,851
pub_vdl.1730,Highland,OPPOSITE SKIACH SERVICES,EVANTON_2023_1,EVANTON INDUSTRIAL ESTATE EVANTON,S01010699,Unknown (uncertain/insufficient information),262909,867819,Ownership unknown,Ownership unknown,Unknown,Unknown,0.19,Vacant Land,S12000017,a10ac28a-dc05-4d2b-afcb-10e5a2fdd1e5,2025-11-30,844
pub_vdl.1731,Highland,FORMER INDUSTRIAL BUILDINGS,EVANTON_2024_1,NEWTON ROAD SOUTH DEEPHAVEN EVANTON,S01010699,Unknown (uncertain/insufficient information),262080,866651,Ownership unknown,Ownership unknown,2011,Manufacturing,0.87,Derelict,S12000017,a10ac28a-dc05-4d2b-afcb-10e5a2fdd1e5,2025-11-30,848
pub_vdl.1732,Highland,CORRIES YARD,FORTWILLIAM_2023_1,LOCHYSIDE FORT WILLIAM,S01010509,Unknown (uncertain/insufficient information),212938,776061,Ownership unknown,Ownership unknown,Unknown,Unknown,3.03,Vacant Land,S12000017,a10ac28a-dc05-4d2b-afcb-10e5a2fdd1e5,2025-11-30,843
pub_vdl.1733,Highland,FORMER SCHOOL,GLE_2013_1,GLENBORRODALE GLENBORODALE,S01010504,Developable - Short Term,161966,760743,Local Authority,Not applicable (i.e. only one owner),2001-2004,Education,0.22,Derelict,S12000017,a10ac28a-dc05-4d2b-afcb-10e5a2fdd1e5,2025-11-30,808
pub_vdl.1734,Highland,SE PLOT,GOLSPIE_2024_1,GOLSPIE BUSINESS PARK GOLSPIE,S01010766,Unknown (uncertain/insufficient information),282440,899658,Ownership unknown,Ownership unknown,1996-2000,Prepared Ground,0.23,Vacant Land,S12000017,a10ac28a-dc05-4d2b-afcb-10e5a2fdd1e5,2025-11-30,847
pub_vdl.1735,Highland,FORMER ENGINEERING WORKS,H213 TH7,MILLBANK ROAD THURSO,S01010802,Developable - Short Term,311629,967802,Local Authority,Not applicable (i.e. only one owner),1980 or earlier,Manufacturing,0.4,Derelict,S12000017,a10ac28a-dc05-4d2b-afcb-10e5a2fdd1e5,2025-11-30,740
pub_vdl.1736,Highland,FORMER RADIO STATION,H215 WK47,NEWTON ROAD WICK,S01010780,Developable - Medium Term,335877,950434,Private Telecommunications,Not applicable (i.e. only one owner),2001-2004,Utility Services,0.55,Derelict,S12000017,a10ac28a-dc05-4d2b-afcb-10e5a2fdd1e5,2025-11-30,752
pub_vdl.1756,Inverclyde,,8460049,RUE END STREET SCOTTS DRY DOCK GREENOCK,S01010894,Developable - Medium Term,228725,675823,Local Authority,Not applicable (i.e. only one owner),1980 or earlier,Transport,0.8,Derelict,S12000018,87ae71af-1444-4197-b2a2-10530753c30e,2025-12-03,880
pub_vdl.1737,Highland,EAST OF GEORGE STREET,H215 WK52,WICK,S01010782,Developable - Short Term,336179,951339,Local Authority,Other Private,1996-2000,Passive Open Space,0.48,Vacant Land,S12000017,a10ac28a-dc05-4d2b-afcb-10e5a2fdd1e5,2025-11-30,759
pub_vdl.1738,Highland,REAR OF AMBULANCE STATION,I215 WK36,WICK INDUSTRIAL ESTATE WICK,S01010788,Unknown (uncertain/insufficient information),336557,951930,Ownership unknown,Ownership unknown,1980 or earlier,Unknown,0.47,Vacant Land,S12000017,a10ac28a-dc05-4d2b-afcb-10e5a2fdd1e5,2025-11-30,745
pub_vdl.1739,Highland,SOUTHERN PLOT,THURSO_2024_1,ORMLIE INDUSTRIAL ESTATE NEILL GUNN DRIVE THURSO,S01010806,Developable - Short Term,310566,967319,Ownership unknown,Ownership unknown,2021,Prepared Ground,0.11,Vacant Land,S12000017,a10ac28a-dc05-4d2b-afcb-10e5a2fdd1e5,2025-11-30,846
pub_vdl.1740,Highland,LONGMAN ESTATE,I319 INV147,ADJ TO LONGMAN DRIVE INVERNESS,S01010619,Unknown (uncertain/insufficient information),266881,847124,Local Authority,Not applicable (i.e. only one owner),1980 or earlier,Other,0.52,Vacant Land,S12000017,a10ac28a-dc05-4d2b-afcb-10e5a2fdd1e5,2025-11-30,766
pub_vdl.1741,Highland,OLD WORKS BEN NEVIS INDUSTRIAL ESTATE,I407 FW8,FORT WILLIAM,S01010509,Unknown (uncertain/insufficient information),212061,774788,Other Private,Not applicable (i.e. only one owner),1981-1985,Other,2.26,Derelict,S12000017,a10ac28a-dc05-4d2b-afcb-10e5a2fdd1e5,2025-11-30,774
pub_vdl.1742,Highland,TEANINICH DISTILLERY (EAST),I603 AL5,ALNESS INDUSTRIAL ESTATE ALNESS,S01010734,Unknown (uncertain/insufficient information),265471,869033,Other Private,Not applicable (i.e. only one owner),1980 or earlier,Other,0.69,Vacant Land,S12000017,a10ac28a-dc05-4d2b-afcb-10e5a2fdd1e5,2025-11-30,815
pub_vdl.1743,Highland,N OF HARBOUR,I717 KYL1,RAILWAY PIER KYLE OF LOCHALSH,S01010672,Developable - Medium Term,176284,827195,Local Authority,Network Rail/ Rail Franchise Holder,1980 or earlier,Storage,0.1,Vacant Land,S12000017,a10ac28a-dc05-4d2b-afcb-10e5a2fdd1e5,2025-11-30,796
pub_vdl.1744,Highland,CROMARTY FIRTH INDUSTRIAL ESTATE SITE 3,INVERGORDON_2024_1,INVERGORDON,S01010744,Developable - Short Term,271081,870468,Ownership unknown,Ownership unknown,Unknown,Other General Industry,4.08,Derelict,S12000017,a10ac28a-dc05-4d2b-afcb-10e5a2fdd1e5,2025-11-30,853
pub_vdl.1745,Highland,FORMER BAKERY SITE,INV_2015_1,1 BURNETT ROAD INVERNESS,S01010619,Developable - Short Term,266750,845850,Unknown Public,Not applicable (i.e. only one owner),2009,Manufacturing,0.48,Vacant Land,S12000017,a10ac28a-dc05-4d2b-afcb-10e5a2fdd1e5,2025-11-30,812
pub_vdl.1746,Highland,FORMER UHI SITE,INV_2015_2,3 LONGMAN ROAD INVERNESS,S01010619,Developable - Short Term,266848,846056,Other Private,Not applicable (i.e. only one owner),2015,Education,1.75,Vacant Land and Buildings,S12000017,a10ac28a-dc05-4d2b-afcb-10e5a2fdd1e5,2025-11-30,814
pub_vdl.1747,Highland,NE OF 69 CARSEGATE ROAD,INV_2021_1,CARSEGATE ROAD INVERNESS,S01010642,Developable - Medium Term,265243,846587,Ownership unknown,Ownership unknown,Unknown,Community & Health,0.27,Derelict,S12000017,a10ac28a-dc05-4d2b-afcb-10e5a2fdd1e5,2025-11-30,834
pub_vdl.1748,Highland,FORMER FERGUSON YARD,KILTARLITY_2024_1,KILTARLITY,S01010656,Unknown (uncertain/insufficient information),250733,841540,Ownership unknown,Ownership unknown,1996-2000,Other General Industry,0.22,Vacant Land,S12000017,a10ac28a-dc05-4d2b-afcb-10e5a2fdd1e5,2025-11-30,849
pub_vdl.1749,Highland,KILBEG VILLAGE,KIL_2013_1B,KILBEG,S01010676,Developable - Short Term,165387,806634,Other Private,Not applicable (i.e. only one owner),2008,Other,1.22,Derelict,S12000017,a10ac28a-dc05-4d2b-afcb-10e5a2fdd1e5,2025-11-30,821
pub_vdl.1750,Highland,BEHIND CO-OP,PORTREE_2021_1,DUNVEGAN ROAD PORTREE,S01010680,Unknown (uncertain/insufficient information),147362,844253,Ownership unknown,Ownership unknown,2014,Other General Industry,1.05,Vacant Land,S12000017,a10ac28a-dc05-4d2b-afcb-10e5a2fdd1e5,2025-11-30,836
pub_vdl.1751,Highland,FORMER SLAUGHTERHOUSE,WICK_2024_1,HENRIETTA STREET WICK,S01010782,Unknown (uncertain/insufficient information),336247,951379,Ownership unknown,Ownership unknown,2010,Agriculture,0.24,Derelict,S12000017,a10ac28a-dc05-4d2b-afcb-10e5a2fdd1e5,2025-11-30,852
pub_vdl.1752,Inverclyde,,8460011,RUE END STREET VICTORIA HARBOUR GREENOCK,S01010894,Developable - Medium Term,228576,675782,Local Authority,Not applicable (i.e. only one owner),1980 or earlier,Transport,1.52,Derelict,S12000018,87ae71af-1444-4197-b2a2-10530753c30e,2025-12-03,872
pub_vdl.1753,Inverclyde,,8460014,KILMUN ROAD STRONE FARM GREENOCK,S01010820,Developable - Medium Term,228276,675173,Local Authority,Network Rail/ Rail Franchise Holder,1980 or earlier,Unknown,0.55,Derelict,S12000018,87ae71af-1444-4197-b2a2-10530753c30e,2025-12-03,906
pub_vdl.1754,Inverclyde,,8460023,NEWARK STREET/BOUVERIE STREET PORT GLASGOW,S01010912,Developable - Undetermined,232570,674334,Unknown Private,Not applicable (i.e. only one owner),1981-1985,Manufacturing,1.09,Derelict,S12000018,87ae71af-1444-4197-b2a2-10530753c30e,2025-12-03,869
pub_vdl.1755,Inverclyde,,8460036,LURG STREET PORT GLASGOW IE PORT GLASGOW,S01010914,Developable - Medium Term,232699,673743,Other Private,Not applicable (i.e. only one owner),1986-1990,Manufacturing,0.65,Derelict,S12000018,87ae71af-1444-4197-b2a2-10530753c30e,2025-12-03,878
pub_vdl.1757,Inverclyde,,8460099,SINCLAIR STREET GREENOCK,S01010905,Developable - Undetermined,229924,675322,Other Private,Not applicable (i.e. only one owner),1981-1985,Transport,2.44,Derelict,S12000018,87ae71af-1444-4197-b2a2-10530753c30e,2025-12-03,927
pub_vdl.1758,Inverclyde,,8460103,GARVEL ISLAND GREENOCK,S01010905,Developable - Medium Term,229716,675834,Private Port Company,Not applicable (i.e. only one owner),1981-1985,Manufacturing,3.61,Derelict,S12000018,87ae71af-1444-4197-b2a2-10530753c30e,2025-12-03,871
pub_vdl.1759,Inverclyde,,8460131,KELBURN TERRACE KELBURN PORT GLASGOW,S01010917,Developable - Undetermined,233598,674230,Local Authority,Local Authority,1980 or earlier,Manufacturing,0.42,Derelict,S12000018,87ae71af-1444-4197-b2a2-10530753c30e,2025-12-03,877
pub_vdl.1760,Inverclyde,,8460163,CARWOOD STREET GREENOCK,S01010903,Developable - Short Term,229659,675343,Other Private,Not applicable (i.e. only one owner),1980 or earlier,Storage,0.22,Derelict,S12000018,87ae71af-1444-4197-b2a2-10530753c30e,2025-12-03,873
pub_vdl.1761,Inverclyde,,8460196,BROUGHAM STREET GREENOCK,S01010871,Developable - Undetermined,227304,676943,Private Port Company,Not applicable (i.e. only one owner),1986-1990,Unknown,0.71,Derelict,S12000018,87ae71af-1444-4197-b2a2-10530753c30e,2025-12-03,913
pub_vdl.1762,Inverclyde,INGLESTON (NE),8460210,BAKER STREET GREENOCK,S01010894,Developable - Undetermined,228400,675503,Other Private,Not applicable (i.e. only one owner),1986-1990,Other General Industry,0.94,Derelict,S12000018,87ae71af-1444-4197-b2a2-10530753c30e,2025-12-03,858
pub_vdl.1763,Inverclyde,INGLESTON (W),8460211,SCOTT STREET GREENOCK,S01010885,Developable - Medium Term,228246,675544,Local Authority,Not applicable (i.e. only one owner),1986-1990,Storage,0.35,Derelict,S12000018,87ae71af-1444-4197-b2a2-10530753c30e,2025-12-03,929
pub_vdl.1764,Inverclyde,,8460215,BERRYYARDS ROAD BERRYMOUNT GREENOCK,S01010885,Uneconomic to Develop/Soft End Use,227689,675344,Water Authority,Not applicable (i.e. only one owner),Unknown,Utility Services,0.36,Derelict,S12000018,87ae71af-1444-4197-b2a2-10530753c30e,2025-12-03,934
pub_vdl.1765,Inverclyde,,8460222,DOCK BREAST EAST INDIA HARBOUR GREENOCK,S01010894,Developable - Medium Term,228379,676011,Local Authority,Other Private,1986-1990,Manufacturing,1.55,Derelict,S12000018,87ae71af-1444-4197-b2a2-10530753c30e,2025-12-03,865
pub_vdl.1775,Inverclyde,FMR TATE & LYLE 2 (NE),8460314,DRUMFROCHAR ROAD GREENOCK,S01010885,Developable - Short Term,227866,675474,Other Private,Not applicable (i.e. only one owner),1996-2000,Manufacturing,0.25,Derelict,S12000018,87ae71af-1444-4197-b2a2-10530753c30e,2025-12-03,931
pub_vdl.1766,Inverclyde,,8460234,SMITHY BRAE KILMACOLM,S01010818,Developable - Medium Term,235678,669922,Other Private,Not applicable (i.e. only one owner),1991-1995,Unknown,0.39,Derelict,S12000018,87ae71af-1444-4197-b2a2-10530753c30e,2025-12-03,879
pub_vdl.1767,Inverclyde,,8460240,GARELOCH ROAD STRONE FARM GREENOCK,S01010897,Developable - Undetermined,228405,675053,Housing Association,Not applicable (i.e. only one owner),1991-1995,Residential - Housing,0.3,Derelict,S12000018,87ae71af-1444-4197-b2a2-10530753c30e,2025-12-03,875
pub_vdl.1768,Inverclyde,,8460276,KATRINE ROAD STRONE FARM GREENOCK,S01010820,Developable - Undetermined,228337,675094,Housing Association,Not applicable (i.e. only one owner),1991-1995,Residential - Housing,0.73,Derelict,S12000018,87ae71af-1444-4197-b2a2-10530753c30e,2025-12-03,874
pub_vdl.1769,Inverclyde,,8460277,LEPERSTONE AVENUE KILMACOLM,S01010819,Developable - Short Term,235921,670706,Other Private,Not applicable (i.e. only one owner),1996-2000,Passive Open Space,0.52,Vacant Land,S12000018,87ae71af-1444-4197-b2a2-10530753c30e,2025-12-03,924
pub_vdl.1770,Inverclyde,,8460279,KELBURN TERRACE KELBURN PORT GLASGOW,S01010920,Developable - Medium Term,234175,674154,Urban Regeneration Company,Not applicable (i.e. only one owner),1996-2000,Residential - Housing,1.48,Derelict,S12000018,87ae71af-1444-4197-b2a2-10530753c30e,2025-12-03,868
pub_vdl.1771,Inverclyde,FMR MADDISONS,8460299,ASHGROVE LANE PORT GLASGOW,S01010916,Developable - Medium Term,232820,674264,Other Private,Local Authority,1991-1995,Recreation & Leisure,0.41,Vacant Land,S12000018,87ae71af-1444-4197-b2a2-10530753c30e,2025-12-03,936
pub_vdl.1772,Inverclyde,,8460306,DARNDAFF ROAD STRONE FARM GREENOCK,S01010820,Developable - Undetermined,228338,674962,Housing Association,Not applicable (i.e. only one owner),1996-2000,Residential - Housing,0.55,Derelict,S12000018,87ae71af-1444-4197-b2a2-10530753c30e,2025-12-03,876
pub_vdl.1773,Inverclyde,,8460307,WOODSTOCK ROAD HOLE FARM GREENOCK,S01010823,Developable - Medium Term,226465,675233,Housing Association,Not applicable (i.e. only one owner),1996-2000,Residential - Housing,0.24,Derelict,S12000018,87ae71af-1444-4197-b2a2-10530753c30e,2025-12-03,911
pub_vdl.1774,Inverclyde,FMR TATE & LYLE 1(NW),8460313,DRUMFROCHAR ROAD GREENOCK,S01010885,Developable - Short Term,227755,675486,Other Private,Not applicable (i.e. only one owner),1996-2000,Manufacturing,0.68,Derelict,S12000018,87ae71af-1444-4197-b2a2-10530753c30e,2025-12-03,933
pub_vdl.1776,Inverclyde,FMR TATE & LYLE 3 (SE),8460315,DRUMFROCHAR ROAD GREENOCK,S01010820,Developable - Medium Term,227910,675384,Other Private,Not applicable (i.e. only one owner),1996-2000,Manufacturing,2.02,Derelict,S12000018,87ae71af-1444-4197-b2a2-10530753c30e,2025-12-03,932
pub_vdl.1777,Inverclyde,FMR TRAINING CENTRE,8460323,GARVEL ISLAND GREENOCK,S01010905,Developable - Undetermined,229550,675944,Private Port Company,Not applicable (i.e. only one owner),1996-2000,Other,0.89,Derelict,S12000018,87ae71af-1444-4197-b2a2-10530753c30e,2025-12-03,870
pub_vdl.1778,Inverclyde,,8460324,CRAWBERRY ROAD STRONE FARM GREENOCK,S01010820,Developable - Undetermined,228335,674933,Housing Association,Not applicable (i.e. only one owner),1996-2000,Residential - Housing,0.7,Derelict,S12000018,87ae71af-1444-4197-b2a2-10530753c30e,2025-12-03,935
pub_vdl.1779,Inverclyde,GOUROCK ROPEWORKS,8460438,BAY STREET NEWARK ROUNDABOUT PORT GLASGOW,S01010912,Developable - Medium Term,232629,674407,Other Private,Not applicable (i.e. only one owner),1986-1990,Manufacturing,0.25,Derelict,S12000018,87ae71af-1444-4197-b2a2-10530753c30e,2025-12-03,884
pub_vdl.1780,Inverclyde,,8460327,MANSION AVENUE WOODHALL PORT GLASGOW,S01010920,Developable - Medium Term,234514,673840,Housing Association,Not applicable (i.e. only one owner),1996-2000,Residential - Housing,0.31,Vacant Land,S12000018,87ae71af-1444-4197-b2a2-10530753c30e,2025-12-03,923
pub_vdl.1781,Inverclyde,,8460344,PAPERMILL ROAD GREENOCK,S01010882,Developable - Medium Term,226760,675014,Local Authority,Not applicable (i.e. only one owner),1996-2000,Utility Services,0.28,Derelict,S12000018,87ae71af-1444-4197-b2a2-10530753c30e,2025-12-03,901
pub_vdl.1782,Inverclyde,,8460349,KILMUN ROAD STRONE FARM GREENOCK,S01010820,Developable - Undetermined,228199,675154,Local Authority,Not applicable (i.e. only one owner),1996-2000,Residential - Housing,0.78,Derelict,S12000018,87ae71af-1444-4197-b2a2-10530753c30e,2025-12-03,905
pub_vdl.1783,Inverclyde,H MCNEIL BATHS,8460350,BRACHELSTON ROAD GREENOCK,S01010877,Developable - Medium Term,226858,676034,Local Authority,Not applicable (i.e. only one owner),1996-2000,Recreation & Leisure,0.98,Derelict,S12000018,87ae71af-1444-4197-b2a2-10530753c30e,2025-12-03,900
pub_vdl.1784,Inverclyde,FMR KINCAIDS (2),8460352,MAIN STREET GREENOCK,S01010894,Developable - Medium Term,229136,675655,Urban Regeneration Company,Not applicable (i.e. only one owner),1996-2000,Manufacturing,1.43,Vacant Land,S12000018,87ae71af-1444-4197-b2a2-10530753c30e,2025-12-03,881
pub_vdl.1785,Inverclyde,IBM,8460353,SPANGO VALLEY GREENOCK,S01010832,Developable - Short Term,223770,674710,Other Private,Not applicable (i.e. only one owner),1996-2000,Agriculture,4.22,Derelict,S12000018,87ae71af-1444-4197-b2a2-10530753c30e,2025-12-03,855
pub_vdl.1786,Inverclyde,FMR MOD,8460359,GARVEL ISLAND GREENOCK,S01010905,Developable - Undetermined,230362,675724,Private Port Company,Defence,1996-2000,Defence,1.35,Derelict,S12000018,87ae71af-1444-4197-b2a2-10530753c30e,2025-12-03,926
pub_vdl.1787,Inverclyde,,8460366,WESTRAY AVENUE PARK FARM PORT GLASGOW,S01010928,Uneconomic to Develop/Soft End Use,234532,672841,Housing Association,Not applicable (i.e. only one owner),1996-2000,Residential - Housing,0.24,Vacant Land,S12000018,87ae71af-1444-4197-b2a2-10530753c30e,2025-12-03,883
pub_vdl.1788,Inverclyde,,8460367,PLADDA AVENUE PARK FARM PORT GLASGOW,S01010929,Uneconomic to Develop/Soft End Use,234948,673079,Housing Association,Not applicable (i.e. only one owner),1996-2000,Residential - Housing,0.33,Derelict,S12000018,87ae71af-1444-4197-b2a2-10530753c30e,2025-12-03,882
pub_vdl.1789,Inverclyde,FMR TATE & LYLE 2A (NE),8460368,DRUMFROCHAR ROAD GREENOCK,S01010885,Developable - Medium Term,227975,675484,Other Private,Not applicable (i.e. only one owner),1996-2000,Manufacturing,0.64,Derelict,S12000018,87ae71af-1444-4197-b2a2-10530753c30e,2025-12-03,930
pub_vdl.1790,Inverclyde,FMR NURSERY,8460371,LYNEDOCH STREET GREENOCK,S01010893,Developable - Undetermined,228141,675969,Other Private,Not applicable (i.e. only one owner),2001-2004,Other,0.11,Derelict,S12000018,87ae71af-1444-4197-b2a2-10530753c30e,2025-12-03,907
pub_vdl.1791,Inverclyde,FMR SEMICONDUCTORS BUILDING B,8460385,EARNHILL ROAD LARKFIELD IE GREENOCK,S01010851,Developable - Medium Term,223293,675913,Other Private,Not applicable (i.e. only one owner),2001-2004,Residential - Housing,1.8,Derelict,S12000018,87ae71af-1444-4197-b2a2-10530753c30e,2025-12-03,908
pub_vdl.1792,Inverclyde,FLATS,8460397,KENILWORTH CRESCENT/WHOLEFARM ROAD GREENOCK,S01010882,Developable - Medium Term,226718,675244,Housing Association,Not applicable (i.e. only one owner),2005,Residential - Housing,3.03,Derelict,S12000018,87ae71af-1444-4197-b2a2-10530753c30e,2025-12-03,854
pub_vdl.1796,Inverclyde,,8460444,MANSION AVENUE WOODHALL PORT GLASGOW,S01010920,Developable - Medium Term,234482,673762,Housing Association,Not applicable (i.e. only one owner),2009,Residential - Housing,0.2,Vacant Land,S12000018,87ae71af-1444-4197-b2a2-10530753c30e,2025-12-03,886
pub_vdl.1859,Midlothian,25 NEWBATTLE ROAD,282,NEAR NEWTONGRANGE,S01010993,Developable - Medium Term,333218,664773,Other Private,Not applicable (i.e. only one owner),2010,Recreation & Leisure,0.44,Derelict,S12000019,c2ebc69f-a923-40ef-8e12-ced7bc176a2c,2025-11-30,959
pub_vdl.1793,Inverclyde,HOUSES 2-54 AND 2 - 10,8460412,SUNNYSIDE AVENUE/PLEASANTSIDE AVENUE WOODHALL PORT GLASGOW,S01010920,Developable - Medium Term,234200,673896,Housing Association,Not applicable (i.e. only one owner),2005,Residential - Housing,5.04,Derelict,S12000018,87ae71af-1444-4197-b2a2-10530753c30e,2025-12-03,866
pub_vdl.1794,Inverclyde,ST MUNGO PRESBYTERY,8460439,GIBSHILL ROAD GREENOCK,S01010905,Developable - Medium Term,230402,675093,Other Private,Not applicable (i.e. only one owner),2008,Community & Health,0.6,Derelict,S12000018,87ae71af-1444-4197-b2a2-10530753c30e,2025-12-03,885
pub_vdl.1795,Inverclyde,INVERKIP POWER STATION,8460442,OFF BRUEACRE JUNCTION WEMYSS BAY,S01010825,Developable - Short Term,219543,671047,Scottish Power,Not applicable (i.e. only one owner),2008,Utility Services,21.45,Derelict,S12000018,87ae71af-1444-4197-b2a2-10530753c30e,2025-12-03,921
pub_vdl.1797,Inverclyde,14-16,8460448,PEAT ROAD GREENOCK,S01010883,Developable - Medium Term,226865,675331,Housing Association,Not applicable (i.e. only one owner),2009,Residential - Housing,0.41,Derelict,S12000018,87ae71af-1444-4197-b2a2-10530753c30e,2025-12-03,899
pub_vdl.1798,Inverclyde,CATHCART PARISH CHURCH AND HALL,8460454,CRESCENT STREET GREENOCK,S01010894,Developable - Undetermined,228669,675414,Other Private,Not applicable (i.e. only one owner),2010,Community & Health,0.19,Derelict,S12000018,87ae71af-1444-4197-b2a2-10530753c30e,2025-12-03,887
pub_vdl.1799,Inverclyde,,8460464,BIRKMYRE AVENUE PORT GLASGOW,S01010908,Developable - Undetermined,231241,674564,Other Private,Not applicable (i.e. only one owner),2012,Transport,0.29,Vacant Land,S12000018,87ae71af-1444-4197-b2a2-10530753c30e,2025-12-03,889
pub_vdl.1800,Inverclyde,BOGSTON STATION,8460455,BOGSTON LANE GREENOCK,S01010820,Developable - Medium Term,230704,674920,Other Private,Not applicable (i.e. only one owner),2010,Other,0.24,Derelict,S12000018,87ae71af-1444-4197-b2a2-10530753c30e,2025-12-03,915
pub_vdl.1801,Inverclyde,CORPORATION YARD,8460456,CRESCENT STREET GREENOCK,S01010894,Developable - Short Term,228607,675479,Local Authority,Not applicable (i.e. only one owner),2011,Other General Industry,0.37,Derelict,S12000018,87ae71af-1444-4197-b2a2-10530753c30e,2025-12-03,928
pub_vdl.1802,Inverclyde,,8460457,BELHAVEN STREET/RUSSEL STREET PORT GLASGOW,S01010910,Developable - Medium Term,231399,674819,Private Port Company,Other Private,2011,Other General Industry,0.32,Derelict,S12000018,87ae71af-1444-4197-b2a2-10530753c30e,2025-12-03,888
pub_vdl.1803,Inverclyde,42736,8460459,HOLE FARM ROAD GREENOCK,S01010823,Developable - Medium Term,226338,675217,Housing Association,Not applicable (i.e. only one owner),2011,Residential - Housing,0.59,Vacant Land,S12000018,87ae71af-1444-4197-b2a2-10530753c30e,2025-12-03,912
pub_vdl.1804,Inverclyde,SPANGO VALLEY (SOUTH),8460461,INVERKIP ROAD GREENOCK,S01010832,Developable - Medium Term,222810,673899,Other Private,Not applicable (i.e. only one owner),2012,Manufacturing,16.95,Derelict,S12000018,87ae71af-1444-4197-b2a2-10530753c30e,2025-12-03,910
pub_vdl.1805,Inverclyde,11,8460463,HOUSTON STREET GREENOCK,S01010871,Developable - Short Term,227348,676783,Other Private,Not applicable (i.e. only one owner),2012,Other General Industry,0.14,Derelict,S12000018,87ae71af-1444-4197-b2a2-10530753c30e,2025-12-03,897
pub_vdl.1806,Inverclyde,28,8460465,SINCLAIR STREET GREENOCK,S01010904,Developable - Short Term,229774,675191,Other Private,Not applicable (i.e. only one owner),2010,Community & Health,0.14,Derelict,S12000018,87ae71af-1444-4197-b2a2-10530753c30e,2025-12-03,890
pub_vdl.1807,Inverclyde,NOS 1-97,8460467,PARKHILL AVENUE WOODHALL PORT GLASGOW,S01010920,Developable - Medium Term,234302,673782,Housing Association,Not applicable (i.e. only one owner),2013,Residential - Housing,2.24,Vacant Land,S12000018,87ae71af-1444-4197-b2a2-10530753c30e,2025-12-03,891
pub_vdl.1831,North Ayrshire,,19,NORTH STREET DALRY,S01011303,Developable - Medium Term,229175,649692,Local Authority,Not applicable (i.e. only one owner),1981-1985,Unknown,0.51,Derelict,S12000021,036cc377-1ff3-4fba-afc3-dea25306b49b,2025-11-30,3014
pub_vdl.2535,Perth and Kinross,FORMER ABP,1086,STRATHTAY ROAD PERTH,S01011911,Developable - Medium Term,309014,724842,Ownership unknown,Not applicable (i.e. only one owner),2013,Other,0.35,Derelict,S12000048,e18ea2b7-a86d-47c4-a1d9-94bd7ada0980,2025-11-30,1447
pub_vdl.1808,Inverclyde,NOS 121-187,8460468,ORONSAY AVENUE PARK FARM PORT GLASGOW,S01010929,Developable - Undetermined,234749,673028,Housing Association,Not applicable (i.e. only one owner),2013,Residential - Housing,0.44,Vacant Land,S12000018,87ae71af-1444-4197-b2a2-10530753c30e,2025-12-03,892
pub_vdl.1809,Inverclyde,,8460474,SELKIRK ROAD BOGLESTONE (WEST) PORT GLASGOW,S01010916,Developable - Undetermined,232729,673929,Housing Association,Not applicable (i.e. only one owner),2013,Residential - Housing,0.72,Derelict,S12000018,87ae71af-1444-4197-b2a2-10530753c30e,2025-12-03,893
pub_vdl.1810,Inverclyde,FMR COMMUNITY CENTRE,8460478,KILMACOLM ROAD GREENOCK,S01010898,Developable - Medium Term,228808,674731,Other Private,Not applicable (i.e. only one owner),2013,Community & Health,0.25,Vacant Land and Buildings,S12000018,87ae71af-1444-4197-b2a2-10530753c30e,2025-12-03,917
pub_vdl.1811,Midlothian,DECOY ANTI-AIRCRAFT BATTERY,VR07,BETWEEN HILLTOWN & SHAWFAIR,S01011000,Uneconomic to Develop/Soft End Use,331453,670515,Other Private,Not applicable (i.e. only one owner),1980 or earlier,Defence,0.42,Derelict,S12000019,c2ebc69f-a923-40ef-8e12-ced7bc176a2c,2025-11-30,947
pub_vdl.1812,Inverclyde,,8460479,EAST CRAWFORD STREET BRIDGEND GREENOCK,S01010903,Developable - Medium Term,229403,675321,Housing Association,Not applicable (i.e. only one owner),2013,Residential - Housing,0.45,Derelict,S12000018,87ae71af-1444-4197-b2a2-10530753c30e,2025-12-03,894
pub_vdl.1813,Inverclyde,,8460480,KENILWORTH CRESCENT HOLE FARM GREENOCK,S01010882,Developable - Medium Term,226700,675184,Housing Association,Not applicable (i.e. only one owner),2013,Residential - Housing,0.86,Derelict,S12000018,87ae71af-1444-4197-b2a2-10530753c30e,2025-12-03,902
pub_vdl.1814,Inverclyde,FMR FLATS/SHOPS,8460482,CUMBERLAND WALK CUMBERLAND ROAD GREENOCK,S01010848,Developable - Medium Term,224219,675644,Local Authority,Housing Association,2013,Residential - Housing,0.75,Derelict,S12000018,87ae71af-1444-4197-b2a2-10530753c30e,2025-12-03,903
pub_vdl.1815,Inverclyde,,8460485,TRAFALGAR STREET BROOMHILL GREENOCK,S01010886,Uneconomic to Develop/Soft End Use,227613,675532,Housing Association,Not applicable (i.e. only one owner),2013,Residential - Housing,0.53,Derelict,S12000018,87ae71af-1444-4197-b2a2-10530753c30e,2025-12-03,896
pub_vdl.1816,Inverclyde,,8460486,NILE STREET BROOMHILL GREENOCK,S01010886,Developable - Medium Term,227535,675548,Housing Association,Not applicable (i.e. only one owner),2013,Residential - Housing,0.67,Derelict,S12000018,87ae71af-1444-4197-b2a2-10530753c30e,2025-12-03,914
pub_vdl.1817,Inverclyde,,8460489,MONTGOMERIE STREET/ROBERT STREET CLUNE PARK PORT GLASGOW,S01010916,Developable - Undetermined,232937,674186,Local Authority,Not applicable (i.e. only one owner),2013,Community & Health,0.14,Derelict,S12000018,87ae71af-1444-4197-b2a2-10530753c30e,2025-12-03,895
pub_vdl.1818,Stirling,POND COTTAGE,VD0233,A9 DUNBLANE,S01013107,Developable - Undetermined,277732,698846,Unknown Private,Not applicable (i.e. only one owner),2010,Residential - Housing,0.1,Derelict,S12000030,dd28664f-14da-4932-ac1c-264210f9e1a0,2024-09-04,83
pub_vdl.1819,Inverclyde,NORTH QUAY,8460492,JAMES WATT DOCK GREENOCK,S01010905,Developable - Medium Term,229907,675659,Private Port Company,Not applicable (i.e. only one owner),2014,Defence,0.46,Derelict,S12000018,87ae71af-1444-4197-b2a2-10530753c30e,2025-12-03,925
pub_vdl.1820,Inverclyde,,8460497,NAIRN ROAD GREENOCK,S01010850,Uneconomic to Develop/Soft End Use,223701,675987,Housing Association,Not applicable (i.e. only one owner),2014,Residential - Housing,0.14,Vacant Land,S12000018,87ae71af-1444-4197-b2a2-10530753c30e,2025-12-03,904
pub_vdl.1846,Midlothian,FORMER ARNISTON GASWORKS,2018GB2,OFF THE A7 GOREBRIDGE,S01010931,Developable - Medium Term,333389,662054,Other Private,Not applicable (i.e. only one owner),1980 or earlier,Other General Industry,1.23,Derelict,S12000019,c2ebc69f-a923-40ef-8e12-ced7bc176a2c,2025-11-30,964
pub_vdl.1821,Inverclyde,MANSION AVENUE,8460500,WOODHALL PORT GLASGOW,S01010920,Developable - Medium Term,234421,673913,Housing Association,Not applicable (i.e. only one owner),2014,Residential - Housing,0.37,Derelict,S12000018,87ae71af-1444-4197-b2a2-10530753c30e,2025-12-03,919
pub_vdl.1822,Inverclyde,FMR GREENOCK ARTS CENTRE,8460503,UNION ST GREENOCK,S01010871,Developable - Medium Term,227231,676928,Private Port Company,Not applicable (i.e. only one owner),2015,Recreation & Leisure,0.25,Derelict,S12000018,87ae71af-1444-4197-b2a2-10530753c30e,2025-12-03,898
pub_vdl.1823,Inverclyde,SPANGO VALLEY(NORTH),8460505,INVERKIP ROAD GREENOCK,S01010853,Developable - Medium Term,223982,674902,Other National/Local Government,Not applicable (i.e. only one owner),2015,Community & Health,9.07,Vacant Land,S12000018,87ae71af-1444-4197-b2a2-10530753c30e,2025-12-03,909
pub_vdl.1824,Stirling,AREA 7 CRAIGFORTH CRESCENT,VD0234,RAPLOCH STIRLING,S01013109,Unknown (uncertain/insufficient information),278367,694356,Local Authority,Not applicable (i.e. only one owner),2011,Passive Open Space,2.61,Vacant Land,S12000030,dd28664f-14da-4932-ac1c-264210f9e1a0,2024-09-04,84
pub_vdl.1832,Inverclyde,,8460517,BOW FARM GREENOCK,S01010862,Developable - Short Term,225917,676170,Housing Association,Not applicable (i.e. only one owner),2018,Residential - Housing,2.19,Vacant Land,S12000018,87ae71af-1444-4197-b2a2-10530753c30e,2025-12-03,856
pub_vdl.1857,Midlothian,NEWLANDRIG POULTY FARM,2021VR2,NEWLANDRIG,S01011019,Developable - Undetermined,336740,662745,Other Private,Not applicable (i.e. only one owner),2021,Agriculture,0.98,Derelict,S12000019,c2ebc69f-a923-40ef-8e12-ced7bc176a2c,2025-11-30,975
pub_vdl.1825,Inverclyde,SPANGO VALLETY (CENTRAL BUSINESS AREA),8460506,INVERKIP ROAD GREENOCK,S01010832,Developable - Medium Term,223280,674382,Other Private,Not applicable (i.e. only one owner),2015,Manufacturing,22.73,Derelict,S12000018,87ae71af-1444-4197-b2a2-10530753c30e,2025-12-03,922
pub_vdl.1826,Inverclyde,LOWER BOUVERIE STREET,8460510,LOWER BOUVERIE STREET PORT GLASGOW,S01010912,Developable - Undetermined,232643,674257,Ownership unknown,Not applicable (i.e. only one owner),2016,Residential - Housing,0.13,Derelict,S12000018,87ae71af-1444-4197-b2a2-10530753c30e,2025-12-03,867
pub_vdl.1827,Inverclyde,FMR GREENOCK ACAEDEMY,8460512,MADEIRA STREET GREENOCK,S01010866,Developable - Short Term,226552,677245,Local Authority,Not applicable (i.e. only one owner),2017,Education,1,Vacant Land,S12000018,87ae71af-1444-4197-b2a2-10530753c30e,2025-12-03,920
pub_vdl.1828,Inverclyde,BURNS ROAD,8460513,BURNS ROAD GREENOCK,S01010850,Developable - Undetermined,224031,676219,Other Private,Not applicable (i.e. only one owner),2017,Unknown,1.36,Derelict,S12000018,87ae71af-1444-4197-b2a2-10530753c30e,2025-12-03,916
pub_vdl.1829,Inverclyde,,8460514,KIRN DRIVE GOUROCK,S01010832,Developable - Medium Term,223987,676511,Local Authority,Local Authority,2018,Recreation & Leisure,1.44,Derelict,S12000018,87ae71af-1444-4197-b2a2-10530753c30e,2025-12-03,864
pub_vdl.1830,Inverclyde,FMR HOLY CROSS SCHOOL,8460516,LYLE ROAD GREENOCK,S01010863,Developable - Short Term,225567,676779,Housing Association,Not applicable (i.e. only one owner),2018,Education,1.15,Derelict,S12000018,87ae71af-1444-4197-b2a2-10530753c30e,2025-12-03,863
pub_vdl.1858,Midlothian,FORMER GARAGE,243,ELM ROW LASSWADE,S01010982,Developable - Short Term,330520,666164,Other Private,Not applicable (i.e. only one owner),2001-2004,Other General Industry,0.19,Vacant Land,S12000019,c2ebc69f-a923-40ef-8e12-ced7bc176a2c,2025-11-30,962
pub_vdl.1833,Inverclyde,,8460518,UPPER BOW GREENOCK,S01010862,Developable - Undetermined,225941,676294,Housing Association,Not applicable (i.e. only one owner),2018,Residential - Housing,0.77,Vacant Land,S12000018,87ae71af-1444-4197-b2a2-10530753c30e,2025-12-03,857
pub_vdl.1834,Inverclyde,,8460519,DRUMFROCHAR ROAD GREENOCK,S01010885,Developable - Undetermined,227433,675467,Housing Association,Not applicable (i.e. only one owner),2018,Residential - Housing,0.84,Vacant Land,S12000018,87ae71af-1444-4197-b2a2-10530753c30e,2025-12-03,862
pub_vdl.1835,Inverclyde,,8460520,HILL STREET GREENOCK,S01010893,Developable - Undetermined,228192,675733,Other Private,Not applicable (i.e. only one owner),2018,Residential - Housing,0.19,Vacant Land,S12000018,87ae71af-1444-4197-b2a2-10530753c30e,2025-12-03,861
pub_vdl.1836,Inverclyde,FMR WATER STATION,8460521,WEYMOUTH CRESCENT GREENOCK,S01010847,Developable - Medium Term,224484,676088,Water Authority,Not applicable (i.e. only one owner),2018,Utility Services,0.31,Derelict,S12000018,87ae71af-1444-4197-b2a2-10530753c30e,2025-12-03,860
pub_vdl.1837,Midlothian,MILLERHILL MARSHALLING YARDS,2020SA1,MILLERHILL SHAWFAIR,S01011000,Developable - Medium Term,332326,671133,Network Rail/ Rail Franchise Holder,Not applicable (i.e. only one owner),Unknown,Transport,3.58,Vacant Land,S12000019,c2ebc69f-a923-40ef-8e12-ced7bc176a2c,2025-11-30,970
pub_vdl.1842,Midlothian,WESTER COWDEN FARM,2018DK2,DALKEITH,S01011016,Developable - Medium Term,335141,667115,Other Private,Not applicable (i.e. only one owner),2022,Agriculture,1.04,Derelict,S12000019,c2ebc69f-a923-40ef-8e12-ced7bc176a2c,2025-11-30,978
pub_vdl.1845,Midlothian,MELVILLE ROAD,2018DK4,ESKBANK DALKEITH,S01010999,Developable - Short Term,332347,666926,Other Private,Other Private,2015,Storage,0.71,Derelict,S12000019,c2ebc69f-a923-40ef-8e12-ced7bc176a2c,2025-11-30,957
pub_vdl.1838,Inverclyde,,8460522,PORT GLASGOW RD (NORTH) GREENOCK,S01010905,Developable - Undetermined,230538,675163,Other Private,Not applicable (i.e. only one owner),2018,Manufacturing,1.03,Derelict,S12000018,87ae71af-1444-4197-b2a2-10530753c30e,2025-12-03,859
pub_vdl.1839,Inverclyde,PARKLEA ROAD,8460523,PARKHILL ROAD PORT GLASGOW,S01010920,Developable - Short Term,234509,674015,Other Private,Not applicable (i.e. only one owner),2019,Unknown,0.25,Vacant Land,S12000018,87ae71af-1444-4197-b2a2-10530753c30e,2025-12-03,918
pub_vdl.1840,Inverclyde,FORMER ARNOLD CLARK GARAGE,8460524,EAST HAMILTON STREET GREENOCK,S01010905,Developable - Short Term,230230,675303,Other Private,Not applicable (i.e. only one owner),2021,Retailing,0.32,Vacant Land and Buildings,S12000018,87ae71af-1444-4197-b2a2-10530753c30e,2025-12-03,937
pub_vdl.1841,Midlothian,LUGTON HOTEL,2015D36,OLD DALKEITH ROAD DALKEITH,S01011000,Developable - Medium Term,332902,667638,Other Private,Not applicable (i.e. only one owner),2012,"Residential - Hotels, Hostels etc",0.1,Derelict,S12000019,c2ebc69f-a923-40ef-8e12-ced7bc176a2c,2025-11-30,955
pub_vdl.1843,Midlothian,MINERS WALK,2021DK2,DALKEITH,S01011006,Developable - Medium Term,334969,667756,Other Private,Not applicable (i.e. only one owner),2007,Agriculture,1.26,Vacant Land,S12000019,c2ebc69f-a923-40ef-8e12-ced7bc176a2c,2025-11-30,972
pub_vdl.1844,Midlothian,SILVERBURN QUARRY,VR48,SILVERBURN,S01010930,Uneconomic to Develop/Soft End Use,319978,660617,Other Private,Not applicable (i.e. only one owner),1980 or earlier,Mineral Activity,2.79,Derelict,S12000019,c2ebc69f-a923-40ef-8e12-ced7bc176a2c,2025-11-30,951
pub_vdl.1847,Midlothian,BRYANS ROAD & MORRIS ROAD JUNCTION,2018MN2,NEWTONGRANGE,S01011031,Developable - Medium Term,334031,664826,Other Private,Not applicable (i.e. only one owner),2015,Agriculture,0.32,Vacant Land,S12000019,c2ebc69f-a923-40ef-8e12-ced7bc176a2c,2025-11-30,965
pub_vdl.1848,Midlothian,MURDERDEAN ROAD,2018MN3,NEWTONGRANGE,S01010992,Developable - Medium Term,333290,663978,Other Private,Not applicable (i.e. only one owner),2015,Other General Industry,0.12,Derelict,S12000019,c2ebc69f-a923-40ef-8e12-ced7bc176a2c,2025-11-30,958
pub_vdl.1849,Midlothian,FORMER NEWBATTLE POOL,2018MN4,MAIN STREET NEWTONGRANGE,S01011034,Developable - Short Term,333287,664213,Local Authority,Not applicable (i.e. only one owner),2018,Recreation & Leisure,0.21,Vacant Land,S12000019,c2ebc69f-a923-40ef-8e12-ced7bc176a2c,2025-11-30,960
pub_vdl.1850,Midlothian,DEMOLISHED GARAGES,2019DH1,OFF FORTH VIEW CRESCENT DANDERHALL,S01011002,Developable - Undetermined,330742,669450,Ownership unknown,Ownership unknown,2012,Residential - Housing,0.27,Derelict,S12000019,c2ebc69f-a923-40ef-8e12-ced7bc176a2c,2025-11-30,966
pub_vdl.1851,Midlothian,VACANT PLOT AT EASTFIELD DRIVE,2019PK2,PENICUIK,S01010945,Developable - Short Term,323712,660817,Other Private,Not applicable (i.e. only one owner),2008,Other General Industry,0.35,Vacant Land,S12000019,c2ebc69f-a923-40ef-8e12-ced7bc176a2c,2025-11-30,980
pub_vdl.1852,Midlothian,CARNETHIE COACHWORKS,2019RW1,OFF CARNETHIE STREET ROSEWELL,S01010933,Developable - Short Term,328644,661965,Other Private,Not applicable (i.e. only one owner),2010,Other General Industry,0.19,Derelict,S12000019,c2ebc69f-a923-40ef-8e12-ced7bc176a2c,2025-11-30,963
pub_vdl.1853,Midlothian,MAYBURN HOUSE,2020LH1,HAWTHORN GARDENS LOANHEAD,S01010969,Developable - Short Term,327951,666009,Other Private,Not applicable (i.e. only one owner),2016,"Residential - Hotels, Hostels etc",0.35,Derelict,S12000019,c2ebc69f-a923-40ef-8e12-ced7bc176a2c,2025-11-30,969
pub_vdl.1854,Midlothian,NATIONAL MINING MUSEUM,2021MN1,NEWTONGRANGE,S01010992,Developable - Undetermined,333277,663807,Other Private,Not applicable (i.e. only one owner),1981-1985,Mineral Activity,1.05,Derelict,S12000019,c2ebc69f-a923-40ef-8e12-ced7bc176a2c,2025-11-30,973
pub_vdl.2300,North Lanarkshire,SITE OF FORMER WATERLOO PRIMARY SCHOOL (HOUSING SI,NL008500371,OVERTOWN ROAD WATERLOO WISHAW,S01011426,Developable - Undetermined,281119,653953,Local Authority,Not applicable (i.e. only one owner),1986-1990,Education,0.29,Derelict,S12000050,e75f31cd-4d1d-49e4-a5a3-c3d4c9ef1d5d,2025-11-30,1029
pub_vdl.1855,Midlothian,FORMER YMCA,2021PK1,KIRKHILL ROAD PENICUIK,S01010934,Developable - Undetermined,323969,660225,Local Authority,Not applicable (i.e. only one owner),2009,Recreation & Leisure,0.11,Derelict,S12000019,c2ebc69f-a923-40ef-8e12-ced7bc176a2c,2025-11-30,974
pub_vdl.1856,Midlothian,YORKSTON FARM BUILDINGS,2021VR1,NEAR TEMPLE,S01010931,Developable - Medium Term,331353,656659,Other Private,Not applicable (i.e. only one owner),2016,Agriculture,0.5,Derelict,S12000019,c2ebc69f-a923-40ef-8e12-ced7bc176a2c,2025-11-30,971
pub_vdl.1860,Midlothian,NEWBATTLE HOME FARM,290,NEWBATTLE ROAD NEAR NEWTONGRANGE,S01010994,Developable - Medium Term,333228,665104,Other Private,Not applicable (i.e. only one owner),2015,Agriculture,0.7,Derelict,S12000019,c2ebc69f-a923-40ef-8e12-ced7bc176a2c,2025-11-30,968
pub_vdl.1861,Midlothian,FORMER ARNISTON SALVAGE YARD NORTH,G07,GOREBRIDGE,S01011039,Developable - Undetermined,333819,662154,Other Private,Not applicable (i.e. only one owner),1986-1990,Storage,0.97,Derelict,S12000019,c2ebc69f-a923-40ef-8e12-ced7bc176a2c,2025-11-30,946
pub_vdl.1862,Midlothian,THORNYBANK,ID31,INDUSTRIAL ESTATE DALKEITH,S01011006,Developable - Medium Term,334704,667642,Other Private,Local Authority,1996-2000,Manufacturing,1.05,Vacant Land,S12000019,c2ebc69f-a923-40ef-8e12-ced7bc176a2c,2025-11-30,954
pub_vdl.1863,Midlothian,BUTLERFIELD,IMN20,INDUSTRIAL ESTATE NEWTONGRANGE,S01010992,Developable - Medium Term,333127,663807,Other Private,Not applicable (i.e. only one owner),1980 or earlier,Mineral Activity,0.49,Vacant Land,S12000019,c2ebc69f-a923-40ef-8e12-ced7bc176a2c,2025-11-30,953
pub_vdl.1864,Midlothian,ESPERSTON LIME KILNS,VR70,AND QUARRY ESPERSTON,S01010931,Uneconomic to Develop/Soft End Use,334224,657418,Other Private,Not applicable (i.e. only one owner),1980 or earlier,Mineral Activity,0.56,Derelict,S12000019,c2ebc69f-a923-40ef-8e12-ced7bc176a2c,2025-11-30,977
pub_vdl.1865,Midlothian,BRYANS,MN09,REHAB SCHEME MAYFIELD,S01010994,Developable - Undetermined,334114,664859,Other Private,Not applicable (i.e. only one owner),1980 or earlier,Mineral Activity,0.15,Derelict,S12000019,c2ebc69f-a923-40ef-8e12-ced7bc176a2c,2025-11-30,956
pub_vdl.1866,Midlothian,LAND SOUTH OF LADY VICTORIA COLLIERY,MN16,NEWTONGRANGE,S01010992,Developable - Medium Term,333258,663554,Other Private,Not applicable (i.e. only one owner),2021,Storage,1.39,Vacant Land,S12000019,c2ebc69f-a923-40ef-8e12-ced7bc176a2c,2025-11-30,976
pub_vdl.1871,Midlothian,KIPPIELAW HATCHERY,VR92,A68 LAUDER ROAD DALKEITH,S01011017,Developable - Short Term,334863,666616,Other Private,Not applicable (i.e. only one owner),Unknown,Agriculture,0.64,Derelict,S12000019,c2ebc69f-a923-40ef-8e12-ced7bc176a2c,2025-11-30,952
pub_vdl.1872,Midlothian,PLOT AT GRANNIES PARK,e13,EDINBURGH ROAD DALKEITH,S01010999,Developable - Medium Term,333124,667551,Other Private,Not applicable (i.e. only one owner),2018,Passive Open Space,0.79,Vacant Land,S12000019,c2ebc69f-a923-40ef-8e12-ced7bc176a2c,2025-11-30,961
pub_vdl.1867,Midlothian,BANKFIELD,VR01,AND NIDDRIE BING CAULDCOATS SHAWFAIR,S01011000,Developable - Short Term,330703,671140,Other Private,Not applicable (i.e. only one owner),1980 or earlier,Mineral Activity,5.72,Derelict,S12000019,c2ebc69f-a923-40ef-8e12-ced7bc176a2c,2025-11-30,967
pub_vdl.1868,Midlothian,TIP BETWEEN,VR02,WHITEHILL MAINS & SHAWFAIR SHAWFAIR,S01011000,Uneconomic to Develop/Soft End Use,331901,670905,Other Private,Not applicable (i.e. only one owner),1980 or earlier,Mineral Activity,19.27,Derelict,S12000019,c2ebc69f-a923-40ef-8e12-ced7bc176a2c,2025-11-30,949
pub_vdl.1869,Midlothian,SITE ON THE WISP,VR03,NEAR DANDERHALL SHAWFAIR,S01011000,Developable - Medium Term,330511,670268,Other Private,Not applicable (i.e. only one owner),1980 or earlier,Storage,0.88,Vacant Land,S12000019,c2ebc69f-a923-40ef-8e12-ced7bc176a2c,2025-11-30,948
pub_vdl.1891,Moray,AUCTION MART,FR_04,TYTLER STREET FORRES,S01011153,Developable - Short Term,303070,858830,Other Private,Not applicable (i.e. only one owner),2016,Agriculture,0.2,Vacant Land,S12000020,934dbdf7-fa81-424b-bc19-e15bb58394e6,2025-11-30,1000
pub_vdl.3033,West Dunbartonshire,HAMILTON STREET,8360310,HAMILTON STREET CLYDEBANK,S01013122,Developable - Undetermined,250592,669304,Ownership unknown,Not applicable (i.e. only one owner),Unknown,Other General Industry,0.1,Vacant Land,S12000039,af18f63e-8691-432f-a124-f0971d344397,2024-01-31,24
pub_vdl.1870,Midlothian,MONKTONHALL,VR88,COLLIERY MILLERHILL SHAWFAIR,S01011000,Developable - Short Term,332208,670120,Other Private,Network Rail/ Rail Franchise Holder,1996-2000,Mineral Activity,18,Derelict,S12000019,c2ebc69f-a923-40ef-8e12-ced7bc176a2c,2025-11-30,950
pub_vdl.1873,Midlothian,ROBERTSON'S BANK,h51,GOREBRIDGE,S01011044,Developable - Medium Term,334701,661064,Other Private,Not applicable (i.e. only one owner),2022,Other General Industry,0.15,Derelict,S12000019,c2ebc69f-a923-40ef-8e12-ced7bc176a2c,2025-11-30,979
pub_vdl.1874,Moray,DISUSED RAILWAY,BC_01,COMMERCIAL ROAD BUCKIE,S01011073,Developable - Medium Term,343040,865870,Ownership unknown,Not applicable (i.e. only one owner),2001-2004,Transport,0.32,Vacant Land,S12000020,934dbdf7-fa81-424b-bc19-e15bb58394e6,2025-11-30,983
pub_vdl.1875,Moray,SHIPYARD,BC_02,BLANTYRE TERRACE BUCKIE,S01011074,Developable - Undetermined,343430,866350,Other Private,Not applicable (i.e. only one owner),2001-2004,Manufacturing,1.33,Derelict,S12000020,934dbdf7-fa81-424b-bc19-e15bb58394e6,2025-11-30,984
pub_vdl.1876,Stirling,STIRLING ICE RINK,VD0236,TORBREX LANE STIRLING,S01013059,Developable - Short Term,279154,692052,Local Authority,Not applicable (i.e. only one owner),Unknown,Recreation & Leisure,0.61,Vacant Land,S12000030,dd28664f-14da-4932-ac1c-264210f9e1a0,2024-09-04,85
pub_vdl.1877,Moray,BANK STREET NORTH,BC_04,BANK STREET BUCKIE,S01011079,Developable - Short Term,342470,865770,Local Authority,Not applicable (i.e. only one owner),2001-2004,Manufacturing,0.47,Vacant Land,S12000020,934dbdf7-fa81-424b-bc19-e15bb58394e6,2025-11-30,982
pub_vdl.1878,Moray,S/E BARON STREET,BC_05,BARON STREET BUCKIE,S01011079,Developable - Short Term,342330,865770,Private Gas,Not applicable (i.e. only one owner),2001-2004,Storage,0.27,Vacant Land,S12000020,934dbdf7-fa81-424b-bc19-e15bb58394e6,2025-11-30,981
pub_vdl.1896,Stirling,SOUTH OF GRAYSTALE ROAD,VD0238,CULTENHOVE STIRLING,S01013057,Developable - Short Term,278965,691082,Local Authority,Not applicable (i.e. only one owner),2008,Residential - Housing,0.57,Vacant Land,S12000030,dd28664f-14da-4932-ac1c-264210f9e1a0,2024-09-04,87
pub_vdl.1879,Moray,GRAMPIAN COUNTRY PORK,BC_06,GREAT WESTERN ROAD BUCKIE,S01011080,Developable - Short Term,341160,865120,Other Private,Not applicable (i.e. only one owner),2005,Manufacturing,1.87,Derelict,S12000020,934dbdf7-fa81-424b-bc19-e15bb58394e6,2025-11-30,987
pub_vdl.2806,South Ayrshire,,GW057,HEALTH CENTRE 109A HENRIETTA STREET GIRVAN,S01012431,Developable - Undetermined,218417,597370,Health Boards,Not applicable (i.e. only one owner),2016,Community & Health,0.28,Derelict,S12000028,ec28bd2c-09cd-423c-b6c4-4cc8d18010a4,2025-11-30,2718
pub_vdl.1880,Moray,FORMER WORKSHOP,BC_09,MCLARENS BRAE BUCKIE,S01011073,Developable - Medium Term,343373,865940,Other Private,Not applicable (i.e. only one owner),2016,Storage,0.7,Vacant Land,S12000020,934dbdf7-fa81-424b-bc19-e15bb58394e6,2025-11-30,993
pub_vdl.1881,Moray,FORMER FACTORY,BC_10,BLAIRDAFF STREET BUCKIE,S01011079,Developable - Medium Term,342371,865380,Unknown Private,Not applicable (i.e. only one owner),2008,Manufacturing,0.21,Vacant Land and Buildings,S12000020,934dbdf7-fa81-424b-bc19-e15bb58394e6,2025-11-30,998
pub_vdl.1882,Moray,FORMER DEPOT,BC_11,BANK STREET BUCKIE,S01011079,Developable - Medium Term,342409,865779,Unknown Public,Not applicable (i.e. only one owner),2018,Community & Health,0.12,Vacant Land and Buildings,S12000020,934dbdf7-fa81-424b-bc19-e15bb58394e6,2025-11-30,999
pub_vdl.1883,Moray,WEST FORESHORE NORTH,BH_02,STATION ROAD BURGHEAD,S01011145,Developable - Medium Term,311360,868696,Other Private,Not applicable (i.e. only one owner),2005,Manufacturing,0.99,Vacant Land,S12000020,934dbdf7-fa81-424b-bc19-e15bb58394e6,2025-11-30,988
pub_vdl.1884,Moray,FORMER TESCO,FR_03,CAROLINE STREET FORRES,S01011154,Developable - Medium Term,303495,859074,Other Private,Not applicable (i.e. only one owner),2015,Retailing,0.68,Vacant Land,S12000020,934dbdf7-fa81-424b-bc19-e15bb58394e6,2025-11-30,995
pub_vdl.1985,North Ayrshire,JACKS PLACE,678,ARDROSSAN ROAD SALTCOATS,S01011259,Developable - Short Term,224036,641940,Other Private,Unknown Private,2006,"Residential - Hotels, Hostels etc",0.21,Vacant Land,S12000021,036cc377-1ff3-4fba-afc3-dea25306b49b,2025-11-30,3108
pub_vdl.1885,Moray,FORMER FLEMINGS YARD,EL_04,LINKWOOD ROAD ELGIN,S01011109,Developable - Medium Term,322250,862130,Unknown Private,Not applicable (i.e. only one owner),2001-2004,Forestry/Woodland,2.4,Vacant Land,S12000020,934dbdf7-fa81-424b-bc19-e15bb58394e6,2025-11-30,994
pub_vdl.1886,Moray,FORMER SCRAPYARD,EL_07,HILL STREET ELGIN,S01011118,Developable - Short Term,321050,862730,Other Private,Not applicable (i.e. only one owner),2013,Community & Health,0.16,Vacant Land,S12000020,934dbdf7-fa81-424b-bc19-e15bb58394e6,2025-11-30,989
pub_vdl.2060,Stirling,NORTH EAST OF GRAYSTALE ROAD,VD0239,CULTENHOVE STIRLING,S01013057,Developable - Short Term,278994,691136,Local Authority,Not applicable (i.e. only one owner),2008,Residential - Housing,0.88,Vacant Land,S12000030,dd28664f-14da-4932-ac1c-264210f9e1a0,2024-09-04,88
pub_vdl.1887,Moray,FORMER CHURCH,EL_10,PINEGROVE CRESCENT ELGIN,S01011106,Developable - Short Term,323185,862273,Other Private,Not applicable (i.e. only one owner),2019,Community & Health,0.22,Vacant Land,S12000020,934dbdf7-fa81-424b-bc19-e15bb58394e6,2025-11-30,996
pub_vdl.1888,Moray,AUCTION MART,EL_11,LINKWOOD ROAD ELGIN,S01011109,Developable - Medium Term,322338,862017,Other Private,Not applicable (i.e. only one owner),2019,Agriculture,3.02,Derelict,S12000020,934dbdf7-fa81-424b-bc19-e15bb58394e6,2025-11-30,997
pub_vdl.1889,Moray,OLDMILLS,EL_12,OLDMILLS ROAD ELGIN,S01011118,Developable - Short Term,320650,862960,Other Private,Not applicable (i.e. only one owner),2014,Manufacturing,0.99,Vacant Land and Buildings,S12000020,934dbdf7-fa81-424b-bc19-e15bb58394e6,2025-11-30,1001
pub_vdl.1890,Moray,RIFLE RANGE,FR_01,PILMUIR ROAD WEST FORRES,S01011162,Developable - Undetermined,302530,857840,Other Private,Not applicable (i.e. only one owner),2001-2004,Defence,1.19,Derelict,S12000020,934dbdf7-fa81-424b-bc19-e15bb58394e6,2025-11-30,985
pub_vdl.1892,Moray,FORMER TANNERY,KH_03,REGENT/CHURCH ST KEITH,S01011064,Developable - Medium Term,342880,850820,Other Private,Not applicable (i.e. only one owner),2013,Other General Industry,0.6,Vacant Land,S12000020,934dbdf7-fa81-424b-bc19-e15bb58394e6,2025-11-30,990
pub_vdl.2814,South Ayrshire,,OPP08,HEATHFIELD AYR,S01012499,Developable - Short Term,236409,623545,Other Private,Not applicable (i.e. only one owner),Unknown,Agriculture,2.36,Derelict,S12000028,ec28bd2c-09cd-423c-b6c4-4cc8d18010a4,2025-11-30,2716
pub_vdl.1893,Moray,FORMER BUILDERS MERCHANT,KH_04,NEWMILL ROAD KEITH,S01011060,Developable - Short Term,343040,851420,Other Private,Not applicable (i.e. only one owner),2013,Wholesale Distribution,0.84,Derelict,S12000020,934dbdf7-fa81-424b-bc19-e15bb58394e6,2025-11-30,991
pub_vdl.1894,Moray,OPEN SPACE,LM_01,SHORE STREET WEST LOSSIEMOUTH,S01011131,Developable - Short Term,323330,871300,Ownership unknown,Not applicable (i.e. only one owner),2001-2004,Unknown,0.47,Vacant Land,S12000020,934dbdf7-fa81-424b-bc19-e15bb58394e6,2025-11-30,986
pub_vdl.1895,Moray,FORMER MILLTOWN AIRFIELD,MI_01,MILLTOWN ELGIN,S01011097,Developable - Short Term,326650,865720,Other Private,Not applicable (i.e. only one owner),1980 or earlier,Defence,140.81,Derelict,S12000020,934dbdf7-fa81-424b-bc19-e15bb58394e6,2025-11-30,1003
pub_vdl.1902,North Ayrshire,,16,EAST STEVENSTON STEVENSTON,S01011233,Developable - Medium Term,227319,641316,Ownership unknown,Not applicable (i.e. only one owner),1981-1985,Unknown,3.38,Derelict,S12000021,036cc377-1ff3-4fba-afc3-dea25306b49b,2025-11-30,3072
pub_vdl.1897,Moray,FORMER RAF DALLACHY,ND_01,BEAUFIGHTER ROAD NETHER DALLACHY,S01011084,Developable - Medium Term,336260,863330,Property Services Agency,Not applicable (i.e. only one owner),1980 or earlier,Defence,64.6,Derelict,S12000020,934dbdf7-fa81-424b-bc19-e15bb58394e6,2025-11-30,1002
pub_vdl.1898,Moray,FORMER CURLING POND,RO_01,NORTH STREET ROTHES,S01011051,Developable - Short Term,327747,849958,Other Private,Not applicable (i.e. only one owner),2013,Recreation & Leisure,0.2,Derelict,S12000020,934dbdf7-fa81-424b-bc19-e15bb58394e6,2025-11-30,992
pub_vdl.1899,North Ayrshire,HOLMHEAD,123,CRAIGTON ROAD KILBIRNIE,S01011343,Developable - Undetermined,231504,653794,Ownership unknown,Not applicable (i.e. only one owner),1981-1985,Unknown,0.23,Vacant Land,S12000021,036cc377-1ff3-4fba-afc3-dea25306b49b,2025-11-30,3077
pub_vdl.1900,North Ayrshire,,135,BOGLEMART STREET STEVENSTON,S01011268,Uneconomic to Develop/Soft End Use,226506,641898,Ownership unknown,Not applicable (i.e. only one owner),1981-1985,Unknown,0.88,Vacant Land,S12000021,036cc377-1ff3-4fba-afc3-dea25306b49b,2025-11-30,3011
pub_vdl.1901,North Ayrshire,,152,CORSEHILL KILWINNING,S01011290,Developable - Medium Term,230741,643278,Ownership unknown,Not applicable (i.e. only one owner),1981-1985,Unknown,0.35,Vacant Land,S12000021,036cc377-1ff3-4fba-afc3-dea25306b49b,2025-11-30,3024
pub_vdl.1903,North Ayrshire,,172,PADDOCKHOLM NORTH KILBIRNIE,S01011334,Developable - Undetermined,231920,654534,Local Authority,Not applicable (i.e. only one owner),1986-1990,Unknown,1.15,Derelict,S12000021,036cc377-1ff3-4fba-afc3-dea25306b49b,2025-11-30,3160
pub_vdl.1904,North Ayrshire,,175,LOCHSHORE NORTH GLENGARNOCK,S01011334,Developable - Short Term,232046,653688,Scottish Enterprise,Not applicable (i.e. only one owner),1986-1990,Manufacturing,29.71,Derelict,S12000021,036cc377-1ff3-4fba-afc3-dea25306b49b,2025-11-30,3081
pub_vdl.1918,North Ayrshire,FORMER BMX TRACK,368,MARINE DRIVE IRVINE,S01011232,Developable - Medium Term,231371,637309,Ownership unknown,Not applicable (i.e. only one owner),1991-1995,Unknown,1.09,Vacant Land,S12000021,036cc377-1ff3-4fba-afc3-dea25306b49b,2025-11-30,3017
pub_vdl.2611,Renfrewshire,,350834,OFF BEITH ROAD JOHNSTONE,S01012040,Developable - Short Term,242081,662033,Other Private,Not applicable (i.e. only one owner),2009,Storage,0.45,Vacant Land,S12000038,0b2c4204-296f-4e05-871e-ba9f5c6d3eda,2025-11-30,1622
pub_vdl.1905,North Ayrshire,,188,HARBOUR ROAD ARDROSSAN,S01011243,Developable - Undetermined,222944,641898,Ownership unknown,Not applicable (i.e. only one owner),1986-1990,Unknown,0.92,Derelict,S12000021,036cc377-1ff3-4fba-afc3-dea25306b49b,2025-11-30,3008
pub_vdl.1906,North Ayrshire,,195,PORTLAND PLACE STEVENSTON,S01011235,Developable - Medium Term,227174,641396,Ownership unknown,Not applicable (i.e. only one owner),1986-1990,Unknown,1.24,Derelict,S12000021,036cc377-1ff3-4fba-afc3-dea25306b49b,2025-11-30,3020
pub_vdl.1907,North Ayrshire,FORMER WESTAYR SITE,204,CUNNINGHAME ROAD IRVINE,S01011178,Developable - Short Term,231793,637439,Local Authority,Not applicable (i.e. only one owner),1986-1990,Unknown,1.08,Vacant Land,S12000021,036cc377-1ff3-4fba-afc3-dea25306b49b,2025-11-30,3018
pub_vdl.1908,North Ayrshire,,301,NETHERMAINS ROAD KILWINNING,S01011292,Developable - Medium Term,230500,642455,Ownership unknown,Not applicable (i.e. only one owner),1981-1985,Unknown,4.02,Derelict,S12000021,036cc377-1ff3-4fba-afc3-dea25306b49b,2025-11-30,3026
pub_vdl.1909,North Ayrshire,,307,MONTFODE DEPOT SOUTH ARDROSSAN,S01011307,Uneconomic to Develop/Soft End Use,222470,644320,Other Private,Not applicable (i.e. only one owner),1981-1985,Defence,4.64,Derelict,S12000021,036cc377-1ff3-4fba-afc3-dea25306b49b,2025-11-30,3087
pub_vdl.1910,North Ayrshire,,308,HEATHERHOUSE IRVINE,S01011178,Developable - Short Term,231768,637853,Local Authority,Not applicable (i.e. only one owner),1986-1990,Unknown,0.21,Vacant Land,S12000021,036cc377-1ff3-4fba-afc3-dea25306b49b,2025-11-30,3040
pub_vdl.1911,North Ayrshire,,321,SPRINGSIDE WORKS IRVINE,S01011181,Developable - Undetermined,236452,637353,Other Private,Not applicable (i.e. only one owner),1986-1990,Manufacturing,3.03,Derelict,S12000021,036cc377-1ff3-4fba-afc3-dea25306b49b,2025-11-30,3028
pub_vdl.1998,North Ayrshire,FORMER KWIKSAVE CARPARK AND ADJOINING SITE,742,FULLARTON PLACE STEVENSTON,S01011269,Developable - Medium Term,226494,642083,Unknown Private,Not applicable (i.e. only one owner),2015,Transport,0.22,Vacant Land,S12000021,036cc377-1ff3-4fba-afc3-dea25306b49b,2025-11-30,3006
pub_vdl.1912,North Ayrshire,,324,NETHERMAINS I.E. KILWINNING,S01011292,Developable - Medium Term,230129,642377,Local Authority,Not applicable (i.e. only one owner),1986-1990,Unknown,1.71,Derelict,S12000021,036cc377-1ff3-4fba-afc3-dea25306b49b,2025-11-30,3092
pub_vdl.1922,North Ayrshire,,374,WEST BYREHILL KILWINNING,S01011288,Developable - Short Term,228337,642643,Other Private,Not applicable (i.e. only one owner),1981-1985,Unknown,1.73,Vacant Land,S12000021,036cc377-1ff3-4fba-afc3-dea25306b49b,2025-11-30,3021
pub_vdl.1923,North Ayrshire,,376,NORTH NEWMOOR IRVINE,S01011199,Developable - Short Term,233631,639416,Other Private,Not applicable (i.e. only one owner),1986-1990,Unknown,3.04,Vacant Land,S12000021,036cc377-1ff3-4fba-afc3-dea25306b49b,2025-11-30,3083
pub_vdl.1913,North Ayrshire,,327,RAILWAY EMBANKMENT KILBIRNIE,S01011334,Uneconomic to Develop/Soft End Use,231430,652870,Other Private,Not applicable (i.e. only one owner),1986-1990,Transport,7.2,Derelict,S12000021,036cc377-1ff3-4fba-afc3-dea25306b49b,2025-11-30,3080
pub_vdl.1919,North Ayrshire,,370,WEST BYREHILL KILWINNING,S01011288,Developable - Short Term,228520,642853,Other Private,Not applicable (i.e. only one owner),1981-1985,Unknown,2.49,Vacant Land,S12000021,036cc377-1ff3-4fba-afc3-dea25306b49b,2025-11-30,3089
pub_vdl.1914,North Ayrshire,,339,WILLOWYARD BEITH,S01011348,Developable - Undetermined,233639,653286,Scottish Enterprise,Not applicable (i.e. only one owner),1991-1995,Unknown,4.61,Vacant Land,S12000021,036cc377-1ff3-4fba-afc3-dea25306b49b,2025-11-30,3104
pub_vdl.1915,North Ayrshire,,356,BYREHILL JUNCTION KILWINNING,S01011292,Developable - Medium Term,230169,642216,Local Authority,Not applicable (i.e. only one owner),1991-1995,Unknown,0.84,Derelict,S12000021,036cc377-1ff3-4fba-afc3-dea25306b49b,2025-11-30,3042
pub_vdl.1916,North Ayrshire,,375,NETHERMAINS KILWINNING,S01011292,Developable - Short Term,230949,642176,Other Private,Not applicable (i.e. only one owner),1981-1985,Unknown,2.12,Vacant Land,S12000021,036cc377-1ff3-4fba-afc3-dea25306b49b,2025-11-30,3097
pub_vdl.1917,North Ayrshire,,360,FORMER STEEL WORKS GLENGARNOCK,S01011347,Developable - Medium Term,232207,653174,Ownership unknown,Not applicable (i.e. only one owner),1991-1995,Manufacturing,6.71,Derelict,S12000021,036cc377-1ff3-4fba-afc3-dea25306b49b,2025-11-30,3082
pub_vdl.2657,Renfrewshire,OAKSHAW BRAE (WEST),8510505,OAKSHAW BRAE (WEST) PAISLEY (CENTRAL),S01012133,Developable - Medium Term,247625,664019,Local Authority,Not applicable (i.e. only one owner),1986-1990,Education,0.4,Vacant Land and Buildings,S12000038,0b2c4204-296f-4e05-871e-ba9f5c6d3eda,2025-11-30,1587
pub_vdl.1920,North Ayrshire,,372,WEST BYREHILL KILWINNING,S01011288,Developable - Medium Term,229020,642562,Other Private,Not applicable (i.e. only one owner),1981-1985,Unknown,2.26,Vacant Land,S12000021,036cc377-1ff3-4fba-afc3-dea25306b49b,2025-11-30,3091
pub_vdl.1921,North Ayrshire,,373,WEST BYREHILL KILWINNING,S01011288,Developable - Short Term,228709,642504,Other Private,Not applicable (i.e. only one owner),1981-1985,Unknown,6.32,Vacant Land,S12000021,036cc377-1ff3-4fba-afc3-dea25306b49b,2025-11-30,3090
pub_vdl.1924,North Ayrshire,,380,LOCHSHORE NORTH GLENGARNOCK,S01011334,Developable - Short Term,232192,654152,Scottish Enterprise,Not applicable (i.e. only one owner),1986-1990,Unknown,17.66,Derelict,S12000021,036cc377-1ff3-4fba-afc3-dea25306b49b,2025-11-30,3046
pub_vdl.1925,North Ayrshire,,381,LOCHSHORE NORTH GLENGARNOCK,S01011334,Developable - Short Term,232176,654551,Scottish Enterprise,Not applicable (i.e. only one owner),1986-1990,Unknown,13.86,Derelict,S12000021,036cc377-1ff3-4fba-afc3-dea25306b49b,2025-11-30,3015
pub_vdl.1926,North Ayrshire,,382,NEW STREET/BRIDGEND DALRY,S01011301,Developable - Short Term,229704,649354,Ownership unknown,Not applicable (i.e. only one owner),1981-1985,Unknown,2.84,Derelict,S12000021,036cc377-1ff3-4fba-afc3-dea25306b49b,2025-11-30,3075
pub_vdl.1927,North Ayrshire,BIRKHEAD,385,FAIRLIE ROAD MOOR DALRY,S01011334,Uneconomic to Develop/Soft End Use,225735,649964,Ownership unknown,Not applicable (i.e. only one owner),1991-1995,Agriculture,0.34,Derelict,S12000021,036cc377-1ff3-4fba-afc3-dea25306b49b,2025-11-30,3029
pub_vdl.1928,North Ayrshire,,391,DUNLOP ROAD BARRMILL,S01011356,Developable - Medium Term,236745,651403,Ownership unknown,Not applicable (i.e. only one owner),1991-1995,Passive Open Space,0.65,Derelict,S12000021,036cc377-1ff3-4fba-afc3-dea25306b49b,2025-11-30,3063
pub_vdl.1929,North Ayrshire,,393,NETTLEHIRST QUARRY BARRMILL,S01011356,Uneconomic to Develop/Soft End Use,236513,650591,Ownership unknown,Not applicable (i.e. only one owner),1991-1995,Mineral Activity,2.53,Derelict,S12000021,036cc377-1ff3-4fba-afc3-dea25306b49b,2025-11-30,3036
pub_vdl.2133,North Lanarkshire,FORMER COAL YARD,NL008491630,MAIN STREET LONGRIGGEND,S01011682,Developable - Undetermined,282130,670008,Other Private,Not applicable (i.e. only one owner),2014,Storage,0.33,Derelict,S12000050,e75f31cd-4d1d-49e4-a5a3-c3d4c9ef1d5d,2025-11-30,1407
pub_vdl.1930,North Ayrshire,,409,THE REFINERY ARDROSSAN,S01011246,Developable - Medium Term,222868,642666,Ownership unknown,Not applicable (i.e. only one owner),1986-1990,Storage,13.93,Derelict,S12000021,036cc377-1ff3-4fba-afc3-dea25306b49b,2025-11-30,3150
pub_vdl.1931,North Ayrshire,SHOOTING CLUB,422,PORTLAND ROAD IRVINE,S01011232,Developable - Short Term,231306,637832,Ownership unknown,Not applicable (i.e. only one owner),1991-1995,Unknown,1.44,Derelict,S12000021,036cc377-1ff3-4fba-afc3-dea25306b49b,2025-11-30,3084
pub_vdl.1932,North Ayrshire,,436,EDISON PLACE KILWINNING,S01011292,Developable - Medium Term,230381,642113,Other Private,Not applicable (i.e. only one owner),1991-1995,Unknown,1.7,Vacant Land,S12000021,036cc377-1ff3-4fba-afc3-dea25306b49b,2025-11-30,3095
pub_vdl.1933,North Ayrshire,,442,INDUSTRIAL ESTATE STEVENSTON,S01011233,Developable - Undetermined,227560,641360,Ownership unknown,Not applicable (i.e. only one owner),1991-1995,Unknown,1.56,Derelict,S12000021,036cc377-1ff3-4fba-afc3-dea25306b49b,2025-11-30,3073
pub_vdl.1934,North Ayrshire,,449,BLAIR ROAD DALRY,S01011299,Developable - Medium Term,229963,649283,Ownership unknown,Not applicable (i.e. only one owner),1991-1995,Other General Industry,1.66,Vacant Land and Buildings,S12000021,036cc377-1ff3-4fba-afc3-dea25306b49b,2025-11-30,3076
pub_vdl.1935,North Ayrshire,UNIT 74,455,EAST ROAD IRVINE,S01011225,Developable - Short Term,232281,639197,Local Authority,Not applicable (i.e. only one owner),1991-1995,Manufacturing,0.31,Vacant Land and Buildings,S12000021,036cc377-1ff3-4fba-afc3-dea25306b49b,2025-11-30,3027
pub_vdl.1936,North Ayrshire,AYRSHIRE CENTRAL HOSPITAL,463,CASTLEPARK IRVINE,S01011214,Developable - Short Term,232053,640857,Health Boards,Urban Regeneration Company,1980 or earlier,Agriculture,5.88,Vacant Land,S12000021,036cc377-1ff3-4fba-afc3-dea25306b49b,2025-11-30,3041
pub_vdl.1960,North Ayrshire,,584,LOCHSHORE EAST GLENGARNOCK,S01011347,Developable - Short Term,232609,653208,Ownership unknown,Ownership unknown,1980 or earlier,Manufacturing,0.98,Derelict,S12000021,036cc377-1ff3-4fba-afc3-dea25306b49b,2025-11-30,3047
pub_vdl.1937,North Ayrshire,TODHILLS,475,NR. GLENGARNOCK GLENGARNOCK,S01011299,Uneconomic to Develop/Soft End Use,231047,651504,Ownership unknown,Ownership unknown,1980 or earlier,Mineral Activity,1.47,Derelict,S12000021,036cc377-1ff3-4fba-afc3-dea25306b49b,2025-11-30,3098
pub_vdl.1938,North Ayrshire,PITCON BRICKWORKS,479,OFF B780 DALRY,S01011334,Uneconomic to Develop/Soft End Use,229630,651159,Ownership unknown,Ownership unknown,1991-1995,Manufacturing,2.29,Derelict,S12000021,036cc377-1ff3-4fba-afc3-dea25306b49b,2025-11-30,3030
pub_vdl.1939,North Ayrshire,,48,INCHES ROAD ARDROSSAN,S01011243,Developable - Short Term,222761,641778,Other Private,Not applicable (i.e. only one owner),1981-1985,Unknown,2.07,Derelict,S12000021,036cc377-1ff3-4fba-afc3-dea25306b49b,2025-11-30,3007
pub_vdl.1940,North Ayrshire,,489,BOWFIELD ROAD WEST KILBRIDE,S01011307,Developable - Medium Term,220529,647295,Other Private,Not applicable (i.e. only one owner),1980 or earlier,Agriculture,0.28,Vacant Land,S12000021,036cc377-1ff3-4fba-afc3-dea25306b49b,2025-11-30,3033
pub_vdl.2151,South Ayrshire,,BH097,3 MIDTON ROAD PRESTWICK,S01012521,Developable - Undetermined,235066,626054,Unknown Private,Not applicable (i.e. only one owner),2001-2004,Other General Industry,0.14,Derelict,S12000028,ec28bd2c-09cd-423c-b6c4-4cc8d18010a4,2025-11-30,2746
pub_vdl.1941,North Ayrshire,SITE OFF KYLE ROAD,51,KYLE ROAD IRVINE,S01011178,Developable - Short Term,231772,637197,Local Authority,Not applicable (i.e. only one owner),1981-1985,Unknown,0.5,Vacant Land,S12000021,036cc377-1ff3-4fba-afc3-dea25306b49b,2025-11-30,3019
pub_vdl.1942,North Ayrshire,BROWNHILL JUNCTION,513,GLENGARNOCK,S01011299,Uneconomic to Develop/Soft End Use,231113,651694,Ownership unknown,Ownership unknown,1980 or earlier,Transport,2.23,Derelict,S12000021,036cc377-1ff3-4fba-afc3-dea25306b49b,2025-11-30,3031
pub_vdl.1943,North Ayrshire,,516,DALRY ROAD ARDROSSAN,S01011245,Uneconomic to Develop/Soft End Use,223276,643230,Ownership unknown,Ownership unknown,Unknown,Unknown,0.13,Vacant Land and Buildings,S12000021,036cc377-1ff3-4fba-afc3-dea25306b49b,2025-11-30,3088
pub_vdl.1944,North Ayrshire,,52,WEST BYREHILL KILWINNING,S01011288,Developable - Short Term,228531,642683,Other Private,Not applicable (i.e. only one owner),1981-1985,Unknown,1.27,Vacant Land,S12000021,036cc377-1ff3-4fba-afc3-dea25306b49b,2025-11-30,3022
pub_vdl.1945,North Ayrshire,,526,NORTH NEWMOOR IRVINE,S01011199,Developable - Short Term,233571,639530,Other Private,Not applicable (i.e. only one owner),1986-1990,Unknown,4.23,Vacant Land,S12000021,036cc377-1ff3-4fba-afc3-dea25306b49b,2025-11-30,3103
pub_vdl.1946,North Ayrshire,FORMER BURGH YARD,528,DALRY ROAD SALTCOATS,S01011261,Developable - Medium Term,225223,642447,Local Authority,Not applicable (i.e. only one owner),1986-1990,Storage,0.41,Vacant Land,S12000021,036cc377-1ff3-4fba-afc3-dea25306b49b,2025-11-30,3099
pub_vdl.1947,North Ayrshire,,53,NETHERMAINS KILWINNING,S01011292,Developable - Short Term,230532,642083,Other Private,Not applicable (i.e. only one owner),1981-1985,Unknown,2.07,Vacant Land,S12000021,036cc377-1ff3-4fba-afc3-dea25306b49b,2025-11-30,3096
pub_vdl.1948,North Ayrshire,,531,FIVE ROADS KILWINNING,S01011289,Developable - Short Term,231313,643392,Other Private,Not applicable (i.e. only one owner),1991-1995,"Residential - Hotels, Hostels etc",0.38,Vacant Land and Buildings,S12000021,036cc377-1ff3-4fba-afc3-dea25306b49b,2025-11-30,3025
pub_vdl.2027,North Ayrshire,HILLCREST COACHWORKS,823,DRUMMILLING ROAD WEST KILBRIDE,S01011314,Developable - Medium Term,220673,648670,Unknown Private,Not applicable (i.e. only one owner),1991-1995,Transport,0.13,Vacant Land and Buildings,S12000021,036cc377-1ff3-4fba-afc3-dea25306b49b,2025-11-30,3156
pub_vdl.1949,North Ayrshire,ANNICKBANK,539,ANNICK ROAD IRVINE,S01011184,Developable - Short Term,233216,638232,Local Authority,Not applicable (i.e. only one owner),1980 or earlier,Agriculture,1.31,Vacant Land,S12000021,036cc377-1ff3-4fba-afc3-dea25306b49b,2025-11-30,3039
pub_vdl.1950,North Ayrshire,,546,MITCHELL STREET BEITH,S01011355,Developable - Medium Term,234990,654080,Other Private,Other Private,1996-2000,Residential - Housing,0.1,Vacant Land,S12000021,036cc377-1ff3-4fba-afc3-dea25306b49b,2025-11-30,3105
pub_vdl.1951,North Ayrshire,,58,ST WINNINGS ROAD KILWINNING,S01011294,Developable - Short Term,229751,643321,Ownership unknown,Not applicable (i.e. only one owner),1981-1985,Unknown,0.42,Vacant Land,S12000021,036cc377-1ff3-4fba-afc3-dea25306b49b,2025-11-30,3023
pub_vdl.1952,North Ayrshire,,800,QUARRY ROAD IRVINE,S01011225,Developable - Short Term,232205,639265,Local Authority,Other Private,2010,Other General Industry,0.54,Vacant Land and Buildings,S12000021,036cc377-1ff3-4fba-afc3-dea25306b49b,2025-11-30,3144
pub_vdl.1959,North Ayrshire,ADJACENT TO SCHOOL SITE,583,LOCHSHORE SOUTH GLENGARNOCK,S01011347,Developable - Short Term,231928,653042,Ownership unknown,Ownership unknown,Unknown,Unknown,0.92,Vacant Land,S12000021,036cc377-1ff3-4fba-afc3-dea25306b49b,2025-11-30,3045
pub_vdl.1961,North Ayrshire,,585,CALEDONIA ROAD GLENGARNOCK,S01011334,Developable - Short Term,232384,653735,Ownership unknown,Ownership unknown,1980 or earlier,Manufacturing,2.52,Derelict,S12000021,036cc377-1ff3-4fba-afc3-dea25306b49b,2025-11-30,3048
pub_vdl.1962,North Ayrshire,DEMOLISHED HOUSING,587,STATION DRIVE SPRINGSIDE,S01011180,Developable - Short Term,237072,639199,Local Authority,Not applicable (i.e. only one owner),1991-1995,Residential - Housing,0.99,Vacant Land,S12000021,036cc377-1ff3-4fba-afc3-dea25306b49b,2025-11-30,3049
pub_vdl.1953,North Ayrshire,NOBEL BUSINESS PARK,549,NOBEL BUSINESS PARK STEVENSTON,S01011233,Developable - Undetermined,228047,640454,Ownership unknown,Ownership unknown,1996-2000,Defence,18.7,Derelict,S12000021,036cc377-1ff3-4fba-afc3-dea25306b49b,2025-11-30,3038
pub_vdl.1954,North Ayrshire,FORMER ST PETERS SCHOOL,552,SOUTH CRESCENT ROAD ARDROSSAN,S01011242,Developable - Undetermined,223921,642051,Local Authority,Not applicable (i.e. only one owner),1996-2000,Education,0.57,Vacant Land and Buildings,S12000021,036cc377-1ff3-4fba-afc3-dea25306b49b,2025-11-30,3037
pub_vdl.1955,North Ayrshire,,567,LONGFORD AVENUE KILWINNING,S01011292,Uneconomic to Develop/Soft End Use,230392,642344,Ownership unknown,Ownership unknown,1996-2000,Other,1.67,Vacant Land,S12000021,036cc377-1ff3-4fba-afc3-dea25306b49b,2025-11-30,3094
pub_vdl.1956,North Ayrshire,,576,NORTH CRESCENT ROAD & WINTON PLACE ARDROSSAN,S01011246,Developable - Undetermined,223120,642900,Ownership unknown,Not applicable (i.e. only one owner),1996-2000,Unknown,0.2,Vacant Land,S12000021,036cc377-1ff3-4fba-afc3-dea25306b49b,2025-11-30,3043
pub_vdl.1957,North Ayrshire,WELSH MARGETSON FACTORY,577,LONGFORD AVENUE KILWINNING,S01011292,Developable - Short Term,230270,642411,Other Private,Not applicable (i.e. only one owner),1996-2000,Manufacturing,0.53,Vacant Land and Buildings,S12000021,036cc377-1ff3-4fba-afc3-dea25306b49b,2025-11-30,3044
pub_vdl.1958,North Ayrshire,AYRSHIRE CENTRAL HOSPITAL,801,IRVINE,S01011213,Developable - Short Term,231809,641346,Health Boards,Not applicable (i.e. only one owner),2010,Community & Health,0.4,Derelict,S12000021,036cc377-1ff3-4fba-afc3-dea25306b49b,2025-11-30,3145
pub_vdl.1963,North Ayrshire,,592,WATERS EDGE FAIRLIE,S01011310,Developable - Short Term,220919,655889,Defence,Not applicable (i.e. only one owner),2001-2004,Defence,1.43,Derelict,S12000021,036cc377-1ff3-4fba-afc3-dea25306b49b,2025-11-30,3175
pub_vdl.1964,North Ayrshire,BP5 STEADMAN PLACE,618,RIVERSIDE IRVINE,S01011181,Developable - Short Term,234273,637569,Other Private,Not applicable (i.e. only one owner),2001-2004,Other,7.64,Vacant Land,S12000021,036cc377-1ff3-4fba-afc3-dea25306b49b,2025-11-30,3101
pub_vdl.1982,North Ayrshire,,667,HEAD STREET BEITH,S01011355,Developable - Short Term,235128,653995,Local Authority,Not applicable (i.e. only one owner),2005,Residential - Housing,0.13,Vacant Land,S12000021,036cc377-1ff3-4fba-afc3-dea25306b49b,2025-11-30,3070
pub_vdl.1965,North Ayrshire,LAND BUILDINGS,593,REDBURN IRVINE,S01011213,Developable - Short Term,231950,641419,Other Private,Other Private,2001-2004,Manufacturing,22.48,Vacant Land and Buildings,S12000021,036cc377-1ff3-4fba-afc3-dea25306b49b,2025-11-30,3066
pub_vdl.2028,North Ayrshire,68 AND SITE TO SOUTH,825,GREENOCK ROAD LARGS,S01011332,Developable - Medium Term,220160,660238,Unknown Private,Not applicable (i.e. only one owner),2001-2004,Residential - Housing,0.22,Vacant Land,S12000021,036cc377-1ff3-4fba-afc3-dea25306b49b,2025-11-30,3158
pub_vdl.1966,North Ayrshire,WHITEHOUSE,601,LAMLASH,S01011175,Developable - Short Term,202474,630836,Other Private,Not applicable (i.e. only one owner),2001-2004,"Residential - Hotels, Hostels etc",4.64,Derelict,S12000021,036cc377-1ff3-4fba-afc3-dea25306b49b,2025-11-30,3056
pub_vdl.1967,North Ayrshire,GREENWOOD INTERCHANGE,610,RIVERSIDE IRVINE,S01011184,Developable - Short Term,233862,637774,Local Authority,Scottish Enterprise,2001-2004,Forestry/Woodland,4.99,Derelict,S12000021,036cc377-1ff3-4fba-afc3-dea25306b49b,2025-11-30,3057
pub_vdl.1968,North Ayrshire,RIVERSIDE WAY,611,RIVERSIDE IRVINE,S01011184,Developable - Medium Term,233747,637638,Scottish Enterprise,Not applicable (i.e. only one owner),1996-2000,Agriculture,2.51,Derelict,S12000021,036cc377-1ff3-4fba-afc3-dea25306b49b,2025-11-30,3052
pub_vdl.1969,North Ayrshire,BP6 SINGLE USER SITE,619,RIVERSIDE IRVINE,S01011181,Developable - Short Term,234858,637297,Scottish Enterprise,Not applicable (i.e. only one owner),1996-2000,Manufacturing,78.51,Derelict,S12000021,036cc377-1ff3-4fba-afc3-dea25306b49b,2025-11-30,3051
pub_vdl.1970,North Ayrshire,SOCIAL AND RETAIL SITE,657,MONTGOMERIE PARK IRVINE,S01011182,Developable - Short Term,233460,640633,Health Boards,Not applicable (i.e. only one owner),2005,Agriculture,3.78,Vacant Land,S12000021,036cc377-1ff3-4fba-afc3-dea25306b49b,2025-11-30,3068
pub_vdl.1983,North Ayrshire,,671,LONGFORD AVENUE KILWINNING,S01011292,Developable - Short Term,230254,642340,Other Private,Not applicable (i.e. only one owner),2005,Manufacturing,0.43,Derelict,S12000021,036cc377-1ff3-4fba-afc3-dea25306b49b,2025-11-30,3093
pub_vdl.1984,North Ayrshire,,676,RIVERSIDE PLACE KILBIRNIE,S01011342,Developable - Short Term,231757,654188,Other Private,Not applicable (i.e. only one owner),2006,Manufacturing,0.12,Vacant Land and Buildings,S12000021,036cc377-1ff3-4fba-afc3-dea25306b49b,2025-11-30,3107
pub_vdl.1971,North Ayrshire,BP11 CENTENARY ROAD,614,RIVERSIDE IRVINE,S01011184,Developable - Short Term,233671,637417,Scottish Enterprise,Other Private,2001-2004,Agriculture,8.3,Vacant Land and Buildings,S12000021,036cc377-1ff3-4fba-afc3-dea25306b49b,2025-11-30,3064
pub_vdl.1972,North Ayrshire,BP10 DRUMMOND CRESCENT,615,RIVERSIDE IRVINE,S01011183,Developable - Short Term,233521,637123,Scottish Enterprise,Other Private,2001-2004,Other,3.56,Vacant Land and Buildings,S12000021,036cc377-1ff3-4fba-afc3-dea25306b49b,2025-11-30,3050
pub_vdl.1973,North Ayrshire,BP9 BREWSTER PLACE,617,RIVERSIDE IRVINE,S01011183,Developable - Short Term,233870,637059,Scottish Enterprise,Not applicable (i.e. only one owner),2001-2004,Other,0.78,Derelict,S12000021,036cc377-1ff3-4fba-afc3-dea25306b49b,2025-11-30,3100
pub_vdl.1974,North Ayrshire,,640,MUIREND STREET KILBIRNIE,S01011342,Developable - Short Term,231702,654858,Other Private,Not applicable (i.e. only one owner),2001-2004,Manufacturing,1.97,Derelict,S12000021,036cc377-1ff3-4fba-afc3-dea25306b49b,2025-11-30,3060
pub_vdl.1975,North Ayrshire,AYRSHIRE METAL PRODUCTS,626,CHURCH STREET IRVINE,S01011232,Developable - Medium Term,231361,638847,Other Private,Not applicable (i.e. only one owner),2001-2004,Manufacturing,7.66,Derelict,S12000021,036cc377-1ff3-4fba-afc3-dea25306b49b,2025-11-30,3059
pub_vdl.1976,North Ayrshire,,628,THE DEN DALRY,S01011299,Developable - Short Term,232581,651251,Other Private,Not applicable (i.e. only one owner),2001-2004,Retailing,0.19,Derelict,S12000021,036cc377-1ff3-4fba-afc3-dea25306b49b,2025-11-30,3102
pub_vdl.1977,North Ayrshire,JOHNSTONE CASTINGS,631,BRAEHEAD DALRY,S01011303,Unknown (uncertain/insufficient information),229053,650308,Other Private,Not applicable (i.e. only one owner),2001-2004,Manufacturing,0.63,Vacant Land and Buildings,S12000021,036cc377-1ff3-4fba-afc3-dea25306b49b,2025-11-30,3062
pub_vdl.1978,North Ayrshire,,633,WESTFIELD KILBIRNIE,S01011342,Developable - Short Term,231917,654105,Other Private,Not applicable (i.e. only one owner),2001-2004,Manufacturing,0.93,Derelict,S12000021,036cc377-1ff3-4fba-afc3-dea25306b49b,2025-11-30,3061
pub_vdl.1979,North Ayrshire,,636,CALEDONIAN ROAD GLENGARNOCK,S01011347,Developable - Short Term,232404,653153,Other Private,Not applicable (i.e. only one owner),2001-2004,Manufacturing,0.55,Derelict,S12000021,036cc377-1ff3-4fba-afc3-dea25306b49b,2025-11-30,3106
pub_vdl.1980,North Ayrshire,SHOOTING RANGE,644,PORTLAND ROAD IRVINE,S01011232,Developable - Short Term,231370,637838,Other Private,Not applicable (i.e. only one owner),1996-2000,Recreation & Leisure,0.41,Derelict,S12000021,036cc377-1ff3-4fba-afc3-dea25306b49b,2025-11-30,3067
pub_vdl.1981,North Ayrshire,,663,BALGRAY ROAD KILBIRNIE,S01011347,Developable - Undetermined,231735,653045,Other Private,Not applicable (i.e. only one owner),2005,"Residential - Hotels, Hostels etc",0.16,Vacant Land and Buildings,S12000021,036cc377-1ff3-4fba-afc3-dea25306b49b,2025-11-30,3071
pub_vdl.1986,North Ayrshire,,684,APL STEVENSTON,S01011233,Developable - Short Term,227789,641155,Other Private,Not applicable (i.e. only one owner),2006,Other General Industry,1.63,Vacant Land and Buildings,S12000021,036cc377-1ff3-4fba-afc3-dea25306b49b,2025-11-30,3109
pub_vdl.1987,North Ayrshire,,686,BYREHILL PLACE KILWINNING,S01011288,Developable - Short Term,228397,642745,Other Private,Not applicable (i.e. only one owner),2006,Wholesale Distribution,1.73,Vacant Land and Buildings,S12000021,036cc377-1ff3-4fba-afc3-dea25306b49b,2025-11-30,3110
pub_vdl.1988,North Ayrshire,,687,BYREHILL PLACE KILWINNING,S01011288,Developable - Short Term,228485,642584,Other Private,Not applicable (i.e. only one owner),2006,Manufacturing,1.89,Vacant Land and Buildings,S12000021,036cc377-1ff3-4fba-afc3-dea25306b49b,2025-11-30,3111
pub_vdl.1996,North Ayrshire,,711,BURNS AVENUE SALTCOATS,S01011263,Developable - Short Term,224945,643159,Other Private,Housing Association,2007,Agriculture,0.29,Vacant Land,S12000021,036cc377-1ff3-4fba-afc3-dea25306b49b,2025-11-30,3120
pub_vdl.1989,North Ayrshire,,688,BYREHILL AVENUE KILWINNING,S01011288,Developable - Short Term,228925,642616,Other Private,Not applicable (i.e. only one owner),2006,Manufacturing,0.36,Vacant Land and Buildings,S12000021,036cc377-1ff3-4fba-afc3-dea25306b49b,2025-11-30,3112
pub_vdl.1990,North Ayrshire,,689,BYREHILL AVENUE KILWINNING,S01011288,Developable - Short Term,228923,642483,Other Private,Not applicable (i.e. only one owner),2006,Other,1.76,Vacant Land and Buildings,S12000021,036cc377-1ff3-4fba-afc3-dea25306b49b,2025-11-30,3131
pub_vdl.2025,North Ayrshire,FORMER GRANGE HOTEL & 2-6 DOCKHEAD STREET & 7-9 QU,820,HILL STREET SALTCOATS,S01011241,Developable - Medium Term,224783,641130,Unknown Private,Not applicable (i.e. only one owner),2008,"Residential - Hotels, Hostels etc",0.18,Vacant Land and Buildings,S12000021,036cc377-1ff3-4fba-afc3-dea25306b49b,2025-11-30,3157
pub_vdl.1991,North Ayrshire,,690,KELVIN PLACE KILWINNING,S01011292,Developable - Short Term,230755,642063,Other Private,Not applicable (i.e. only one owner),2006,Manufacturing,1.8,Vacant Land and Buildings,S12000021,036cc377-1ff3-4fba-afc3-dea25306b49b,2025-11-30,3113
pub_vdl.1992,North Ayrshire,,692,KELVIN PLACE KILWINNING,S01011292,Developable - Short Term,230923,642046,Other Private,Not applicable (i.e. only one owner),2006,Manufacturing,1.65,Vacant Land and Buildings,S12000021,036cc377-1ff3-4fba-afc3-dea25306b49b,2025-11-30,3114
pub_vdl.1993,North Ayrshire,,693,KELVIN PLACE KILWINNING,S01011292,Developable - Short Term,230812,642211,Other Private,Not applicable (i.e. only one owner),2006,Manufacturing,1.94,Vacant Land and Buildings,S12000021,036cc377-1ff3-4fba-afc3-dea25306b49b,2025-11-30,3130
pub_vdl.1994,North Ayrshire,,694,EDISON PLACE KILWINNING,S01011292,Developable - Short Term,230447,642218,Other Private,Not applicable (i.e. only one owner),2006,Manufacturing,1.51,Vacant Land and Buildings,S12000021,036cc377-1ff3-4fba-afc3-dea25306b49b,2025-11-30,3115
pub_vdl.1995,North Ayrshire,,696,CALEDONIA PLACE GLENGARNOCK,S01011347,Developable - Short Term,232067,653033,Other Private,Not applicable (i.e. only one owner),2006,Other General Industry,0.28,Vacant Land,S12000021,036cc377-1ff3-4fba-afc3-dea25306b49b,2025-11-30,3117
pub_vdl.1997,North Ayrshire,,726,NORTH NEWMOOR IRVINE,S01011199,Developable - Short Term,233674,639235,Other Private,Not applicable (i.e. only one owner),2007,Other General Industry,2.55,Vacant Land and Buildings,S12000021,036cc377-1ff3-4fba-afc3-dea25306b49b,2025-11-30,3121
pub_vdl.1999,North Ayrshire,,747,GOLF COURSE ROAD SKELMORLIE,S01011336,Developable - Short Term,219872,667695,Other Private,Not applicable (i.e. only one owner),2007,Other,0.8,Vacant Land,S12000021,036cc377-1ff3-4fba-afc3-dea25306b49b,2025-11-30,3123
pub_vdl.2000,North Ayrshire,,75,LUNDHOLM ROAD STEVENSTON,S01011233,Developable - Short Term,227643,640529,Ownership unknown,Not applicable (i.e. only one owner),1981-1985,Unknown,2.17,Derelict,S12000021,036cc377-1ff3-4fba-afc3-dea25306b49b,2025-11-30,3074
pub_vdl.2001,North Ayrshire,BOWERTRAPPING,805,BOWERTRAPPING FARM DALRY,S01011299,Developable - Medium Term,232594,649520,Other Private,Not applicable (i.e. only one owner),1980 or earlier,Mineral Activity,1.39,Derelict,S12000021,036cc377-1ff3-4fba-afc3-dea25306b49b,2025-11-30,3148
pub_vdl.2039,North Ayrshire,NURSERY DRIVE,854,KILWINNING,S01011283,Developable - Medium Term,229569,644206,Other Private,Not applicable (i.e. only one owner),2007,Passive Open Space,0.86,Derelict,S12000021,036cc377-1ff3-4fba-afc3-dea25306b49b,2025-11-30,3169
pub_vdl.2002,North Ayrshire,,751,STEVENSTON INDUSTRIAL ESTATE STEVENSTON,S01011233,Developable - Short Term,227914,640895,Other Private,Not applicable (i.e. only one owner),2005,Manufacturing,5.06,Derelict,S12000021,036cc377-1ff3-4fba-afc3-dea25306b49b,2025-11-30,3124
pub_vdl.2026,North Ayrshire,15 ARDROSSAN ROAD,821,SEAMILL WEST KILBRIDE,S01011312,Developable - Medium Term,220090,647453,Unknown Private,Not applicable (i.e. only one owner),2013,"Residential - Hotels, Hostels etc",0.13,Vacant Land,S12000021,036cc377-1ff3-4fba-afc3-dea25306b49b,2025-11-30,3159
pub_vdl.3034,West Dunbartonshire,COCHNO WATERWORKS,8360312,COCHNO ROAD FAIFLEY,S01013158,Developable - Short Term,249480,673823,Other Private,Not applicable (i.e. only one owner),2017,Community & Health,0.59,Derelict,S12000039,af18f63e-8691-432f-a124-f0971d344397,2024-01-31,21
pub_vdl.2003,North Ayrshire,NOBEL ENTERPRISES 1,753,ARDEER STEVENSTON,S01011233,Developable - Medium Term,228725,640143,Other Private,Not applicable (i.e. only one owner),2005,Manufacturing,32.81,Derelict,S12000021,036cc377-1ff3-4fba-afc3-dea25306b49b,2025-11-30,3126
pub_vdl.2004,North Ayrshire,NOBEL ENTERPRISES 2,754,ARDEER STEVENSTON,S01011233,Developable - Medium Term,229351,639491,Other Private,Not applicable (i.e. only one owner),2005,Manufacturing,11.18,Derelict,S12000021,036cc377-1ff3-4fba-afc3-dea25306b49b,2025-11-30,3127
pub_vdl.2005,North Ayrshire,FORMER MACLAREN HOTEL,836,MAIN STREET BRODICK,S01011177,Developable - Short Term,201918,635903,Unknown Private,Not applicable (i.e. only one owner),2015,Recreation & Leisure,0.44,Vacant Land and Buildings,S12000021,036cc377-1ff3-4fba-afc3-dea25306b49b,2025-11-30,3053
pub_vdl.2006,North Ayrshire,OLD COUNCIL BUILDING,838,22 MONTGOMERIE CRESCENT SALTCOATS,S01011241,Developable - Short Term,224081,641838,Local Authority,Not applicable (i.e. only one owner),2015,Offices,0.12,Vacant Land and Buildings,S12000021,036cc377-1ff3-4fba-afc3-dea25306b49b,2025-11-30,3055
pub_vdl.2024,North Ayrshire,,819,LUMSDEN PLACE STEVENSTON,S01011274,Developable - Medium Term,227297,642527,Unknown Private,Not applicable (i.e. only one owner),2007,Residential - Housing,0.18,Vacant Land,S12000021,036cc377-1ff3-4fba-afc3-dea25306b49b,2025-11-30,3154
pub_vdl.2007,North Ayrshire,NOBEL ENTERPRISES 3,755,ARDEER STEVENSTON,S01011233,Developable - Medium Term,227917,640084,Other Private,Not applicable (i.e. only one owner),2005,Manufacturing,12.53,Derelict,S12000021,036cc377-1ff3-4fba-afc3-dea25306b49b,2025-11-30,3125
pub_vdl.2008,North Ayrshire,NPL,756,ARDEER STEVENSTON,S01011233,Developable - Medium Term,229054,640372,Other Private,Not applicable (i.e. only one owner),2005,Manufacturing,331.5,Derelict,S12000021,036cc377-1ff3-4fba-afc3-dea25306b49b,2025-11-30,3128
pub_vdl.2009,North Ayrshire,FORMER PUBLIC HOUSE,762,TOWNHEAD STREET STEVENSTON,S01011271,Developable - Medium Term,226801,642111,Other Private,Unknown Private,2008,Retailing,0.1,Vacant Land,S12000021,036cc377-1ff3-4fba-afc3-dea25306b49b,2025-11-30,3178
pub_vdl.2010,North Ayrshire,FORMER SCOUT HALL,763,BOGLEMART STREET STEVENSTON,S01011268,Developable - Medium Term,226406,641847,Unknown Private,Not applicable (i.e. only one owner),Unknown,Other,0.22,Derelict,S12000021,036cc377-1ff3-4fba-afc3-dea25306b49b,2025-11-30,3132
pub_vdl.2011,North Ayrshire,FORMER SUPERMARKET,765,TOWNHEAD KILBIRNIE,S01011341,Developable - Short Term,231563,654822,Other National/Local Government,Not applicable (i.e. only one owner),2008,Retailing,0.41,Derelict,S12000021,036cc377-1ff3-4fba-afc3-dea25306b49b,2025-11-30,3133
pub_vdl.2012,North Ayrshire,HAY AND ANDERSON,770,MCGAVIN WAY KILWINNING,S01011281,Developable - Short Term,229679,643572,Unknown Private,Not applicable (i.e. only one owner),2008,Manufacturing,0.52,Derelict,S12000021,036cc377-1ff3-4fba-afc3-dea25306b49b,2025-11-30,3138
pub_vdl.2013,North Ayrshire,,757,BOGSIDE IRVINE,S01011233,Developable - Undetermined,230148,640531,Other Private,Not applicable (i.e. only one owner),2005,Manufacturing,58.52,Derelict,S12000021,036cc377-1ff3-4fba-afc3-dea25306b49b,2025-11-30,3129
pub_vdl.2014,North Ayrshire,NACCO,771,PORTLAND ROAD IRVINE,S01011178,Developable - Short Term,231470,637574,Unknown Private,Not applicable (i.e. only one owner),2008,Manufacturing,13.68,Derelict,S12000021,036cc377-1ff3-4fba-afc3-dea25306b49b,2025-11-30,3137
pub_vdl.2015,North Ayrshire,RYESIDE WORKS,773,BRAEHEAD DALRY,S01011303,Developable - Short Term,229024,650250,Unknown Private,Not applicable (i.e. only one owner),Unknown,Manufacturing,0.74,Vacant Land and Buildings,S12000021,036cc377-1ff3-4fba-afc3-dea25306b49b,2025-11-30,3135
pub_vdl.2016,North Ayrshire,SITE OF FORMER MATERNITY UNIT,778,KILWINNING ROAD IRVINE,S01011213,Developable - Short Term,231816,640846,Health Boards,Not applicable (i.e. only one owner),2010,Community & Health,2.9,Vacant Land,S12000021,036cc377-1ff3-4fba-afc3-dea25306b49b,2025-11-30,3139
pub_vdl.2017,North Ayrshire,GAILES FARM STEADING,780,GAILES ROAD IRVINE,S01011178,Developable - Short Term,232202,636004,Unknown Private,Not applicable (i.e. only one owner),2010,Agriculture,1.81,Derelict,S12000021,036cc377-1ff3-4fba-afc3-dea25306b49b,2025-11-30,3140
pub_vdl.2018,North Ayrshire,FORMER STANLEY NURSERIES,793,STANLEY AVENUE ARDROSSAN,S01011247,Developable - Short Term,222987,643516,Other Private,Other Private,2009,Agriculture,1.56,Derelict,S12000021,036cc377-1ff3-4fba-afc3-dea25306b49b,2025-11-30,3142
pub_vdl.2019,North Ayrshire,,794,PAVILION PLACE ARDROSSAN,S01011242,Developable - Short Term,223242,642187,Other Private,Not applicable (i.e. only one owner),2009,Other General Industry,0.85,Vacant Land,S12000021,036cc377-1ff3-4fba-afc3-dea25306b49b,2025-11-30,3143
pub_vdl.2020,North Ayrshire,DOCKRA QUARRY,807,DOCKRA QUARRY BEITH,S01011356,Developable - Medium Term,236403,652525,Other Private,Not applicable (i.e. only one owner),1980 or earlier,Mineral Activity,2.21,Derelict,S12000021,036cc377-1ff3-4fba-afc3-dea25306b49b,2025-11-30,3147
pub_vdl.2021,North Ayrshire,,813,KERELAW STEVENSTON,S01011307,Developable - Short Term,226762,642866,Local Authority,Not applicable (i.e. only one owner),2006,Community & Health,10,Derelict,S12000021,036cc377-1ff3-4fba-afc3-dea25306b49b,2025-11-30,3149
pub_vdl.2022,North Ayrshire,,817,STANLANE PLACE & BATH STREET 145 MAIN STREET & 1 GALLOWGATE STREET LARGS,S01011326,Developable - Short Term,220308,659329,Unknown Private,Unknown Private,1996-2000,Retailing,0.12,Vacant Land,S12000021,036cc377-1ff3-4fba-afc3-dea25306b49b,2025-11-30,3176
pub_vdl.2023,North Ayrshire,SITE OF FORMER ARDCHOILLE HOTEL,818,ARDCHOILLE LANE STEVENSTON,S01011276,Developable - Medium Term,227364,642734,Unknown Private,Not applicable (i.e. only one owner),1981-1985,"Residential - Hotels, Hostels etc",0.77,Vacant Land,S12000021,036cc377-1ff3-4fba-afc3-dea25306b49b,2025-11-30,3155
pub_vdl.2029,North Ayrshire,17 ARKWRIGHT WAY,829,IRVINE,S01011199,Developable - Medium Term,233744,638844,Other Private,Not applicable (i.e. only one owner),2012,Business Class,2.22,Vacant Land and Buildings,S12000021,036cc377-1ff3-4fba-afc3-dea25306b49b,2025-11-30,3152
pub_vdl.2030,North Ayrshire,SCOTTISH AND UNIVERSAL NEWSPAPERS,831,34 MACKINTOSH PLACE SOUTH NEWMOOR IRVINE,S01011184,Developable - Medium Term,233826,638022,Unknown Private,Not applicable (i.e. only one owner),Unknown,Business Class,0.39,Vacant Land and Buildings,S12000021,036cc377-1ff3-4fba-afc3-dea25306b49b,2025-11-30,3153
pub_vdl.2031,North Ayrshire,MILLPORT CONSERVATION AREA,834,MILLPORT ISLE OF CUMBRAE,S01011327,Developable - Medium Term,216494,654952,Unknown Private,Not applicable (i.e. only one owner),1996-2000,Residential - Housing,0.12,Vacant Land and Buildings,S12000021,036cc377-1ff3-4fba-afc3-dea25306b49b,2025-11-30,3177
pub_vdl.2032,North Ayrshire,STONEYHOLM MILL,842,GARNOCK STREET KILBIRNIE,S01011342,Developable - Medium Term,231654,654525,Unknown Private,Not applicable (i.e. only one owner),2010,Manufacturing,0.36,Derelict,S12000021,036cc377-1ff3-4fba-afc3-dea25306b49b,2025-11-30,3162
pub_vdl.2033,North Ayrshire,FORMER FACTORY,846,JAMES STREET DALRY,S01011303,Developable - Medium Term,228887,649537,Unknown Private,Not applicable (i.e. only one owner),2016,Manufacturing,0.18,Derelict,S12000021,036cc377-1ff3-4fba-afc3-dea25306b49b,2025-11-30,3163
pub_vdl.2034,North Ayrshire,FORMER GLENGARNOCK PRIMARY SCHOOL,847,GRAHAMSTON AVENUE GLENGARNOCK BEITH,S01011347,Developable - Medium Term,231674,653133,Local Authority,Not applicable (i.e. only one owner),2017,Education,1.68,Derelict,S12000021,036cc377-1ff3-4fba-afc3-dea25306b49b,2025-11-30,3164
pub_vdl.2035,North Ayrshire,2 MAIN STREET,849,KILBIRNIE,S01011341,Developable - Medium Term,231527,654642,Unknown Private,Not applicable (i.e. only one owner),2010,Residential - Housing,0.12,Vacant Land,S12000021,036cc377-1ff3-4fba-afc3-dea25306b49b,2025-11-30,3166
pub_vdl.2112,North Lanarkshire,LAND NORTH OF FORMER PUB - CAR WASH SITE,NL008380291,NETHERCROY ROAD CROY,S01011787,Developable - Undetermined,272323,676145,Other Private,Not applicable (i.e. only one owner),2001-2004,Residential - Housing,0.13,Derelict,S12000050,e75f31cd-4d1d-49e4-a5a3-c3d4c9ef1d5d,2025-11-30,1412
pub_vdl.2036,North Ayrshire,FORMER LARGS ACADEMY,850,FLATT ROAD LARGS,S01011324,Developable - Medium Term,220880,659512,Local Authority,Not applicable (i.e. only one owner),2018,Education,1.6,Derelict,S12000021,036cc377-1ff3-4fba-afc3-dea25306b49b,2025-11-30,3167
pub_vdl.2037,North Ayrshire,OLD RUINED HOUSE,851,MONTFODE ARDROSSAN,S01011307,Unknown (uncertain/insufficient information),222854,644651,Other Private,Not applicable (i.e. only one owner),1980 or earlier,Residential - Housing,0.11,Derelict,S12000021,036cc377-1ff3-4fba-afc3-dea25306b49b,2025-11-30,3173
pub_vdl.2038,North Ayrshire,FORMER SEAFIELD SCHOOL,852,EGLINTON ROAD ARDROSSAN,S01011247,Developable - Medium Term,222856,643472,Other Private,Not applicable (i.e. only one owner),2016,Education,0.2,Derelict,S12000021,036cc377-1ff3-4fba-afc3-dea25306b49b,2025-11-30,3174
pub_vdl.2058,North Ayrshire,FORMER LOCK UPS,873,DONALDSON AVENUE STEVENSTON,S01011272,Developable - Medium Term,227000,642478,Local Authority,Not applicable (i.e. only one owner),2009,Transport,0.29,Derelict,S12000021,036cc377-1ff3-4fba-afc3-dea25306b49b,2025-11-30,3192
pub_vdl.2040,North Ayrshire,FORMER MELVIN HOUSE,855,DALRY ROAD KILWINNING,S01011295,Developable - Medium Term,229689,644202,Other Private,Not applicable (i.e. only one owner),2011,Education,1.13,Derelict,S12000021,036cc377-1ff3-4fba-afc3-dea25306b49b,2025-11-30,3170
pub_vdl.2041,North Ayrshire,FORMERCLUB/AQUARIUM,856,BEACH PARK IRVINE,S01011232,Unknown (uncertain/insufficient information),230545,637782,Other Private,Not applicable (i.e. only one owner),2010,Recreation & Leisure,0.62,Derelict,S12000021,036cc377-1ff3-4fba-afc3-dea25306b49b,2025-11-30,3172
pub_vdl.3035,West Dunbartonshire,ADJ D GRAHAM CARS,8410035,ALBERT STREET ALEXANDRIA,S01013209,Uneconomic to Develop/Soft End Use,239039,679622,Other Private,Not applicable (i.e. only one owner),1980 or earlier,Residential - Housing,0.12,Derelict,S12000039,af18f63e-8691-432f-a124-f0971d344397,2024-01-31,16
pub_vdl.2042,North Ayrshire,FORMER CARAVAN PARK,857,IRVINE BEACH PARK IRVINE,S01011232,Unknown (uncertain/insufficient information),231273,637123,Other Private,Not applicable (i.e. only one owner),1996-2000,Recreation & Leisure,8.27,Vacant Land,S12000021,036cc377-1ff3-4fba-afc3-dea25306b49b,2025-11-30,3171
pub_vdl.2043,North Ayrshire,EMPTY PLOTS,858,NURSERY DRIVE KILWINNING,S01011283,Developable - Undetermined,229537,644371,Other Private,Not applicable (i.e. only one owner),Unknown,Prepared Ground,0.11,Vacant Land,S12000021,036cc377-1ff3-4fba-afc3-dea25306b49b,2025-11-30,3179
pub_vdl.2044,North Ayrshire,MONTGOMERIE PARK,859,IRVINE,S01011233,Developable - Medium Term,232880,641258,Local Authority,Not applicable (i.e. only one owner),2020,Agriculture,21.41,Derelict,S12000021,036cc377-1ff3-4fba-afc3-dea25306b49b,2025-11-30,3180
pub_vdl.2045,North Ayrshire,,86,OLD QUARRY ROAD STEVENSTON,S01011270,Developable - Medium Term,226883,641568,Ownership unknown,Not applicable (i.e. only one owner),1981-1985,Unknown,0.42,Derelict,S12000021,036cc377-1ff3-4fba-afc3-dea25306b49b,2025-11-30,3012
pub_vdl.2046,North Ayrshire,FORMER DEMOLISHED CARE HOME,860,CALEY COURT STEVENSTON,S01011236,Developable - Short Term,226754,641470,Local Authority,Not applicable (i.e. only one owner),2018,Residential - Housing,0.31,Vacant Land,S12000021,036cc377-1ff3-4fba-afc3-dea25306b49b,2025-11-30,3181
pub_vdl.2047,North Ayrshire,CORRIN INN,861,JACKS ROAD SALTCOATS,S01011260,Developable - Short Term,224745,642342,Other Private,Not applicable (i.e. only one owner),2020,Business Class,0.22,Derelict,S12000021,036cc377-1ff3-4fba-afc3-dea25306b49b,2025-11-30,3182
pub_vdl.2048,North Ayrshire,ARRAN CREAMERY,862,KILMORY ARRAN,S01011172,Developable - Short Term,196104,621449,Other Private,Not applicable (i.e. only one owner),2020,Manufacturing,0.67,Derelict,S12000021,036cc377-1ff3-4fba-afc3-dea25306b49b,2025-11-30,3183
pub_vdl.2049,North Ayrshire,FORMER FIR TREES COTTAGE,863,LAMLASH ARRAN,S01011176,Developable - Short Term,203041,631573,Other Private,Not applicable (i.e. only one owner),2020,Residential - Housing,0.29,Vacant Land,S12000021,036cc377-1ff3-4fba-afc3-dea25306b49b,2025-11-30,3184
pub_vdl.2059,North Ayrshire,FORMER SCHOOL,874,SCHOOL BRAE FAIRLIE,S01011310,Developable - Medium Term,221049,655247,Other Private,Not applicable (i.e. only one owner),2009,Education,0.23,Derelict,S12000021,036cc377-1ff3-4fba-afc3-dea25306b49b,2025-11-30,3191
pub_vdl.2050,North Ayrshire,FORMER WARREN PARK NURSING HOME,864,ANTHONY ROAD LARGS,S01011317,Developable - Medium Term,220708,658212,Unknown Private,Not applicable (i.e. only one owner),2020,"Residential - Hotels, Hostels etc",0.99,Derelict,S12000021,036cc377-1ff3-4fba-afc3-dea25306b49b,2025-11-30,3185
pub_vdl.2051,North Ayrshire,FORMER RESIDENTAIL HOUSE,865,111 BANK STREET IRVINE,S01011225,Developable - Medium Term,232724,639285,Other Private,Not applicable (i.e. only one owner),2017,Residential - Housing,0.35,Vacant Land,S12000021,036cc377-1ff3-4fba-afc3-dea25306b49b,2025-11-30,3186
pub_vdl.2052,North Ayrshire,FORMER TERRACED,866,35-41 BANK STREET IRVINE,S01011225,Developable - Medium Term,232300,639057,Other Private,Not applicable (i.e. only one owner),2018,Residential - Housing,0.14,Derelict,S12000021,036cc377-1ff3-4fba-afc3-dea25306b49b,2025-11-30,3187
pub_vdl.2053,North Ayrshire,FORMER BREADLEBANE HOTEL,867,KILDONNAN ARRAN,S01011172,Developable - Medium Term,202244,621046,Other Private,Not applicable (i.e. only one owner),2020,"Residential - Hotels, Hostels etc",0.56,Vacant Land,S12000021,036cc377-1ff3-4fba-afc3-dea25306b49b,2025-11-30,3188
pub_vdl.2054,North Ayrshire,FORMER BREADLEBANE LODGE,868,KILDONNAN ARRAN,S01011172,Developable - Medium Term,202300,621043,Other Private,Not applicable (i.e. only one owner),2020,Residential - Housing,0.29,Derelict,S12000021,036cc377-1ff3-4fba-afc3-dea25306b49b,2025-11-30,3190
pub_vdl.2055,North Ayrshire,PARKEND GARDENS,869,SALTCOATS,S01011239,Developable - Medium Term,225163,641429,Other Private,Not applicable (i.e. only one owner),2011,Residential - Housing,0.14,Vacant Land,S12000021,036cc377-1ff3-4fba-afc3-dea25306b49b,2025-11-30,3189
pub_vdl.2056,North Ayrshire,FORMER BUILDERS YARD,870,19 ASHGROVE ROAD KILWINNING,Unknown,Developable - Medium Term,229460,543611,Other Private,Not applicable (i.e. only one owner),2021,Other,0.33,Derelict,S12000021,036cc377-1ff3-4fba-afc3-dea25306b49b,2025-11-30,3194
pub_vdl.2057,North Ayrshire,FORMER LOCKUPS,872,HOLEHOUSE ROAD LARGS,S01011324,Developable - Medium Term,221103,659676,Local Authority,Not applicable (i.e. only one owner),2009,Transport,0.24,Derelict,S12000021,036cc377-1ff3-4fba-afc3-dea25306b49b,2025-11-30,3193
pub_vdl.2699,Scottish Borders,SITE AT LANGLANDS MILL,CENNSB102,LANGLANDS PLACE NEWTOWN ST BOSWELLS,S01012344,Developable - Medium Term,357634,631977,Ownership unknown,Not applicable (i.e. only one owner),Unknown,Manufacturing,0.15,Derelict,S12000026,1aa58bd6-c9cf-4a03-93b7-9f6603cc4ab3,2025-12-03,2317
pub_vdl.2061,North Ayrshire,ST MAURA & KIRKTON,875,KIRKTON CRESCENT MILLPORT,S01011327,Developable - Short Term,215950,655076,Other Private,Not applicable (i.e. only one owner),2010,Agriculture,0.71,Vacant Land,S12000021,036cc377-1ff3-4fba-afc3-dea25306b49b,2025-11-30,3195
pub_vdl.2062,North Ayrshire,FORMER OLD CHURCH,876,BUTE TERRACE MILLPORT,S01011327,Developable - Short Term,216035,655004,Other Private,Not applicable (i.e. only one owner),2022,Recreation & Leisure,0.11,Vacant Land and Buildings,S12000021,036cc377-1ff3-4fba-afc3-dea25306b49b,2025-11-30,3196
pub_vdl.2171,North Lanarkshire,73 MAIN STREET (HLA SITE NLMK1157),NL008491005,MAIN STREET LONGRIGGEND,S01011682,Developable - Undetermined,282267,670162,Other Private,Not applicable (i.e. only one owner),1996-2000,Residential - Housing,0.48,Derelict,S12000050,e75f31cd-4d1d-49e4-a5a3-c3d4c9ef1d5d,2025-11-30,1081
pub_vdl.2063,North Ayrshire,VACANT SITE,877,CRAIG-EN-ROS ROAD MILLPORT,S01011328,Developable - Short Term,216714,655212,Other Private,Not applicable (i.e. only one owner),2009,Agriculture,0.81,Vacant Land,S12000021,036cc377-1ff3-4fba-afc3-dea25306b49b,2025-11-30,3197
pub_vdl.2064,North Ayrshire,FORMER GARAGES/LOCKUP,878,REAR OF FULLARTO CARE HOME IRVINE,S01011230,Developable - Short Term,232216,638438,Local Authority,Not applicable (i.e. only one owner),2022,Transport,0.13,Vacant Land,S12000021,036cc377-1ff3-4fba-afc3-dea25306b49b,2025-11-30,3198
pub_vdl.2065,North Ayrshire,FORMER HIGH FLATS,879,FULLARTON IRVINE,S01011230,Developable - Short Term,232066,638524,Other Private,Unknown Public,2022,Residential - Housing,2.2,Derelict,S12000021,036cc377-1ff3-4fba-afc3-dea25306b49b,2025-11-30,3199
pub_vdl.2066,North Ayrshire,,88,LOCHSHORE EAST GLENGARNOCK,S01011334,Developable - Short Term,231923,653292,Scottish Enterprise,Not applicable (i.e. only one owner),1981-1985,Manufacturing,1.17,Derelict,S12000021,036cc377-1ff3-4fba-afc3-dea25306b49b,2025-11-30,3078
pub_vdl.2067,North Ayrshire,FORMER JEWSONS BUILDERS YARD,880,HARBOUR ROAD IRVINE,S01011232,Developable - Short Term,231398,638246,Unknown Private,Not applicable (i.e. only one owner),2022,Wholesale Distribution,0.3,Vacant Land,S12000021,036cc377-1ff3-4fba-afc3-dea25306b49b,2025-11-30,3203
pub_vdl.2068,North Ayrshire,FORMER LORRY YARD,881,HARBOUR ROAD IRVINE,S01011232,Developable - Short Term,231372,638226,Unknown Private,Not applicable (i.e. only one owner),2022,Transport,0.2,Vacant Land,S12000021,036cc377-1ff3-4fba-afc3-dea25306b49b,2025-11-30,3204
pub_vdl.2069,North Ayrshire,PERCETON HOUSE OFFICE BUILDING AND GROUNDS,882,PERCETON IRVINE,S01011181,Developable - Medium Term,235445,640575,Unknown Private,Not applicable (i.e. only one owner),2022,Residential - Housing,2.91,Vacant Land,S12000021,036cc377-1ff3-4fba-afc3-dea25306b49b,2025-11-30,3205
pub_vdl.2070,North Ayrshire,BERRY DRIVE,883,BERRY DRIVE IRVINE,S01011224,Developable - Short Term,233237,639624,Unknown Private,Not applicable (i.e. only one owner),2011,Passive Open Space,0.36,Vacant Land,S12000021,036cc377-1ff3-4fba-afc3-dea25306b49b,2025-11-30,3206
pub_vdl.2071,North Ayrshire,CLARK DRIVE,884,IRVINE IRVINE,S01011224,Developable - Undetermined,233205,639486,Unknown Private,Not applicable (i.e. only one owner),2008,Manufacturing,0.84,Vacant Land,S12000021,036cc377-1ff3-4fba-afc3-dea25306b49b,2025-11-30,3207
pub_vdl.2072,North Ayrshire,FORMER RESIDENTIAL DWELLING,885,120 IRVINE ROAD LARGS,S01011317,Developable - Short Term,220878,658185,Unknown Private,Not applicable (i.e. only one owner),2022,Residential - Housing,0.68,Vacant Land and Buildings,S12000021,036cc377-1ff3-4fba-afc3-dea25306b49b,2025-11-30,3201
pub_vdl.2073,Stirling,SITE 1B JOHNSTON AVENUE,VD0246B,CORNTON STIRLING,S01013077,Developable - Short Term,279686,695240,Local Authority,Not applicable (i.e. only one owner),2008,Residential - Housing,0.25,Vacant Land,S12000030,dd28664f-14da-4932-ac1c-264210f9e1a0,2024-09-04,93
pub_vdl.2074,North Ayrshire,SHARPHILL UNITS,886,GLEN BANKS ROAD SALTCOATS,S01011307,Developable - Short Term,225358,643405,Unknown Private,Not applicable (i.e. only one owner),2022,Manufacturing,0.64,Vacant Land,S12000021,036cc377-1ff3-4fba-afc3-dea25306b49b,2025-11-30,3202
pub_vdl.2075,North Ayrshire,FORMER YARD,887,LUNDHOLM ROAD STEVENSTON,S01011234,Developable - Undetermined,227556,640980,Unknown Private,Not applicable (i.e. only one owner),1996-2000,Manufacturing,0.29,Vacant Land,S12000021,036cc377-1ff3-4fba-afc3-dea25306b49b,2025-11-30,3200
pub_vdl.3036,West Dunbartonshire,FORMER STABLE BLOCK,8410049,VALE OF LEVEN IE BONHILL,S01013215,Developable - Medium Term,239775,678126,Scottish Enterprise,Not applicable (i.e. only one owner),1980 or earlier,Residential - Housing,0.28,Derelict,S12000039,af18f63e-8691-432f-a124-f0971d344397,2024-01-31,38
pub_vdl.2076,North Ayrshire,FORMER ST MARY PRIMARY SCHOOL,888,HOLEHOUSE ROAD LARGS,S01011322,Developable - Short Term,221378,659929,Local Authority,Not applicable (i.e. only one owner),2017,Education,1.64,Vacant Land,S12000021,036cc377-1ff3-4fba-afc3-dea25306b49b,2025-11-30,3208
pub_vdl.2077,North Ayrshire,FORMER PEARSONS GARAGE,889,123-125 MAIN STREET LARGS,S01011326,Developable - Short Term,220474,659293,Unknown Private,Unknown Private,2022,Retailing,0.24,Vacant Land,S12000021,,,
pub_vdl.2078,North Ayrshire,FORMER MOORBURN MANOR NURSING HOME,890,31 MOORBURN ROAD LARGS,S01011323,Developable - Short Term,220714,659655,Unknown Private,Unknown Private,2022,"Residential - Hotels, Hostels etc",0.19,Vacant Land,S12000021,,,
pub_vdl.2079,North Ayrshire,SITE TO EAST OF 9 GARNOCK VIEW,891,GLENGARNOCK,S01011347,Developable - Medium Term,231949,653198,Unknown Private,Unknown Private,2022,Prepared Ground,0.15,Vacant Land,S12000021,,,
pub_vdl.2080,North Ayrshire,FORMER TELEPHONE EXCHANGE,892,24 JAMES STREET DALRY,S01011303,Developable - Short Term,228968,649572,Unknown Private,Unknown Private,2022,Utility Services,0.13,Vacant Land and Buildings,S12000021,,,
pub_vdl.2114,North Lanarkshire,SITE OF FORMER SHOPS,NL008381206,BALMALLOCH ROAD KILSYTH,S01011802,Developable - Undetermined,270969,678289,Other Private,Not applicable (i.e. only one owner),2008,Retailing,0.13,Derelict,S12000050,e75f31cd-4d1d-49e4-a5a3-c3d4c9ef1d5d,2025-11-30,1152
pub_vdl.2081,North Ayrshire,THE FORUM,893,BRIDGEGATE IRVINE,S01011227,Developable - Medium Term,231950,638835,Unknown Private,Unknown Private,2010,Retailing,0.3,Vacant Land and Buildings,S12000021,,,
pub_vdl.2082,North Ayrshire,ELMO,894,BRODICK,S01011177,Developable - Short Term,201106,636193,Unknown Private,Unknown Private,2021,Residential - Housing,0.16,Vacant Land and Buildings,S12000021,,,
pub_vdl.2083,North Ayrshire,BENNECARRIGAN FREE CHURCH,895,THE ROSS ROAD SLIDDERY,S01011172,Unknown (uncertain/insufficient information),194238,622101,Unknown Private,Unknown Private,2009,Unknown,0.1,Vacant Land and Buildings,S12000021,,,
pub_vdl.2084,North Ayrshire,BENNECARRIGAN FARM,896,THE ROSS ROAD SLIDDERY,S01011172,Unknown (uncertain/insufficient information),194208,622481,Unknown Private,Unknown Private,2009,Agriculture,0.14,Vacant Land and Buildings,S12000021,,,
pub_vdl.2085,North Lanarkshire,VACANT YARD (FORMER HOUSING SITE NLMK0601),NL008491327,MANSE ROAD BARGEDDIE,S01011554,Developable - Undetermined,269922,664690,Other Private,Not applicable (i.e. only one owner),2009,Storage,0.35,Derelict,S12000050,e75f31cd-4d1d-49e4-a5a3-c3d4c9ef1d5d,2025-11-30,1187
pub_vdl.2086,North Ayrshire,KILDONAN FARM,897,KILDONAN ARRAN,S01011172,Unknown (uncertain/insufficient information),203655,621299,Unknown Private,Unknown Private,2009,Agriculture,0.12,Vacant Land and Buildings,S12000021,,,
pub_vdl.2087,North Ayrshire,,92,POWER MOTIVE ARDROSSAN,S01011242,Uneconomic to Develop/Soft End Use,223522,642384,Other Nationalised Industry or Statutory undertakers,Not applicable (i.e. only one owner),1981-1985,Unknown,3.36,Derelict,S12000021,036cc377-1ff3-4fba-afc3-dea25306b49b,2025-11-30,3009
pub_vdl.2088,North Lanarkshire,FORMER DULLATUR COLLIERIES BUILDING,NL008380079,DULLATUR BINGS DULLATUR CUMBERNAULD,S01011789,Developable - Undetermined,275123,677352,Other Private,Not applicable (i.e. only one owner),1986-1990,Mineral Activity,0.14,Derelict,S12000050,e75f31cd-4d1d-49e4-a5a3-c3d4c9ef1d5d,2025-11-30,1254
pub_vdl.2089,North Lanarkshire,FORMER CRAIGMARLOCH STABLES,NL008380085,CADGERS SHEUGH KILSYTH,S01011793,Developable - Undetermined,273720,677520,British Waterways,Not applicable (i.e. only one owner),1986-1990,Agriculture,0.3,Derelict,S12000050,e75f31cd-4d1d-49e4-a5a3-c3d4c9ef1d5d,2025-11-30,1010
pub_vdl.2090,North Lanarkshire,FORMER LUGGIEBANK QUARRY (CLAY PIT),NL008380128,B8039 LENZIEMILL CUMBERNAULD,S01011738,Developable - Undetermined,276159,673112,Other Private,Not applicable (i.e. only one owner),1980 or earlier,Mineral Activity,2.98,Derelict,S12000050,e75f31cd-4d1d-49e4-a5a3-c3d4c9ef1d5d,2025-11-30,1050
pub_vdl.2091,North Lanarkshire,LAND EAST OF GIRNAL BRAE QUARRY,NL008380158,CONSTARRY ROAD CROY,S01011789,Developable - Undetermined,272323,676019,Other Private,Not applicable (i.e. only one owner),1991-1995,Storage,1.35,Derelict,S12000050,e75f31cd-4d1d-49e4-a5a3-c3d4c9ef1d5d,2025-11-30,1052
pub_vdl.2113,North Lanarkshire,VACANT INDUSTRIAL SITE (NLN00423 WEST PART),NL008380292,DEERDYKES COURT NORTH WESTFIELD CUMBERNAULD,S01011719,Developable - Undetermined,272473,672587,Other Private,Not applicable (i.e. only one owner),2007,Prepared Ground,0.45,Derelict,S12000050,e75f31cd-4d1d-49e4-a5a3-c3d4c9ef1d5d,2025-11-30,1022
pub_vdl.2092,North Lanarkshire,INDUSTRIAL SITE NLN00396,NL008380164,LITTLE DRUM ROAD ORCHARDTON WOODS CUMBERNAULD,S01011789,Developable - Short Term,271206,673822,Scottish Enterprise,Not applicable (i.e. only one owner),1996-2000,Prepared Ground,1.78,Vacant Land,S12000050,e75f31cd-4d1d-49e4-a5a3-c3d4c9ef1d5d,2025-11-30,1012
pub_vdl.2093,North Lanarkshire,EAST SITE,NL008380165,DRUM MAINS PARK ORCHARDTON WOODS CUMBERNAULD,S01011789,Developable - Undetermined,271852,673792,Scottish Enterprise,Local Authority,1996-2000,Prepared Ground,8.28,Vacant Land,S12000050,e75f31cd-4d1d-49e4-a5a3-c3d4c9ef1d5d,2025-11-30,1013
pub_vdl.2094,North Lanarkshire,WEST SITE,NL008380166,DRUM MAINS PARK ORCHARDTON WOODS CUMBERNAULD,S01011789,Developable - Undetermined,271667,673825,Scottish Enterprise,Not applicable (i.e. only one owner),1996-2000,Prepared Ground,2.72,Vacant Land,S12000050,e75f31cd-4d1d-49e4-a5a3-c3d4c9ef1d5d,2025-11-30,1014
pub_vdl.2111,North Lanarkshire,INDUSTRIAL SITE NLN00426,NL008380290,DUNNS WOOD ROAD WARDPARK CUMBERNAULD,S01011766,Developable - Undetermined,277829,676928,Other Private,Not applicable (i.e. only one owner),2007,Manufacturing,0.13,Vacant Land,S12000050,e75f31cd-4d1d-49e4-a5a3-c3d4c9ef1d5d,2025-11-30,1077
pub_vdl.2095,North Lanarkshire,INDUSTRIAL SITE NLN00378,NL008380167,DRUM MAINS PARK ORCHARDTON WOODS CUMBERNAULD,S01011789,Developable - Medium Term,271359,673645,Scottish Enterprise,Not applicable (i.e. only one owner),1996-2000,Prepared Ground,1.49,Vacant Land,S12000050,e75f31cd-4d1d-49e4-a5a3-c3d4c9ef1d5d,2025-11-30,1011
pub_vdl.2096,North Lanarkshire,INDUSTRIAL LAND SITE NLN00334,NL008380171,ORCHARDTON ROAD ORCHARDTON WOODS CUMBERNAULD,S01011719,Developable - Medium Term,271244,673043,Other Private,Not applicable (i.e. only one owner),1996-2000,Prepared Ground,2.18,Vacant Land,S12000050,e75f31cd-4d1d-49e4-a5a3-c3d4c9ef1d5d,2025-11-30,1053
pub_vdl.2097,North Lanarkshire,WESTFIELD POINT INDUSTRIAL SITE (NLN00334),NL008380172,ORCHARDTON ROAD ORCHARDTON WOODS CUMBERNAULD,S01011719,Developable - Short Term,271590,673089,Local Authority,Not applicable (i.e. only one owner),1996-2000,Prepared Ground,1.24,Derelict,S12000050,e75f31cd-4d1d-49e4-a5a3-c3d4c9ef1d5d,2025-11-30,1054
pub_vdl.2098,North Lanarkshire,SITE OF FORMER PUBLIC HOUSE (FORMER HLA NLCN0449),NL008380212,ALLANFAULD ROAD SEAFAR CUMBERNAULD,S01011770,Developable - Undetermined,275990,675249,Other Private,Not applicable (i.e. only one owner),1996-2000,Recreation & Leisure,0.6,Derelict,S12000050,e75f31cd-4d1d-49e4-a5a3-c3d4c9ef1d5d,2025-11-30,1015
pub_vdl.2099,North Lanarkshire,SPOIL HEAP WEST OF DUNTILLAND ROAD,NL008490241,DUNTILLAND ROAD SALSBURGH,S01011682,Uneconomic to Develop/Soft End Use,282012,664463,Other Private,Not applicable (i.e. only one owner),1980 or earlier,Mineral Activity,0.11,Derelict,S12000050,e75f31cd-4d1d-49e4-a5a3-c3d4c9ef1d5d,2025-11-30,1072
pub_vdl.2100,North Lanarkshire,CUMBERNAULD AIRPORT EXPANSION SITE,NL008380216,NAPIER ROAD WARDPARK CUMBERNAULD,S01011789,Developable - Undetermined,276815,677336,Other Private,Not applicable (i.e. only one owner),1996-2000,Prepared Ground,5.56,Derelict,S12000050,e75f31cd-4d1d-49e4-a5a3-c3d4c9ef1d5d,2025-11-30,1041
pub_vdl.2101,North Lanarkshire,GRAYSHILL ROAD - INDUSTRIAL SITE NLN00463,NL008380228,WESTFIELD PLACE WESTFIELD CUMBERNAULD,S01011719,Developable - Medium Term,271591,672695,Other Private,Not applicable (i.e. only one owner),1996-2000,Prepared Ground,1.3,Vacant Land,S12000050,e75f31cd-4d1d-49e4-a5a3-c3d4c9ef1d5d,2025-11-30,1061
pub_vdl.2102,North Lanarkshire,INDUSTRIAL SITE NLN00332,NL008380248,DEERDYKES ROAD WESTFIELD CUMBERNAULD,S01011719,Developable - Undetermined,272243,672375,Other Private,Not applicable (i.e. only one owner),1991-1995,Prepared Ground,1.65,Derelict,S12000050,e75f31cd-4d1d-49e4-a5a3-c3d4c9ef1d5d,2025-11-30,1096
pub_vdl.2103,North Lanarkshire,INDUSTRIAL SITE NLN00420,NL008380254,GLENCRYAN ROAD CARBRAIN CUMBERNAULD,S01011738,Developable - Medium Term,276893,674269,Other Private,Not applicable (i.e. only one owner),2001-2004,Other,1.74,Vacant Land,S12000050,e75f31cd-4d1d-49e4-a5a3-c3d4c9ef1d5d,2025-11-30,1056
pub_vdl.2104,North Lanarkshire,SITE OF FORMER GARAGES,NL008380258,NORTHFIELD ROAD KILSYTH,S01011802,Developable - Undetermined,270860,678241,Local Authority,Not applicable (i.e. only one owner),2001-2004,Residential - Housing,0.1,Derelict,S12000050,e75f31cd-4d1d-49e4-a5a3-c3d4c9ef1d5d,2025-11-30,1057
pub_vdl.3037,West Dunbartonshire,ADJ SMITH PACKAGING,8410050,VALE OF LEVEN IE BONHILL,S01013215,Developable - Medium Term,239308,678008,Other Private,Not applicable (i.e. only one owner),1981-1985,Manufacturing,0.62,Derelict,S12000039,af18f63e-8691-432f-a124-f0971d344397,2024-01-31,37
pub_vdl.2105,North Lanarkshire,INDUSTRIAL SITE NLN00428,NL008380267,WARDPARK ROAD WARDPARK CUMBERNAULD,S01011766,Developable - Short Term,277379,676643,Other Private,Not applicable (i.e. only one owner),2005,Prepared Ground,1.46,Vacant Land,S12000050,e75f31cd-4d1d-49e4-a5a3-c3d4c9ef1d5d,2025-11-30,1119
pub_vdl.2106,North Lanarkshire,INDUSTRIAL SITE NLN00410,NL008380278,WESTFIELD ROAD WESTFIELD CUMBERNAULD,S01011719,Developable - Undetermined,272145,672637,Other Private,Not applicable (i.e. only one owner),2005,Prepared Ground,1.24,Vacant Land,S12000050,e75f31cd-4d1d-49e4-a5a3-c3d4c9ef1d5d,2025-11-30,1116
pub_vdl.2107,North Lanarkshire,INDUSTRIAL SITE NLN00423 (EAST PART),NL008380284,DEERDYKES PLACE WESTFIELD CUMBERNAULD,S01011719,Developable - Undetermined,272544,672614,Other Private,Not applicable (i.e. only one owner),2001-2004,Prepared Ground,0.44,Vacant Land,S12000050,e75f31cd-4d1d-49e4-a5a3-c3d4c9ef1d5d,2025-11-30,1120
pub_vdl.2108,North Lanarkshire,WESTERN PART OF FORMER OKI FACTORY SITE,NL008380288,CASTLECARY ROAD WARDPARK CUMBERNAULD,S01011766,Developable - Short Term,277557,677305,Other Private,Not applicable (i.e. only one owner),2006,Manufacturing,4.41,Derelict,S12000050,e75f31cd-4d1d-49e4-a5a3-c3d4c9ef1d5d,2025-11-30,1075
pub_vdl.2109,North Lanarkshire,LAND TO NORTH OF RETAIL PARK,NL008380289,NAPIER ROAD WESTWAY RETAIL PARK CUMBERNAULD,S01011766,Developable - Short Term,277451,677237,Other Private,Not applicable (i.e. only one owner),2007,Manufacturing,1.69,Derelict,S12000050,e75f31cd-4d1d-49e4-a5a3-c3d4c9ef1d5d,2025-11-30,1076
pub_vdl.2110,North Lanarkshire,LAND EAST OF 99 MAIN STREET (EAST PLOT),NL008490622,MAIN STREET LONGRIGGEND,S01011682,Developable - Short Term,282360,670216,Other Private,Not applicable (i.e. only one owner),1980 or earlier,Transport,0.11,Derelict,S12000050,e75f31cd-4d1d-49e4-a5a3-c3d4c9ef1d5d,2025-11-30,1074
pub_vdl.2115,North Lanarkshire,LAND TO THE REAR OF GARRELL BUSINESS CENTRE,NL008381208,GARRELL ROAD KILSYTH,S01011803,Developable - Undetermined,271379,677927,Local Authority,Not applicable (i.e. only one owner),2008,Mineral Activity,0.18,Derelict,S12000050,e75f31cd-4d1d-49e4-a5a3-c3d4c9ef1d5d,2025-11-30,1153
pub_vdl.2116,North Lanarkshire,INDUSTRIAL LAND NORTH OF 26,NL008381209,NAPIER COURT WARDPARK CUMBERNAULD,S01011766,Developable - Medium Term,277643,677651,Other Private,Not applicable (i.e. only one owner),2006,Other General Industry,0.2,Derelict,S12000050,e75f31cd-4d1d-49e4-a5a3-c3d4c9ef1d5d,2025-11-30,1154
pub_vdl.2117,North Lanarkshire,FORMER CUMBERNAULD VILLAGE PRIMARY SCHOOL,NL008381210,GLASGOW ROAD VILLAGE CUMBERNAULD,S01011767,Developable - Short Term,276618,675961,Local Authority,Not applicable (i.e. only one owner),2008,Education,0.21,Derelict,S12000050,e75f31cd-4d1d-49e4-a5a3-c3d4c9ef1d5d,2025-11-30,1178
pub_vdl.2118,North Lanarkshire,BROADWOOD BUSINESS PARK NORTH,NL008381218,CARRADALE CRESCENT BROADWOOD CUMBERNAULD,S01011723,Developable - Undetermined,272722,673791,Other Private,Not applicable (i.e. only one owner),2001-2004,Prepared Ground,0.41,Vacant Land,S12000050,e75f31cd-4d1d-49e4-a5a3-c3d4c9ef1d5d,2025-11-30,1157
pub_vdl.2119,North Lanarkshire,GAP SITE ADJACENT TO 90 MAIN STREET,NL008490644,MAIN STREET LONGRIGGEND,S01011682,Developable - Undetermined,282239,670094,Other Private,Not applicable (i.e. only one owner),1980 or earlier,Residential - Housing,0.11,Derelict,S12000050,e75f31cd-4d1d-49e4-a5a3-c3d4c9ef1d5d,2025-11-30,1073
pub_vdl.2120,North Lanarkshire,INDUSTRIAL LAND (ARCHES BUSINESS PARK),NL008381211,OKI WAY WARDPARK CUMBERNAULD,S01011766,Developable - Short Term,277164,677110,Other Private,Not applicable (i.e. only one owner),2008,Prepared Ground,2.27,Derelict,S12000050,e75f31cd-4d1d-49e4-a5a3-c3d4c9ef1d5d,2025-11-30,1155
pub_vdl.2186,North Lanarkshire,SITE OF FORMER CLUB,NL008491169,MAIN STREET CALDERCRUIX,S01011680,Developable - Short Term,282262,667772,Other Private,Local Authority,2007,Residential - Housing,0.11,Derelict,S12000050,e75f31cd-4d1d-49e4-a5a3-c3d4c9ef1d5d,2025-11-30,1130
pub_vdl.2121,North Lanarkshire,SOUTHERN PART OF FORMER OKI SITE,NL008381212,CASTLECARY ROAD WESTWAY RETAIL PARK CUMBERNAULD,S01011766,Developable - Short Term,277685,677173,Other Private,Not applicable (i.e. only one owner),2006,Manufacturing,3.37,Derelict,S12000050,e75f31cd-4d1d-49e4-a5a3-c3d4c9ef1d5d,2025-11-30,1156
pub_vdl.2122,North Lanarkshire,DEMOLISHED LOCK-UPS,NL008490989,PROGRESS DRIVE CALDERCRUIX,S01011681,Developable - Undetermined,282066,668048,Local Authority,Other Private,1991-1995,Residential - Housing,0.22,Derelict,S12000050,e75f31cd-4d1d-49e4-a5a3-c3d4c9ef1d5d,2025-11-30,1025
pub_vdl.2123,North Lanarkshire,INDUSTRIAL SITE NLN00412,NL008381220,DEERDYKES ROAD WESTFIELD CUMBERNAULD,S01011719,Developable - Undetermined,272284,672691,Other Private,Not applicable (i.e. only one owner),1996-2000,Prepared Ground,0.57,Vacant Land,S12000050,e75f31cd-4d1d-49e4-a5a3-c3d4c9ef1d5d,2025-11-30,1158
pub_vdl.2128,North Lanarkshire,LAND EAST OF AG BARR FACTORY,NL008381301,WESTFIELD ROAD WESTFIELD CUMBERNAULD,S01011719,Developable - Undetermined,271605,672614,Other Private,Not applicable (i.e. only one owner),2008,Prepared Ground,0.64,Vacant Land,S12000050,e75f31cd-4d1d-49e4-a5a3-c3d4c9ef1d5d,2025-11-30,1179
pub_vdl.2124,North Lanarkshire,INDUSTRIAL SITE NLN00448,NL008381223,GRAYSHILL ROAD WESTFIELD CUMBERNAULD,S01011719,Developable - Medium Term,272008,672737,Other Private,Not applicable (i.e. only one owner),2008,Prepared Ground,3.45,Vacant Land,S12000050,e75f31cd-4d1d-49e4-a5a3-c3d4c9ef1d5d,2025-11-30,1159
pub_vdl.2125,North Lanarkshire,SITE OF FORMER SEWAGE WORKS,NL008381292,GARRELL ROAD KILSYTH,S01011803,Developable - Undetermined,271163,677300,Other Private,Not applicable (i.e. only one owner),2008,Community & Health,2.52,Derelict,S12000050,e75f31cd-4d1d-49e4-a5a3-c3d4c9ef1d5d,2025-11-30,1176
pub_vdl.2126,North Lanarkshire,GIRNAL BRAE QUARRY (DISUSED),NL008381293,CONSTARRY ROAD CROY,S01011789,Developable - Undetermined,272239,676002,Other Private,Not applicable (i.e. only one owner),2008,Mineral Activity,1.85,Derelict,S12000050,e75f31cd-4d1d-49e4-a5a3-c3d4c9ef1d5d,2025-11-30,1177
pub_vdl.2127,North Lanarkshire,SITE EAST OF ST KEVIN'S RC CHURCH,NL008491328,MAINHILL ROAD BARGEDDIE,S01011555,Developable - Undetermined,269787,663984,Other Private,Not applicable (i.e. only one owner),2001-2004,Community & Health,0.34,Vacant Land,S12000050,e75f31cd-4d1d-49e4-a5a3-c3d4c9ef1d5d,2025-11-30,1188
pub_vdl.2172,North Lanarkshire,SITE OF FORMER YMCA,NL008491008,ACADEMY STREET COATBRIDGE,S01011597,Developable - Undetermined,273126,665313,Other Private,Not applicable (i.e. only one owner),1996-2000,Community & Health,0.12,Derelict,S12000050,e75f31cd-4d1d-49e4-a5a3-c3d4c9ef1d5d,2025-11-30,1080
pub_vdl.2129,North Lanarkshire,INDUSTRIAL SITE NLN00449,NL008381533,DEERDYKES ROAD WESTFIELD CUMBERNAULD,S01011718,Developable - Undetermined,271806,672120,Local Authority,Not applicable (i.e. only one owner),2012,Mineral Activity,5.41,Derelict,S12000050,e75f31cd-4d1d-49e4-a5a3-c3d4c9ef1d5d,2025-11-30,1241
pub_vdl.2130,North Lanarkshire,FORMER NORTH CAR PARK,NL008381572,NAPIER PARK WARDPARK CUMBERNAULD,S01011766,Developable - Undetermined,277414,677082,Other Private,Not applicable (i.e. only one owner),2013,Business Class,0.47,Derelict,S12000050,e75f31cd-4d1d-49e4-a5a3-c3d4c9ef1d5d,2025-11-30,1255
pub_vdl.2131,North Lanarkshire,VACANT YARD - ILS SITE NLN00430,NL008381626,GARRELL PLACE KILSYTH,S01011803,Developable - Medium Term,271115,677583,Other Private,Not applicable (i.e. only one owner),2014,Storage,0.17,Vacant Land,S12000050,e75f31cd-4d1d-49e4-a5a3-c3d4c9ef1d5d,2025-11-30,1283
pub_vdl.2132,North Lanarkshire,SITE OF FORMER ABRONHILL HIGH SCHOOL,NL008381692,LARCH ROAD ABRONHILL CUMBERNAULD,S01011757,Developable - Undetermined,278203,675671,Local Authority,Not applicable (i.e. only one owner),2015,Education,2.69,Derelict,S12000050,e75f31cd-4d1d-49e4-a5a3-c3d4c9ef1d5d,2025-11-30,1303
pub_vdl.2546,Perth and Kinross,HOLLOWDUB,1105,KINFAUNS,S01011957,Developable - Undetermined,316813,723524,Other Private,Not applicable (i.e. only one owner),2011,Agriculture,0.11,Derelict,S12000048,e18ea2b7-a86d-47c4-a1d9-94bd7ada0980,2025-11-30,1480
pub_vdl.2134,North Lanarkshire,SITE OF FORMER KINGFISHER PUB,NL008381697,DOWANFIELD ROAD SEAFAR CUMBERNAULD,S01011727,Developable - Short Term,275116,674363,Other Private,Not applicable (i.e. only one owner),2015,Recreation & Leisure,0.54,Derelict,S12000050,e75f31cd-4d1d-49e4-a5a3-c3d4c9ef1d5d,2025-11-30,1304
pub_vdl.2796,South Ayrshire,,GW042,34 MONTGOMERIE STREET GIRVAN,S01012433,Developable - Undetermined,218862,598260,Unknown Private,Not applicable (i.e. only one owner),Unknown,Unknown,0.3,Derelict,S12000028,ec28bd2c-09cd-423c-b6c4-4cc8d18010a4,2025-11-30,2707
pub_vdl.2135,North Lanarkshire,SITE OF FORMER PLANT HIRE YARD (HLA NLCN0365A),NL008381712,STIRLING ROAD KILSYTH,S01011793,Developable - Short Term,272590,678300,Other Private,Not applicable (i.e. only one owner),2015,Other General Industry,1.42,Derelict,S12000050,e75f31cd-4d1d-49e4-a5a3-c3d4c9ef1d5d,2025-11-30,1307
pub_vdl.2136,North Lanarkshire,SITE OF FORMER KILSYTH HEALTH CENTRE,NL008381731,BURNGREEN KILSYTH,S01011792,Developable - Undetermined,272062,677946,Health Boards,Not applicable (i.e. only one owner),2016,Community & Health,0.25,Derelict,S12000050,e75f31cd-4d1d-49e4-a5a3-c3d4c9ef1d5d,2025-11-30,1315
pub_vdl.2137,North Lanarkshire,LAND WEST OF GARDEN CENTRE (HLA NLCN1041),NL008381824,EASTFIELD ROAD WESTERWOOD CUMBERNAULD,S01011789,Developable - Medium Term,276583,676428,Other Private,Local Authority,1980 or earlier,Community & Health,2.73,Derelict,S12000050,e75f31cd-4d1d-49e4-a5a3-c3d4c9ef1d5d,2025-11-30,1343
pub_vdl.2138,North Lanarkshire,FORMER LENNOX HOUSE,NL008382016,LENNOX ROAD CUMBERNAULD,S01011745,Developable - Short Term,275677,674798,Other Private,Not applicable (i.e. only one owner),2022,Offices,0.35,Derelict,S12000050,e75f31cd-4d1d-49e4-a5a3-c3d4c9ef1d5d,2025-11-30,1416
pub_vdl.2152,North Lanarkshire,CRAIGENS ROAD - EAST SITE,NL008490064,CRAIGENS ROAD SALSBURGH,S01011446,Developable - Short Term,281703,662350,Other Private,Not applicable (i.e. only one owner),1980 or earlier,Other General Industry,0.48,Derelict,S12000050,e75f31cd-4d1d-49e4-a5a3-c3d4c9ef1d5d,2025-11-30,1069
pub_vdl.2139,North Lanarkshire,FORMER FOOTBALL BLAES PITCHES,NL008381831,DEERDYKES ROAD WESTFIELD CUMBERNAULD,S01011789,Developable - Undetermined,272627,672836,Local Authority,Not applicable (i.e. only one owner),2017,Recreation & Leisure,3.58,Vacant Land,S12000050,e75f31cd-4d1d-49e4-a5a3-c3d4c9ef1d5d,2025-11-30,1345
pub_vdl.2140,North Lanarkshire,FORMER RECREATION GROUND & CAR PARK,NL008381888,OLD GLASGOW ROAD VILLAGE CUMBERNAULD,S01011768,Developable - Undetermined,276140,675665,Local Authority,Not applicable (i.e. only one owner),2018,Recreation & Leisure,1.49,Derelict,S12000050,e75f31cd-4d1d-49e4-a5a3-c3d4c9ef1d5d,2025-11-30,1368
pub_vdl.2141,North Lanarkshire,INDUSTRIAL SITE NLN00419,NL008381891,DEERDYKES PLACE WESTFIELD CUMBERNAULD,S01011789,Developable - Undetermined,272630,672730,Other Private,Not applicable (i.e. only one owner),2007,Prepared Ground,0.7,Vacant Land,S12000050,e75f31cd-4d1d-49e4-a5a3-c3d4c9ef1d5d,2025-11-30,1370
pub_vdl.2142,North Lanarkshire,FORMER DRUMGLASS SEWAGE WORKS,NL008381892,B802 CROY,S01011789,Developable - Undetermined,272127,675506,Other Private,Not applicable (i.e. only one owner),2001-2004,Community & Health,0.7,Derelict,S12000050,e75f31cd-4d1d-49e4-a5a3-c3d4c9ef1d5d,2025-11-30,1371
pub_vdl.2143,North Lanarkshire,FORMER CROY QUARRY HOUSING SITE NLCN0488,NL008381961,CONSTARRY ROAD CROY,S01011789,Developable - Short Term,272966,675809,Other Private,Not applicable (i.e. only one owner),2021,Mineral Activity,3.62,Derelict,S12000050,e75f31cd-4d1d-49e4-a5a3-c3d4c9ef1d5d,2025-11-30,1399
pub_vdl.2144,North Lanarkshire,LAND NORTH OF CO-OPERATIVE FOODSTORE,NL008490052,WOODHALL STREET CHAPELHALL,S01011618,Developable - Undetermined,277972,662609,Other Private,Not applicable (i.e. only one owner),1980 or earlier,Residential - Housing,0.28,Derelict,S12000050,e75f31cd-4d1d-49e4-a5a3-c3d4c9ef1d5d,2025-11-30,1094
pub_vdl.2145,North Lanarkshire,WHAM HOUSING SITE - NORTH EAST,NL008491488,STORE BRAE GREENGAIRS,S01011683,Developable - Short Term,278942,670905,Other Private,Not applicable (i.e. only one owner),2011,Residential - Housing,0.12,Derelict,S12000050,e75f31cd-4d1d-49e4-a5a3-c3d4c9ef1d5d,2025-11-30,1227
pub_vdl.2146,North Lanarkshire,FORMER HMRC TAX OFFICE (HOUSING SITE NLCN1343),NL008382022,ST MUNGO'S ROAD CUMBERNAULD,S01011744,Developable - Medium Term,275546,674460,Other National/Local Government,Not applicable (i.e. only one owner),2022,Offices,4.81,Derelict,S12000050,e75f31cd-4d1d-49e4-a5a3-c3d4c9ef1d5d,2025-11-30,1422
pub_vdl.2147,North Lanarkshire,FLEMING HOUSE (VACANT),NL008382027,TRYST ROAD CUMBERNAULD,S01011745,Developable - Undetermined,276025,674583,Local Authority,Not applicable (i.e. only one owner),2022,Offices,0.4,Derelict,S12000050,e75f31cd-4d1d-49e4-a5a3-c3d4c9ef1d5d,2025-11-30,1427
pub_vdl.2148,North Lanarkshire,SITE OF FORMER DUNSYSTON COTTAGE AND ADJOINING LAN,NL008490017,GLASGOW & EDINBURGH ROAD NEWHOUSE,S01011446,Developable - Short Term,279565,661632,Other Private,Not applicable (i.e. only one owner),1980 or earlier,Residential - Housing,0.51,Derelict,S12000050,e75f31cd-4d1d-49e4-a5a3-c3d4c9ef1d5d,2025-11-30,1084
pub_vdl.2149,North Lanarkshire,INDUSTRIAL SITE AT EAST SHAWHEAD,NL008490035,A8 SHAWHEAD EASTBOUND SLIP ROADS COATBRIDGE,S01011602,Developable - Medium Term,273574,662834,Other Private,Not applicable (i.e. only one owner),2017,Manufacturing,2.98,Derelict,S12000050,e75f31cd-4d1d-49e4-a5a3-c3d4c9ef1d5d,2025-11-30,1059
pub_vdl.2150,North Lanarkshire,SITE OF FORMER MONKLAND IRON & STEELWORKS,NL008490050,MAIN STREET CALDERBANK,S01011446,Developable - Undetermined,277130,662725,Other Private,Not applicable (i.e. only one owner),1980 or earlier,Manufacturing,1.48,Derelict,S12000050,e75f31cd-4d1d-49e4-a5a3-c3d4c9ef1d5d,2025-11-30,1065
pub_vdl.2547,Perth and Kinross,KNOWHEAD FARM,1106,KINFAUNS,S01011953,Developable - Undetermined,316549,724004,Other Private,Not applicable (i.e. only one owner),2008,Agriculture,0.4,Derelict,S12000048,e18ea2b7-a86d-47c4-a1d9-94bd7ada0980,2025-11-30,1475
pub_vdl.2153,North Lanarkshire,FORMER FORTISSAT COLLIERY AND BING,NL008490069,NEWMILL ROAD SALSBURGH,S01011446,Uneconomic to Develop/Soft End Use,284523,662025,Other Private,Not applicable (i.e. only one owner),1980 or earlier,Mineral Activity,4.14,Derelict,S12000050,e75f31cd-4d1d-49e4-a5a3-c3d4c9ef1d5d,2025-11-30,1070
pub_vdl.2154,North Lanarkshire,LAND NORTH OF GO OUTDOORS WAREHOUSE,NL008490191,ROCHSOLLOCH ROAD AIRDRIE,S01011600,Developable - Undetermined,274728,664862,Other Private,Not applicable (i.e. only one owner),1980 or earlier,Other General Industry,0.66,Derelict,S12000050,e75f31cd-4d1d-49e4-a5a3-c3d4c9ef1d5d,2025-11-30,1071
pub_vdl.2159,North Lanarkshire,LAND EAST OF RED BRIDGE,NL008490257,BURNBANK STREET COATBRIDGE,S01011594,Developable - Undetermined,273604,665708,Local Authority,Other Private,1980 or earlier,Residential - Housing,0.26,Derelict,S12000050,e75f31cd-4d1d-49e4-a5a3-c3d4c9ef1d5d,2025-11-30,1058
pub_vdl.2155,North Lanarkshire,SITE OF FORMER CALDER IRON & CHEMICAL WORKS - LINK,NL008490101,PADDOCK STREET COATBRIDGE,S01011602,Developable - Short Term,274357,664064,Other Private,Not applicable (i.e. only one owner),1981-1985,Manufacturing,0.52,Derelict,S12000050,e75f31cd-4d1d-49e4-a5a3-c3d4c9ef1d5d,2025-11-30,1380
pub_vdl.2156,North Lanarkshire,DEWSHILL BINGS SOUTH,NL008490142,FORREST ROAD SALSBURGH,S01011446,Uneconomic to Develop/Soft End Use,285301,663916,Other Private,Not applicable (i.e. only one owner),1980 or earlier,Mineral Activity,6.05,Derelict,S12000050,e75f31cd-4d1d-49e4-a5a3-c3d4c9ef1d5d,2025-11-30,1264
pub_vdl.2157,North Lanarkshire,LAND NORTH OF,NL008490151,COATBRIDGE ROAD BARGEDDIE,S01011554,Developable - Undetermined,269905,664619,Other Private,Not applicable (i.e. only one owner),1980 or earlier,Residential - Housing,0.99,Derelict,S12000050,e75f31cd-4d1d-49e4-a5a3-c3d4c9ef1d5d,2025-11-30,1132
pub_vdl.2158,North Lanarkshire,FORMER ALLOTMENT SITE,NL008490193,ROCHSOLLOCH ROAD AIRDRIE,S01011649,Developable - Undetermined,274811,664826,Other Private,Not applicable (i.e. only one owner),1980 or earlier,Manufacturing,0.38,Derelict,S12000050,e75f31cd-4d1d-49e4-a5a3-c3d4c9ef1d5d,2025-11-30,1051
pub_vdl.2160,North Lanarkshire,LAND EAST OF FORMER GAS HOLDER SITE,NL008490260,BURNBANK STREET COATBRIDGE,S01011594,Developable - Undetermined,273897,665884,Private Gas,Not applicable (i.e. only one owner),1986-1990,Manufacturing,2.74,Derelict,S12000050,e75f31cd-4d1d-49e4-a5a3-c3d4c9ef1d5d,2025-11-30,1062
pub_vdl.2161,North Lanarkshire,SITE OF FORMER ATLAS WORKS,NL008490282,CARLISLE ROAD AIRDRIE,S01011630,Developable - Undetermined,277407,665320,Other Private,Not applicable (i.e. only one owner),1980 or earlier,Manufacturing,2.31,Derelict,S12000050,e75f31cd-4d1d-49e4-a5a3-c3d4c9ef1d5d,2025-11-30,1024
pub_vdl.2162,North Lanarkshire,BARBLUES 3 - FORMER SPOIL HEAP,NL008490349,STEPENDS ROAD PLAINS,S01011682,Uneconomic to Develop/Soft End Use,281146,667000,Other Private,Not applicable (i.e. only one owner),1980 or earlier,Mineral Activity,0.86,Derelict,S12000050,e75f31cd-4d1d-49e4-a5a3-c3d4c9ef1d5d,2025-11-30,1068
pub_vdl.2163,North Lanarkshire,LAND TO REAR OF 102-110 (HLA SITE NLMW1347),NL008490431,MAIN STREET CALDERCRUIX,S01011680,Developable - Short Term,282216,667746,Local Authority,Other Private,1980 or earlier,Residential - Housing,0.17,Derelict,S12000050,e75f31cd-4d1d-49e4-a5a3-c3d4c9ef1d5d,2025-11-30,1079
pub_vdl.2164,North Lanarkshire,LAND ADJACENT TO 68 MAIN STREET,NL008490437,MAIN STREET CALDERCRUIX,S01011682,Developable - Undetermined,282199,667693,Local Authority,Other Private,1980 or earlier,Residential - Housing,0.6,Derelict,S12000050,e75f31cd-4d1d-49e4-a5a3-c3d4c9ef1d5d,2025-11-30,1078
pub_vdl.2170,North Lanarkshire,HANIROSE SITE (FORMER LITTLE DRUMGRAY COLLIERY),NL008491003,GREENGAIRS ROAD WATTSTON,S01011683,Developable - Undetermined,277640,669800,Other Private,Not applicable (i.e. only one owner),1981-1985,Mineral Activity,5.72,Derelict,S12000050,e75f31cd-4d1d-49e4-a5a3-c3d4c9ef1d5d,2025-11-30,1082
pub_vdl.2165,North Lanarkshire,SHOWCASE NORTH SITE,NL008490825,BARNBRIDGE ROAD COATBRIDGE,S01011552,Developable - Undetermined,270753,663680,Other Private,Not applicable (i.e. only one owner),1991-1995,Mineral Activity,2.39,Vacant Land,S12000050,e75f31cd-4d1d-49e4-a5a3-c3d4c9ef1d5d,2025-11-30,1083
pub_vdl.2166,North Lanarkshire,SITE OF CHAPEL STREET FOUNDRY,NL008490872,CHAPEL STREET AIRDRIE,S01011665,Developable - Undetermined,276075,665859,Other Private,Not applicable (i.e. only one owner),1981-1985,Manufacturing,0.5,Derelict,S12000050,e75f31cd-4d1d-49e4-a5a3-c3d4c9ef1d5d,2025-11-30,1064
pub_vdl.2167,North Lanarkshire,SITE OF FORMER GAS HOLDER,NL008490904,HOLLANDHURST ROAD GARTSHERRIE COATBRIDGE,S01011688,Developable - Undetermined,272991,665963,Private Gas,Not applicable (i.e. only one owner),1980 or earlier,Storage,0.66,Derelict,S12000050,e75f31cd-4d1d-49e4-a5a3-c3d4c9ef1d5d,2025-11-30,1063
pub_vdl.2168,North Lanarkshire,DUNDYVAN PARISH CHURCH,NL008490949,HENDERSON STREET DUNDYVAN COATBRIDGE,S01011580,Developable - Short Term,272857,664604,Other Private,Not applicable (i.e. only one owner),1991-1995,Community & Health,0.36,Derelict,S12000050,e75f31cd-4d1d-49e4-a5a3-c3d4c9ef1d5d,2025-11-30,1066
pub_vdl.2169,North Lanarkshire,SITE OF FORMER ROCHSOLLOCH IRON & STEEL WORKS,NL008490957,ROCHSOLLOCH ROAD AIRDRIE,S01011600,Developable - Undetermined,274887,664611,Other Private,Not applicable (i.e. only one owner),1991-1995,Manufacturing,1.33,Derelict,S12000050,e75f31cd-4d1d-49e4-a5a3-c3d4c9ef1d5d,2025-11-30,1067
pub_vdl.2173,North Lanarkshire,SITE OF FORMER LONGRIGGEND REMAND INSTITUTION,NL008491011,AVON AVENUE UPPERTON AIRDRIE,S01011683,Developable - Undetermined,280625,671094,Other Private,Not applicable (i.e. only one owner),1996-2000,Community & Health,1.87,Derelict,S12000050,e75f31cd-4d1d-49e4-a5a3-c3d4c9ef1d5d,2025-11-30,1085
pub_vdl.2174,North Lanarkshire,SITE OF FORMER SOCIAL CLUB,NL008491015,THE CRESCENT UPPERTON AIRDRIE,S01011683,Developable - Short Term,280771,670979,Other Private,Not applicable (i.e. only one owner),1996-2000,Recreation & Leisure,0.3,Derelict,S12000050,e75f31cd-4d1d-49e4-a5a3-c3d4c9ef1d5d,2025-11-30,1086
pub_vdl.2175,North Lanarkshire,SITE OF BURNBANK COTTAGE (DEMOLISHED),NL008491030,MAVISBANK STREET WHINHALL AIRDRIE,S01011657,Developable - Undetermined,275654,665857,Other Private,Not applicable (i.e. only one owner),1996-2000,Residential - Housing,0.29,Derelict,S12000050,e75f31cd-4d1d-49e4-a5a3-c3d4c9ef1d5d,2025-11-30,1087
pub_vdl.2176,North Lanarkshire,SITE OF FORMER ST DAVID'S RC PRIMARY SCHOOL,NL008491323,MEADOWHEAD ROAD PLAINS,S01011683,Developable - Undetermined,279011,666626,Local Authority,Other Private,2009,Education,2.87,Derelict,S12000050,e75f31cd-4d1d-49e4-a5a3-c3d4c9ef1d5d,2025-11-30,1185
pub_vdl.2177,North Lanarkshire,SITE OF FORMER HASSOCKRIGG COLLIERY,NL008491062,SHOTTS ROAD SHOTTS,S01011439,Uneconomic to Develop/Soft End Use,287254,662865,Other Private,Not applicable (i.e. only one owner),1996-2000,Mineral Activity,11.34,Derelict,S12000050,e75f31cd-4d1d-49e4-a5a3-c3d4c9ef1d5d,2025-11-30,1088
pub_vdl.2178,North Lanarkshire,DEWSHILL BINGS NORTH,NL008491065,FORREST ROAD SALSBURGH,S01011446,Uneconomic to Develop/Soft End Use,285400,664054,Other Private,Not applicable (i.e. only one owner),1996-2000,Mineral Activity,2.95,Derelict,S12000050,e75f31cd-4d1d-49e4-a5a3-c3d4c9ef1d5d,2025-11-30,1089
pub_vdl.2179,North Lanarkshire,FORMER WATER TREATMENT WORKS,NL008491135,DUNSISTON ROAD SALSBURGH,S01011446,Developable - Undetermined,280449,663979,Water Authority,Not applicable (i.e. only one owner),2001-2004,Community & Health,1.24,Derelict,S12000050,e75f31cd-4d1d-49e4-a5a3-c3d4c9ef1d5d,2025-11-30,1109
pub_vdl.2180,North Lanarkshire,FORMER TRAVELLERS' SITE,NL008491142,MOLLINSBURN ROAD ANNATHILL,S01011689,Developable - Short Term,272749,670595,Local Authority,Not applicable (i.e. only one owner),2005,Community & Health,1.02,Derelict,S12000050,e75f31cd-4d1d-49e4-a5a3-c3d4c9ef1d5d,2025-11-30,1111
pub_vdl.2181,North Lanarkshire,SITE ADJACENT TO COATDYKE X,NL008491150,LOCKS STREET COATDYKE COATBRIDGE,S01011600,Developable - Undetermined,274673,664861,Other Private,Not applicable (i.e. only one owner),2005,Business Class,0.1,Derelict,S12000050,e75f31cd-4d1d-49e4-a5a3-c3d4c9ef1d5d,2025-11-30,1112
pub_vdl.2271,North Lanarkshire,WHEATHOLME PARK NORTH (FORMER HOUSING SITE NLMK122,NL008491906,WHEATHOLM STREET RAWYARDS AIRDRIE,S01011668,Developable - Undetermined,276787,666313,Local Authority,Not applicable (i.e. only one owner),2019,Recreation & Leisure,0.73,Vacant Land,S12000050,e75f31cd-4d1d-49e4-a5a3-c3d4c9ef1d5d,2025-11-30,1377
pub_vdl.2182,North Lanarkshire,WHAM HOUSING SITE - SOUTH EAST,NL008491489,HILLSIDE PLACE GREENGAIRS,S01011683,Developable - Short Term,278939,670824,Other Private,Not applicable (i.e. only one owner),2011,Residential - Housing,0.17,Derelict,S12000050,e75f31cd-4d1d-49e4-a5a3-c3d4c9ef1d5d,2025-11-30,1228
pub_vdl.2183,North Lanarkshire,FORMER TRAVELLERS SITE,NL008491158,AIRDRIE ROAD PLAINS,S01011674,Developable - Undetermined,278715,666173,Local Authority,Not applicable (i.e. only one owner),2005,Residential - Housing,0.71,Derelict,S12000050,e75f31cd-4d1d-49e4-a5a3-c3d4c9ef1d5d,2025-11-30,1118
pub_vdl.2184,North Lanarkshire,SITE OF FORMER PUBLIC HOUSE,NL008491161,MAVISBANK STREET AIRDRIE,S01011657,Developable - Undetermined,275609,665828,Other Private,Not applicable (i.e. only one owner),2006,Other,0.17,Derelict,S12000050,e75f31cd-4d1d-49e4-a5a3-c3d4c9ef1d5d,2025-11-30,1122
pub_vdl.2185,North Lanarkshire,SITE OF FORMER POLICE STATION,NL008491163,MAIN STREET PLAINS,S01011678,Developable - Undetermined,279705,666875,Other Private,Not applicable (i.e. only one owner),2006,Residential - Housing,0.18,Derelict,S12000050,e75f31cd-4d1d-49e4-a5a3-c3d4c9ef1d5d,2025-11-30,1123
pub_vdl.2187,North Lanarkshire,FORMER EXPRESS DAIRIES SITE,NL008491170,MAIN STREET PLAINS,S01011682,Developable - Undetermined,279333,666568,Other Private,Not applicable (i.e. only one owner),2007,Other General Industry,1.78,Derelict,S12000050,e75f31cd-4d1d-49e4-a5a3-c3d4c9ef1d5d,2025-11-30,1131
pub_vdl.2188,North Lanarkshire,SITE OF FORMER ST COLUMBA HIGH SCHOOL,NL008491185,SCHOOL STREET BARROWFIELD COATBRIDGE,S01011571,Developable - Short Term,273420,663904,Local Authority,Not applicable (i.e. only one owner),2007,Education,3.81,Derelict,S12000050,e75f31cd-4d1d-49e4-a5a3-c3d4c9ef1d5d,2025-11-30,1135
pub_vdl.2192,North Lanarkshire,DEMOLISHED PROPERTIES (64 TO 68 MAIN STREET),NL008491311,MAIN STREET CALDERCRUIX,S01011682,Developable - Undetermined,282177,667726,Other Private,Not applicable (i.e. only one owner),2008,Residential - Housing,0.12,Derelict,S12000050,e75f31cd-4d1d-49e4-a5a3-c3d4c9ef1d5d,2025-11-30,1183
pub_vdl.2189,North Lanarkshire,FORMER GRANT'S COAL YARD WEST,NL008491186,LOCKS STREET COATBRIDGE,S01011600,Developable - Short Term,274513,664508,Other Private,Not applicable (i.e. only one owner),2007,Mineral Activity,0.63,Derelict,S12000050,e75f31cd-4d1d-49e4-a5a3-c3d4c9ef1d5d,2025-11-30,1136
pub_vdl.2194,North Lanarkshire,SITE OF FORMER CALDERCRUIX PAPER MILL,NL008491188,AIRDRIE ROAD CALDERCRUIX,S01011682,Uneconomic to Develop/Soft End Use,281413,667743,Other Private,Not applicable (i.e. only one owner),1980 or earlier,Manufacturing,4.68,Derelict,S12000050,e75f31cd-4d1d-49e4-a5a3-c3d4c9ef1d5d,2025-11-30,1137
pub_vdl.2195,North Lanarkshire,FORMER CALDERCRUIX PAPER MILL - RESEVOIR,NL008491190,AIRDRIE ROAD CALDERCRUIX,S01011682,Developable - Undetermined,281575,667580,Other Private,Not applicable (i.e. only one owner),1980 or earlier,Manufacturing,1.31,Derelict,S12000050,e75f31cd-4d1d-49e4-a5a3-c3d4c9ef1d5d,2025-11-30,1042
pub_vdl.2190,North Lanarkshire,DRUMPELLIER BUSINESS PARK (ILS NLC00303),NL008491180,COATBRIDGE ROAD COATBRIDGE,S01011695,Developable - Short Term,271217,664425,Other Private,Not applicable (i.e. only one owner),2007,Community & Health,1.43,Vacant Land,S12000050,e75f31cd-4d1d-49e4-a5a3-c3d4c9ef1d5d,2025-11-30,1133
pub_vdl.2191,North Lanarkshire,LAND AT M8 INTERLINK ESTATE NLC00280,NL008491182,KIRKSHAWS ROAD SHAWHEAD COATBRIDGE,S01011566,Developable - Short Term,273028,662956,Other Private,Not applicable (i.e. only one owner),1996-2000,Manufacturing,0.49,Vacant Land,S12000050,e75f31cd-4d1d-49e4-a5a3-c3d4c9ef1d5d,2025-11-30,1134
pub_vdl.2193,North Lanarkshire,FRUITFIELD HOUSE,NL008491319,EAST HIGH STREET AIRDRIE,S01011665,Developable - Undetermined,276161,665752,Other Private,Not applicable (i.e. only one owner),2008,Residential - Housing,0.34,Derelict,S12000050,e75f31cd-4d1d-49e4-a5a3-c3d4c9ef1d5d,2025-11-30,1184
pub_vdl.2549,Perth and Kinross,SPOUTWELLS FARM,1109,MEIKLEOUR,S01011979,Developable - Medium Term,313501,741768,Other Private,Not applicable (i.e. only one owner),2017,Agriculture,0.25,Derelict,S12000048,e18ea2b7-a86d-47c4-a1d9-94bd7ada0980,2025-11-30,1465
pub_vdl.2196,North Lanarkshire,INDUSTRIAL SITE NLC00284,NL008491192,CARLISLE ROAD CHAPELHALL,S01011624,Developable - Medium Term,277821,663369,Other Private,Not applicable (i.e. only one owner),1986-1990,Prepared Ground,1.49,Derelict,S12000050,e75f31cd-4d1d-49e4-a5a3-c3d4c9ef1d5d,2025-11-30,1043
pub_vdl.2197,North Lanarkshire,LANARKSHIRE ENTERPRISE PARK (NLS00288),NL008491197,YORK ROAD CHAPELHALL,S01011446,Developable - Short Term,277696,661785,Local Authority,Not applicable (i.e. only one owner),1996-2000,Prepared Ground,1.15,Vacant Land,S12000050,e75f31cd-4d1d-49e4-a5a3-c3d4c9ef1d5d,2025-11-30,1144
pub_vdl.2198,North Lanarkshire,LAND SOUTH OF FORMER TRAVELLERS SITE,NL008491226,MOLLINSBURN ROAD ANNATHILL,S01011689,Developable - Short Term,272775,670548,Local Authority,Not applicable (i.e. only one owner),2008,Recreation & Leisure,0.61,Derelict,S12000050,e75f31cd-4d1d-49e4-a5a3-c3d4c9ef1d5d,2025-11-30,1161
pub_vdl.2199,North Lanarkshire,LONGRIGGEND PARISH CHURCH (CLOSED),NL008491227,MAIN STREET LONGRIGGEND,S01011682,Developable - Undetermined,282366,670142,Other Private,Not applicable (i.e. only one owner),2007,Community & Health,0.16,Derelict,S12000050,e75f31cd-4d1d-49e4-a5a3-c3d4c9ef1d5d,2025-11-30,1162
pub_vdl.2200,North Lanarkshire,SITE OF FORMER PLAINS PRIMARY SCHOOL,NL008491324,MEADOWHEAD ROAD PLAINS,S01011675,Developable - Undetermined,279127,666730,Local Authority,Not applicable (i.e. only one owner),2009,Education,0.55,Derelict,S12000050,e75f31cd-4d1d-49e4-a5a3-c3d4c9ef1d5d,2025-11-30,1186
pub_vdl.2206,North Lanarkshire,FORMER MOUNTCOW FARM,NL008491256,DUNTILLAND ROAD SALSBURGH,S01011446,Developable - Undetermined,282785,664462,Other Private,Not applicable (i.e. only one owner),2008,Agriculture,0.44,Derelict,S12000050,e75f31cd-4d1d-49e4-a5a3-c3d4c9ef1d5d,2025-11-30,1169
pub_vdl.2233,North Lanarkshire,DERELICT GARAGES AND BACKLAND,NL008491559,AVON AVENUE LONGRIGGEND,S01011683,Developable - Undetermined,280818,671230,Ownership unknown,Not applicable (i.e. only one owner),2012,Residential - Housing,0.15,Derelict,S12000050,e75f31cd-4d1d-49e4-a5a3-c3d4c9ef1d5d,2025-11-30,1250
pub_vdl.2201,North Lanarkshire,SITE OF FORMER GARTLISTON FIRECLAY WORKS,NL008491233,GARTLISTON ROAD GLENBOIG,S01011695,Developable - Short Term,272305,667869,Other Private,Not applicable (i.e. only one owner),1980 or earlier,Mineral Activity,5.34,Derelict,S12000050,e75f31cd-4d1d-49e4-a5a3-c3d4c9ef1d5d,2025-11-30,1164
pub_vdl.2202,North Lanarkshire,SITE OF FORMER GLENBOIG PRIMARY SCHOOL SITE,NL008491234,WHITELAW AVENUE RAMOAN GLENBOIG,S01011690,Developable - Undetermined,272683,668103,Local Authority,Not applicable (i.e. only one owner),2008,Education,0.48,Derelict,S12000050,e75f31cd-4d1d-49e4-a5a3-c3d4c9ef1d5d,2025-11-30,1165
pub_vdl.2203,North Lanarkshire,SITE OF FORMER ST MARY'S RC PRIMARY SCHOOL,NL008491235,GLEN ROAD CALDERCRUIX,S01011682,Developable - Undetermined,281758,668080,Local Authority,Not applicable (i.e. only one owner),2008,Education,1.32,Derelict,S12000050,e75f31cd-4d1d-49e4-a5a3-c3d4c9ef1d5d,2025-11-30,1166
pub_vdl.2204,North Lanarkshire,SITE OF FORMER LION WORKS,NL008491248,ROCHSOLLOCH ROAD AIRDRIE,S01011649,Developable - Undetermined,274889,664708,Other Private,Not applicable (i.e. only one owner),2008,Manufacturing,1.61,Derelict,S12000050,e75f31cd-4d1d-49e4-a5a3-c3d4c9ef1d5d,2025-11-30,1167
pub_vdl.2205,North Lanarkshire,SITE OF FORMER PUB (WINNING POST) REMAINDER,NL008491253,MAIN STREET CALDERBANK,S01011616,Developable - Short Term,277059,662591,Other Private,Not applicable (i.e. only one owner),2008,Recreation & Leisure,0.16,Derelict,S12000050,e75f31cd-4d1d-49e4-a5a3-c3d4c9ef1d5d,2025-11-30,1168
pub_vdl.2208,North Lanarkshire,LAND WEST OF FORMER SHANKS AND MCEWAN SITE,NL008491331,A8 EDINBURGH ROAD COATBRIDGE,S01011602,Developable - Medium Term,274225,662653,Other Private,Not applicable (i.e. only one owner),2009,Other General Industry,3.1,Derelict,S12000050,e75f31cd-4d1d-49e4-a5a3-c3d4c9ef1d5d,2025-11-30,1189
pub_vdl.2209,North Lanarkshire,SITE OF FORMER ALBION CLUB,NL008491334,COATS STREET COATBRIDGE,S01011599,Developable - Short Term,273915,664921,Other Private,Not applicable (i.e. only one owner),2009,Other,0.22,Derelict,S12000050,e75f31cd-4d1d-49e4-a5a3-c3d4c9ef1d5d,2025-11-30,1190
pub_vdl.2210,North Lanarkshire,ADANDONED YARD,NL008491345,SHOTTS ROAD SHOTTS,S01011439,Developable - Undetermined,287471,662768,Other Private,Not applicable (i.e. only one owner),2001-2004,Mineral Activity,0.92,Derelict,S12000050,e75f31cd-4d1d-49e4-a5a3-c3d4c9ef1d5d,2025-11-30,1281
pub_vdl.2219,North Lanarkshire,DEMOLISHED HOUSES (178-182) HOUSING SITE NLMK1154,NL008491442,MAIN STREET PLAINS,S01011678,Developable - Short Term,279982,666963,Other Private,Not applicable (i.e. only one owner),2011,Residential - Housing,0.25,Derelict,S12000050,e75f31cd-4d1d-49e4-a5a3-c3d4c9ef1d5d,2025-11-30,1214
pub_vdl.2212,North Lanarkshire,SITE OF FORMER WORKSHOP AND STORES (NO 71),NL008491419,AIRDRIE ROAD CALDERCRUIX,S01011682,Developable - Undetermined,285338,667118,Network Rail/ Rail Franchise Holder,Not applicable (i.e. only one owner),2010,Other General Industry,0.31,Derelict,S12000050,e75f31cd-4d1d-49e4-a5a3-c3d4c9ef1d5d,2025-11-30,1208
pub_vdl.2213,North Lanarkshire,FORMER ROCKWOOD NURSERY (GREENHOUSES),NL008491566,AIRDRIE ROAD CALDERCRUIX,S01011682,Developable - Undetermined,280759,667495,Other Private,Not applicable (i.e. only one owner),1996-2000,Agriculture,0.24,Derelict,S12000050,e75f31cd-4d1d-49e4-a5a3-c3d4c9ef1d5d,2025-11-30,1251
pub_vdl.2234,South Ayrshire,,GW043,169 WHITLETTS ROAD AYR,S01012504,Developable - Medium Term,235336,622645,Unknown Private,Not applicable (i.e. only one owner),2014,Retailing,0.18,Derelict,S12000028,ec28bd2c-09cd-423c-b6c4-4cc8d18010a4,2025-11-30,2709
pub_vdl.2550,Perth and Kinross,LAND NORTH OF HONDA PERTH,1110,THE TRIANGLE PERTH,S01011925,Developable - Short Term,309775,726281,Other Private,Not applicable (i.e. only one owner),2014,Passive Open Space,1.21,Vacant Land,S12000048,e18ea2b7-a86d-47c4-a1d9-94bd7ada0980,2025-11-30,1476
pub_vdl.2207,North Lanarkshire,FORMER KILGARTH TIP - FREIGHT OPPORTUNITY,NL008491309,GARTGILL ROAD COATBRIDGE,S01011695,Developable - Undetermined,271732,667700,Other Private,Local Authority,2008,Community & Health,68.37,Derelict,S12000050,e75f31cd-4d1d-49e4-a5a3-c3d4c9ef1d5d,2025-11-30,1182
pub_vdl.2211,North Lanarkshire,INDUSTRIAL SITE NLC00470,NL008491395,STOBCROSS STREET COATBRIDGE,S01011580,Developable - Undetermined,273255,664691,Local Authority,Not applicable (i.e. only one owner),2005,Manufacturing,0.57,Derelict,S12000050,e75f31cd-4d1d-49e4-a5a3-c3d4c9ef1d5d,2025-11-30,1201
pub_vdl.2214,North Lanarkshire,FORMER SPOIL TIP (EAST),NL008491422,DUNTILLAND ROAD SALSBURGH,S01011446,Uneconomic to Develop/Soft End Use,282538,663971,Other Private,Not applicable (i.e. only one owner),1980 or earlier,Mineral Activity,0.97,Derelict,S12000050,e75f31cd-4d1d-49e4-a5a3-c3d4c9ef1d5d,2025-11-30,1209
pub_vdl.2215,North Lanarkshire,FORMER GARTSHERRIE PRIMARY,NL008491434,GARTSHERRIE ROAD COATBRIDGE,S01011585,Developable - Undetermined,272351,665888,Other Private,Not applicable (i.e. only one owner),2010,Education,0.65,Derelict,S12000050,e75f31cd-4d1d-49e4-a5a3-c3d4c9ef1d5d,2025-11-30,1210
pub_vdl.2216,North Lanarkshire,PROPOSED DRUMSHANGIE ENERGY FROM WASTE PLANT,NL008491435,GREENGAIRS ROAD GREENGAIRS,S01011683,Developable - Medium Term,277854,668308,Other Private,Not applicable (i.e. only one owner),2011,Mineral Activity,29.52,Derelict,S12000050,e75f31cd-4d1d-49e4-a5a3-c3d4c9ef1d5d,2025-11-30,1211
pub_vdl.2217,North Lanarkshire,PROPOSED DRUMSHANGIE DATA CENTRE (ILS REF NLC00520,NL008491436,GREENGAIRS ROAD GREENGAIRS,S01011683,Developable - Undetermined,278279,667887,Other Private,Not applicable (i.e. only one owner),2011,Mineral Activity,65.3,Derelict,S12000050,e75f31cd-4d1d-49e4-a5a3-c3d4c9ef1d5d,2025-11-30,1212
pub_vdl.2218,North Lanarkshire,SITE OF FORMER GARAGE/WORKSHOPS,NL008491439,COATHILL STREET COATBRIDGE,S01011571,Developable - Undetermined,273480,663724,Other Private,Not applicable (i.e. only one owner),2011,Other General Industry,0.14,Derelict,S12000050,e75f31cd-4d1d-49e4-a5a3-c3d4c9ef1d5d,2025-11-30,1213
pub_vdl.2393,North Lanarkshire,FORMER WISHAW METHODIST CHURCH (HOUSING SITE NLMW0,NL008501501,CALEDONIAN ROAD WISHAW,S01011395,Developable - Short Term,279523,654880,Other Private,Not applicable (i.e. only one owner),2012,Community & Health,0.1,Derelict,S12000050,e75f31cd-4d1d-49e4-a5a3-c3d4c9ef1d5d,2025-11-30,1234
pub_vdl.2220,North Lanarkshire,SITE OF FORMER COTTAGE (LOCHVIEW - FORRESTFIELD),NL008491445,AIRDRIE ROAD CALDERCRUIX,S01011682,Developable - Undetermined,285244,667122,Network Rail/ Rail Franchise Holder,Not applicable (i.e. only one owner),2011,Residential - Housing,0.28,Derelict,S12000050,e75f31cd-4d1d-49e4-a5a3-c3d4c9ef1d5d,2025-11-30,1215
pub_vdl.2221,North Lanarkshire,SITE OF FORMER LEA-RIG PUBLIC HOUSE,NL008491485,MAIN STREET SALSBURGH,S01011445,Developable - Undetermined,282823,662725,Other Private,Not applicable (i.e. only one owner),2011,Other,0.13,Derelict,S12000050,e75f31cd-4d1d-49e4-a5a3-c3d4c9ef1d5d,2025-11-30,1225
pub_vdl.2222,North Lanarkshire,WHAM HOUSING SITE - CENTRAL,NL008491490,STORE BRAE GREENGAIRS,S01011683,Developable - Short Term,278903,670875,Other Private,Not applicable (i.e. only one owner),2011,Residential - Housing,0.12,Derelict,S12000050,e75f31cd-4d1d-49e4-a5a3-c3d4c9ef1d5d,2025-11-30,1229
pub_vdl.2223,North Lanarkshire,WHAM HOUSING SITE - SOUTH,NL008491491,BERRYHILL PLACE GREENGAIRS,S01011683,Developable - Short Term,278846,670809,Other Private,Not applicable (i.e. only one owner),2011,Residential - Housing,0.2,Derelict,S12000050,e75f31cd-4d1d-49e4-a5a3-c3d4c9ef1d5d,2025-11-30,1230
pub_vdl.2224,North Lanarkshire,WHAM HOUSING SITE - WEST,NL008491492,HILLSIDE PLACE GREENGAIRS,S01011683,Developable - Short Term,278725,670803,Other Private,Local Authority,2011,Residential - Housing,1.28,Derelict,S12000050,e75f31cd-4d1d-49e4-a5a3-c3d4c9ef1d5d,2025-11-30,1231
pub_vdl.2225,North Lanarkshire,LAND AT 41,NL008491500,MAIN STREET GLENBOIG,S01011690,Developable - Short Term,272227,668531,Other Private,Not applicable (i.e. only one owner),1980 or earlier,Residential - Housing,0.12,Derelict,S12000050,e75f31cd-4d1d-49e4-a5a3-c3d4c9ef1d5d,2025-11-30,1233
pub_vdl.2231,North Lanarkshire,FORMER MINE,NL008491554,HULKS ROAD GREENGAIRS,S01011683,Unknown (uncertain/insufficient information),279535,671892,Other Private,Local Authority,2012,Mineral Activity,1.31,Derelict,S12000050,e75f31cd-4d1d-49e4-a5a3-c3d4c9ef1d5d,2025-11-30,1248
pub_vdl.2404,North Lanarkshire,COMPOUND - WEST,NL008501759,UNTHANK ROAD BELLSHILL,S01011525,Developable - Medium Term,274077,660503,Other Private,Not applicable (i.e. only one owner),2016,Other General Industry,0.37,Vacant Land,S12000050,e75f31cd-4d1d-49e4-a5a3-c3d4c9ef1d5d,2025-11-30,1321
pub_vdl.2232,North Lanarkshire,FORMER NETWORK RAIL COMPOUND,NL008491558,AIRDRIE ROAD CALDERCRUIX,S01011682,Uneconomic to Develop/Soft End Use,285989,667079,Network Rail/ Rail Franchise Holder,Not applicable (i.e. only one owner),2012,Transport,1.31,Derelict,S12000050,e75f31cd-4d1d-49e4-a5a3-c3d4c9ef1d5d,2025-11-30,1249
pub_vdl.2240,North Lanarkshire,INDUSTRIAL SITE NLC00542,NL008491588,SOUTH CALDEEN ROAD COATBRIDGE,S01011602,Developable - Medium Term,274123,664203,Other Private,Not applicable (i.e. only one owner),2013,Manufacturing,0.16,Vacant Land,S12000050,e75f31cd-4d1d-49e4-a5a3-c3d4c9ef1d5d,2025-11-30,1263
pub_vdl.2226,North Lanarkshire,FORMER SHANKS & MCEWAN SITE (NO 251),NL008491540,GLASGOW AND EDINBURGH ROAD COATBRIDGE,S01011602,Developable - Short Term,274392,662628,Other Private,Not applicable (i.e. only one owner),2012,Other General Industry,4.09,Derelict,S12000050,e75f31cd-4d1d-49e4-a5a3-c3d4c9ef1d5d,2025-11-30,1242
pub_vdl.2227,South Ayrshire,,BH099,PARKSTONE HOTEL ARDAYRE ROAD PRESTWICK,S01012520,Developable - Short Term,234685,626053,Other Private,Not applicable (i.e. only one owner),2021,"Residential - Hotels, Hostels etc",0.29,Derelict,S12000028,ec28bd2c-09cd-423c-b6c4-4cc8d18010a4,2025-11-30,2749
pub_vdl.2228,North Lanarkshire,FORMER ARDENRIGG COLLIERY PIT NO6 BING,NL008491550,DUNTILLAND ROAD SALSBURGH,S01011682,Uneconomic to Develop/Soft End Use,282652,665654,Other Private,Not applicable (i.e. only one owner),1980 or earlier,Mineral Activity,1.55,Derelict,S12000050,e75f31cd-4d1d-49e4-a5a3-c3d4c9ef1d5d,2025-11-30,1245
pub_vdl.2229,North Lanarkshire,ABANDONED HOUSING SITE (MCA HOMES REMAINDER),NL008491551,MILLGATE CRESCENT CALDERCRUIX,S01011679,Developable - Undetermined,282273,667595,Other Private,Not applicable (i.e. only one owner),2012,Residential - Housing,0.59,Derelict,S12000050,e75f31cd-4d1d-49e4-a5a3-c3d4c9ef1d5d,2025-11-30,1246
pub_vdl.2230,North Lanarkshire,SITE OF FORMER GLENGOWAN HOUSE,NL008491552,GOWAN BRAE CALDERCRUIX,S01011680,Developable - Medium Term,282782,667987,Other Private,Not applicable (i.e. only one owner),2012,Residential - Housing,0.62,Derelict,S12000050,e75f31cd-4d1d-49e4-a5a3-c3d4c9ef1d5d,2025-11-30,1247
pub_vdl.2235,North Lanarkshire,FORMER OLD STAR WORKS,NL008491574,INCHNEUK ROAD GLENBOIG,S01011690,Developable - Undetermined,272174,668792,Other Private,Not applicable (i.e. only one owner),2013,Manufacturing,1.05,Derelict,S12000050,e75f31cd-4d1d-49e4-a5a3-c3d4c9ef1d5d,2025-11-30,1258
pub_vdl.2236,North Lanarkshire,SITE OF FORMER ROCHSOLES FARM,NL008491575,RAEBOG ROAD GLENMAVIS,S01011686,Developable - Undetermined,275677,667771,Other Private,Not applicable (i.e. only one owner),2013,Agriculture,1.18,Derelict,S12000050,e75f31cd-4d1d-49e4-a5a3-c3d4c9ef1d5d,2025-11-30,1259
pub_vdl.2237,North Lanarkshire,FORMER GREENHILL PRIMARY SCHOOL,NL008491582,COLTSWOOD ROAD GREENHILL COATBRIDGE,S01011592,Developable - Undetermined,273407,665843,Other Private,Not applicable (i.e. only one owner),2013,Education,0.43,Derelict,S12000050,e75f31cd-4d1d-49e4-a5a3-c3d4c9ef1d5d,2025-11-30,1260
pub_vdl.2428,North Lanarkshire,ABANDONED YARD,NL008501659,MARION STREET BELLSHILL,S01011525,Developable - Medium Term,274807,660480,Other Private,Not applicable (i.e. only one owner),2014,Storage,0.21,Derelict,S12000050,e75f31cd-4d1d-49e4-a5a3-c3d4c9ef1d5d,2025-11-30,1291
pub_vdl.2238,North Lanarkshire,SITE OF FORMER CLUB,NL008491586,JARVIE AVENUE PLAINS,S01011678,Developable - Undetermined,279548,666832,Other Private,Not applicable (i.e. only one owner),2001-2004,Community & Health,0.13,Derelict,S12000050,e75f31cd-4d1d-49e4-a5a3-c3d4c9ef1d5d,2025-11-30,1261
pub_vdl.2239,North Lanarkshire,SITE OF FORMER BRAEHEAD BRICKWORKS,NL008491587,BREDISHOLM ROAD BARGEDDIE,S01011552,Developable - Undetermined,270183,663656,Scottish Government,Not applicable (i.e. only one owner),1991-1995,Agriculture,0.66,Derelict,S12000050,e75f31cd-4d1d-49e4-a5a3-c3d4c9ef1d5d,2025-11-30,1262
pub_vdl.2241,North Lanarkshire,SITE OF FORMER LNG STORAGE FACILITY,NL008491633,MOLLINSBURN ROAD ANNATHILL,S01011687,Uneconomic to Develop/Soft End Use,274041,668312,Private Gas,Not applicable (i.e. only one owner),2014,Storage,12.41,Derelict,S12000050,e75f31cd-4d1d-49e4-a5a3-c3d4c9ef1d5d,2025-11-30,1284
pub_vdl.2242,North Lanarkshire,VACANT YARD,NL008491636,GARTGILL ROAD COATBRIDGE,S01011590,Developable - Undetermined,272081,666807,Local Authority,Other Private,Unknown,Residential - Housing,0.42,Derelict,S12000050,e75f31cd-4d1d-49e4-a5a3-c3d4c9ef1d5d,2025-11-30,1285
pub_vdl.2250,North Lanarkshire,SITE OF FORMER MST FACTORY (HSG SITE NLMK1254),NL008491716,HOGG STREET AIRDRIE,S01011643,Developable - Short Term,276373,664982,Other Private,Not applicable (i.e. only one owner),2015,Manufacturing,0.46,Derelict,S12000050,e75f31cd-4d1d-49e4-a5a3-c3d4c9ef1d5d,2025-11-30,1308
pub_vdl.2429,North Lanarkshire,SITE OF FORMER NEWARTHILL GARDEN CENTRE,NL008501666,LEGBRANNOCK ROAD NEWARTHILL MOTHERWELL,S01011446,Developable - Undetermined,278271,660098,Other Private,Not applicable (i.e. only one owner),2014,Retailing,0.43,Derelict,S12000050,e75f31cd-4d1d-49e4-a5a3-c3d4c9ef1d5d,2025-11-30,1292
pub_vdl.2243,North Lanarkshire,SITE OF FORMER DRUMPARK SCHOOL,NL008491645,COATBRIDGE ROAD COATBRIDGE,S01011554,Developable - Short Term,270698,664538,Local Authority,Not applicable (i.e. only one owner),2014,Education,2.02,Derelict,S12000050,e75f31cd-4d1d-49e4-a5a3-c3d4c9ef1d5d,2025-11-30,1286
pub_vdl.2276,North Lanarkshire,SITE OF FORMER GARNQUEEN FARM,NL008491976,MAIN STREET GLENBOIG,S01011691,Developable - Short Term,271651,668336,Other Private,Not applicable (i.e. only one owner),2021,Agriculture,0.71,Derelict,S12000050,e75f31cd-4d1d-49e4-a5a3-c3d4c9ef1d5d,2025-11-30,1402
pub_vdl.2244,North Lanarkshire,YARD - SITE B,NL008491647,SOUTERHOUSE PATH DUNDYVAN INDUSTRIAL ESTATE COATBRIDGE,S01011573,Developable - Medium Term,272730,664151,Other Private,Not applicable (i.e. only one owner),2014,Storage,0.36,Vacant Land,S12000050,e75f31cd-4d1d-49e4-a5a3-c3d4c9ef1d5d,2025-11-30,1287
pub_vdl.2245,North Lanarkshire,FORMER ROCHSOLLOCH PRIMARY SCHOOL,NL008491649,BELLSDYKE ROAD CAIRNHILL AIRDRIE,S01011650,Developable - Short Term,275121,664989,Other Private,Local Authority,2014,Education,0.57,Vacant Land and Buildings,S12000050,e75f31cd-4d1d-49e4-a5a3-c3d4c9ef1d5d,2025-11-30,1288
pub_vdl.2246,South Lanarkshire,,8375384,SKYLAW TERRACE FORTH,S01012591,Developable - Undetermined,294461,653951,Local Authority,Not applicable (i.e. only one owner),2022,Residential - Housing,0.12,Vacant Land,S12000029,4cf4f231-9ae8-4dbd-9503-7e1cd53a5b86,2025-11-30,2916
pub_vdl.2247,North Lanarkshire,SITE OF BURNT-OUT AGRICULTURAL BUILDINGS,NL008491651,DUNSISTON ROAD SALSBURGH,S01011446,Developable - Undetermined,280095,664018,Other Private,Not applicable (i.e. only one owner),2014,Agriculture,0.26,Derelict,S12000050,e75f31cd-4d1d-49e4-a5a3-c3d4c9ef1d5d,2025-11-30,1289
pub_vdl.2248,North Lanarkshire,ABANDONED HOUSING SITE,NL008491710,HEATHERYFORD GARDENS PLAINS,S01011677,Developable - Undetermined,279514,667372,Other Private,Not applicable (i.e. only one owner),2012,Residential - Housing,0.1,Derelict,S12000050,e75f31cd-4d1d-49e4-a5a3-c3d4c9ef1d5d,2025-11-30,1305
pub_vdl.2249,North Lanarkshire,LAND SOUTH OF BARGEDDIE STATION,NL008491711,LANGMUIR ROAD BARGEDDIE,S01011552,Developable - Undetermined,270238,663916,Network Rail/ Rail Franchise Holder,Not applicable (i.e. only one owner),1980 or earlier,Transport,0.34,Derelict,S12000050,e75f31cd-4d1d-49e4-a5a3-c3d4c9ef1d5d,2025-11-30,1306
pub_vdl.2251,North Lanarkshire,FORMER DALMACOUTTER WASTE TRANSFER STATION,NL008491729,STIRLING ROAD AIRDRIE,S01011685,Developable - Short Term,276808,667494,Local Authority,Not applicable (i.e. only one owner),2012,Community & Health,1.25,Derelict,S12000050,e75f31cd-4d1d-49e4-a5a3-c3d4c9ef1d5d,2025-11-30,1314
pub_vdl.2252,North Lanarkshire,LAND TO REAR OF RIGGEND FILLING STATION,NL008491735,STIRLING ROAD AIRDRIE,S01011685,Developable - Undetermined,276527,670093,Other Private,Not applicable (i.e. only one owner),2016,Storage,0.39,Derelict,S12000050,e75f31cd-4d1d-49e4-a5a3-c3d4c9ef1d5d,2025-11-30,1316
pub_vdl.2253,North Lanarkshire,FORMER PLAYGROUND,NL008491736,HILLVIEW GREENGAIRS,S01011683,Developable - Undetermined,278654,670722,Local Authority,Not applicable (i.e. only one owner),2016,Recreation & Leisure,0.25,Derelict,S12000050,e75f31cd-4d1d-49e4-a5a3-c3d4c9ef1d5d,2025-11-30,1317
pub_vdl.2254,North Lanarkshire,HOUSING SITE NLMK1151,NL008491870,DYKEHEAD ROAD AIRDRIE,S01011660,Developable - Undetermined,275725,666733,Local Authority,Not applicable (i.e. only one owner),2018,Mineral Activity,0.71,Vacant Land,S12000050,e75f31cd-4d1d-49e4-a5a3-c3d4c9ef1d5d,2025-11-30,1363
pub_vdl.2255,North Lanarkshire,SITE OF FORMER UNITY PUBLIC HOUSE,NL008491745,COATBRIDGE ROAD BARGEDDIE,S01011554,Developable - Undetermined,269950,664600,Other Private,Not applicable (i.e. only one owner),2016,Other,0.15,Derelict,S12000050,e75f31cd-4d1d-49e4-a5a3-c3d4c9ef1d5d,2025-11-30,1318
pub_vdl.2262,North Lanarkshire,PROPOSED HOUSING SITE NLMK1158,NL008491871,LEAEND ROAD WHINHALL AIRDRIE,S01011688,Developable - Undetermined,275266,666064,Local Authority,Not applicable (i.e. only one owner),2018,Mineral Activity,1.54,Vacant Land,S12000050,e75f31cd-4d1d-49e4-a5a3-c3d4c9ef1d5d,2025-11-30,1364
pub_vdl.2256,North Lanarkshire,SITE FOR PROPOSED POTATO PROCESSING FACTORY,NL008491810,GREENGAIRS ROAD GREENGAIRS,S01011683,Developable - Medium Term,277324,669298,Other Private,Not applicable (i.e. only one owner),2017,Mineral Activity,42.45,Derelict,S12000050,e75f31cd-4d1d-49e4-a5a3-c3d4c9ef1d5d,2025-11-30,1340
pub_vdl.2257,North Lanarkshire,INDUSTRIAL SITE AT EAST SHAWHEAD,NL008491830,A8 SHAWHEAD EASTBOUND SLIP ROADS COATBRIDGE,S01011602,Developable - Medium Term,274274,663087,Other Private,Not applicable (i.e. only one owner),2017,Manufacturing,12.33,Derelict,S12000050,e75f31cd-4d1d-49e4-a5a3-c3d4c9ef1d5d,2025-11-30,1344
pub_vdl.2658,Scottish Borders,EAST OF COMMUNITY HOSPITAL,CENHAW201,VICTORIA ROAD HAWICK,S01012372,Developable - Short Term,349899,614687,Unknown Private,Not applicable (i.e. only one owner),Unknown,Manufacturing,0.23,Derelict,S12000026,1aa58bd6-c9cf-4a03-93b7-9f6603cc4ab3,2025-12-03,2320
pub_vdl.2258,North Lanarkshire,SITE OF FORMER LAGTA TRAINING CENTRE,NL008491866,PALACECRAIG STREET COATBRIDGE,S01011566,Developable - Undetermined,273375,663303,Other Private,Not applicable (i.e. only one owner),2018,Other General Industry,0.57,Derelict,S12000050,e75f31cd-4d1d-49e4-a5a3-c3d4c9ef1d5d,2025-11-30,1360
pub_vdl.2259,North Lanarkshire,ABANDONED YARD (CENTRAL),NL008491867,LOCKS STREET COATBRIDGE,S01011600,Developable - Short Term,274607,664529,Other Private,Not applicable (i.e. only one owner),2018,Storage,0.15,Vacant Land,S12000050,e75f31cd-4d1d-49e4-a5a3-c3d4c9ef1d5d,2025-11-30,1361
pub_vdl.2260,North Lanarkshire,INDUSTRIAL SITE NLC00599,NL008491869,NORTHBURN ROAD COATBRIDGE,S01011594,Developable - Undetermined,274154,666134,Local Authority,Not applicable (i.e. only one owner),2016,Manufacturing,0.2,Derelict,S12000050,e75f31cd-4d1d-49e4-a5a3-c3d4c9ef1d5d,2025-11-30,1362
pub_vdl.2261,North Lanarkshire,SITE OF FORMER POLICE STATION,NL008491958,MAIN STREET GLENBOIG,S01011690,Developable - Short Term,272243,668590,Local Authority,Not applicable (i.e. only one owner),2020,Residential - Housing,0.24,Derelict,S12000050,e75f31cd-4d1d-49e4-a5a3-c3d4c9ef1d5d,2025-11-30,1396
pub_vdl.2270,North Lanarkshire,FORMER RECREATION GROUND (NLMK1265),NL008491903,MACARTHUR AVENUE GLENMAVIS,S01011688,Developable - Undetermined,274811,667418,Local Authority,Not applicable (i.e. only one owner),2019,Recreation & Leisure,1.63,Vacant Land,S12000050,e75f31cd-4d1d-49e4-a5a3-c3d4c9ef1d5d,2025-11-30,1376
pub_vdl.2263,North Lanarkshire,HOUSING SITE EAST OF STAND( NLMK1150),NL008491878,STIRLING ROAD AIRDRIE,S01011685,Developable - Medium Term,276891,668886,Other Private,Not applicable (i.e. only one owner),2018,Mineral Activity,49.75,Derelict,S12000050,e75f31cd-4d1d-49e4-a5a3-c3d4c9ef1d5d,2025-11-30,1365
pub_vdl.2264,North Lanarkshire,BIOCITY SCIENCE PARK EXPANSION SITE,NL008491881,BO'NESS ROAD HOLYTOWN,S01011446,Developable - Short Term,277649,661863,Other Private,Not applicable (i.e. only one owner),2001-2004,Mineral Activity,0.8,Vacant Land,S12000050,e75f31cd-4d1d-49e4-a5a3-c3d4c9ef1d5d,2025-11-30,1367
pub_vdl.2265,North Lanarkshire,EAST OF NO 111,NL008491890,MAIN STREET LONGRIGGEND,S01011682,Developable - Short Term,282435,670251,Other Private,Not applicable (i.e. only one owner),2012,Residential - Housing,0.16,Vacant Land,S12000050,e75f31cd-4d1d-49e4-a5a3-c3d4c9ef1d5d,2025-11-30,1369
pub_vdl.2266,North Lanarkshire,FORMER REMAND CENTRE CAR PARK,NL008491896,AVONHEAD ROAD AIRDRIE,S01011683,Developable - Undetermined,280540,671045,Other Private,Not applicable (i.e. only one owner),1996-2000,Transport,0.56,Derelict,S12000050,e75f31cd-4d1d-49e4-a5a3-c3d4c9ef1d5d,2025-11-30,1372
pub_vdl.2267,North Lanarkshire,FORMER ST MARY'S PS PLAYING FIELD (HSG SITE NLMK05,NL008491901,HILL STREET CALDERCRUIX,S01011682,Developable - Undetermined,281786,668164,Local Authority,Not applicable (i.e. only one owner),2008,Education,1.07,Derelict,S12000050,e75f31cd-4d1d-49e4-a5a3-c3d4c9ef1d5d,2025-11-30,1374
pub_vdl.2268,North Lanarkshire,LAND TO THE REAR OF SHOTTS NURSERY CENTRE,NL008500176,QUARRY ROAD SHOTTS,S01011429,Developable - Undetermined,286571,660354,Local Authority,Not applicable (i.e. only one owner),1981-1985,Education,0.42,Derelict,S12000050,e75f31cd-4d1d-49e4-a5a3-c3d4c9ef1d5d,2025-11-30,1128
pub_vdl.2269,North Lanarkshire,QUADRANT SHOPPING CENTRE REDEVELOPMENT NORTH,NL008491902,DUNBETH ROAD COATBRIDGE,S01011596,Developable - Undetermined,273464,665124,Other Private,Not applicable (i.e. only one owner),2019,Retailing,1.29,Vacant Land and Buildings,S12000050,e75f31cd-4d1d-49e4-a5a3-c3d4c9ef1d5d,2025-11-30,1375
pub_vdl.2272,North Lanarkshire,SITE OF FORMER MONKLANDS HOUSE,NL008491908,STANRIGG STREET PLAINS,S01011675,Developable - Undetermined,279245,666647,Local Authority,Not applicable (i.e. only one owner),2019,Residential - Housing,0.55,Derelict,S12000050,e75f31cd-4d1d-49e4-a5a3-c3d4c9ef1d5d,2025-11-30,1378
pub_vdl.2273,North Lanarkshire,LAND NORTH OF BOOTS DEPOT,NL008491911,KIRKSHAWS ROAD KIRKSHAWS COATBRIDGE,S01011566,Developable - Medium Term,273225,662974,Other Private,Not applicable (i.e. only one owner),2019,Transport,1.93,Vacant Land,S12000050,e75f31cd-4d1d-49e4-a5a3-c3d4c9ef1d5d,2025-11-30,1379
pub_vdl.2274,North Lanarkshire,MADE GROUND - FORMER AIRDRIE & NEWHOUSE BRANCH LIN,NL008491959,GIBB STREET CHAPELHALL,S01011617,Developable - Short Term,277882,663012,Local Authority,Not applicable (i.e. only one owner),2020,Transport,1.59,Vacant Land,S12000050,e75f31cd-4d1d-49e4-a5a3-c3d4c9ef1d5d,2025-11-30,1397
pub_vdl.2289,North Lanarkshire,SITE OF FORMER ALMOND COTTAGE,NL008500097,SIDEHEAD ROAD HARTHILL,S01011439,Developable - Undetermined,290391,664078,Other Private,Not applicable (i.e. only one owner),1981-1985,Agriculture,0.42,Derelict,S12000050,e75f31cd-4d1d-49e4-a5a3-c3d4c9ef1d5d,2025-11-30,1020
pub_vdl.2275,North Lanarkshire,SITE OF FORMER KIRKWOOD SPORTS BARN AND PITCHES,NL008491966,MITCHELL STREET KIRKWOOD COATBRIDGE,S01011557,Developable - Undetermined,270622,663780,Local Authority,Not applicable (i.e. only one owner),2021,Recreation & Leisure,2.93,Derelict,S12000050,e75f31cd-4d1d-49e4-a5a3-c3d4c9ef1d5d,2025-11-30,1400
pub_vdl.2277,North Lanarkshire,SITE OF FORMER BURNSIDE COURT TOWER BLOCK (NLMK129,NL008491977,KIRK STREET COATBRIDGE,S01011580,Developable - Undetermined,272847,664487,Local Authority,Not applicable (i.e. only one owner),2021,Residential - Housing,0.52,Derelict,S12000050,e75f31cd-4d1d-49e4-a5a3-c3d4c9ef1d5d,2025-11-30,1403
pub_vdl.2278,North Lanarkshire,GAP SITE (FORMER HSGSITE NLMW0222),NL008500188,CAMBUSNETHAN STREET CAMBUSNETHAN WISHAW,S01011404,Developable - Undetermined,280824,655498,Local Authority,Other Private,1981-1985,Residential - Housing,0.19,Vacant Land,S12000050,e75f31cd-4d1d-49e4-a5a3-c3d4c9ef1d5d,2025-11-30,1016
pub_vdl.2279,North Lanarkshire,SITE OF FORMER WILLOWBANK SCHOOL,NL008491978,BANK STREET COATBRIDGE,S01011577,Developable - Short Term,272091,664526,Local Authority,Not applicable (i.e. only one owner),2021,Education,0.19,Derelict,S12000050,e75f31cd-4d1d-49e4-a5a3-c3d4c9ef1d5d,2025-11-30,1404
pub_vdl.2280,North Lanarkshire,SITE OF FORMER BECOGENT / TELEPERFORMANCE OFFICES,NL008492006,VICTORIA PLACE AIRDRIE,S01011650,Developable - Undetermined,275145,664874,Other Private,Not applicable (i.e. only one owner),2022,Offices,1.96,Derelict,S12000050,e75f31cd-4d1d-49e4-a5a3-c3d4c9ef1d5d,2025-11-30,1411
pub_vdl.2281,North Lanarkshire,SITE OF FORMER PENTLAND SCHOOL,NL008492014,TAY STREET COATBRIDGE,S01011589,Developable - Undetermined,271406,666404,Local Authority,Not applicable (i.e. only one owner),2022,Education,0.36,Derelict,S12000050,e75f31cd-4d1d-49e4-a5a3-c3d4c9ef1d5d,2025-11-30,1414
pub_vdl.2282,North Lanarkshire,SITE OF FORMER FOUR STOREY COUNCIL HOUSES BLOCKS (,NL008492020,BURLEIGH PLACE SHAWHEAD COATBRIDGE,S01011604,Developable - Short Term,274060,663246,Local Authority,Not applicable (i.e. only one owner),2022,Residential - Housing,1.48,Derelict,S12000050,e75f31cd-4d1d-49e4-a5a3-c3d4c9ef1d5d,2025-11-30,1420
pub_vdl.2283,North Lanarkshire,FORMER COUNCIL HOUSES,NL008492021,DUNOTTAR AVENUE COATBRIDGE,S01011604,Developable - Short Term,273941,663222,Local Authority,Not applicable (i.e. only one owner),2022,Residential - Housing,0.58,Derelict,S12000050,e75f31cd-4d1d-49e4-a5a3-c3d4c9ef1d5d,2025-11-30,1421
pub_vdl.2284,North Lanarkshire,SITE OF FORMER WHITEGATES ENGINEERING WKS,NL008500006,EXCELSIOR STREET CRAIGNEUK WISHAW,S01011387,Developable - Undetermined,277770,655271,Other Private,Not applicable (i.e. only one owner),1981-1985,Manufacturing,1.34,Derelict,S12000050,e75f31cd-4d1d-49e4-a5a3-c3d4c9ef1d5d,2025-11-30,1007
pub_vdl.2288,North Lanarkshire,FORMER CURRIESIDE OLD QUARRIES,NL008500082,QUARRY ROAD SHOTTS,S01011429,Uneconomic to Develop/Soft End Use,286633,660187,Other Private,Not applicable (i.e. only one owner),1981-1985,Mineral Activity,0.89,Derelict,S12000050,e75f31cd-4d1d-49e4-a5a3-c3d4c9ef1d5d,2025-11-30,1032
pub_vdl.2430,North Lanarkshire,COMPOUND - EAST,NL008501760,UNTHANK ROAD BELLSHILL,S01011525,Developable - Medium Term,274168,660520,Other Private,Not applicable (i.e. only one owner),2016,Other General Industry,0.65,Vacant Land,S12000050,e75f31cd-4d1d-49e4-a5a3-c3d4c9ef1d5d,2025-11-30,1322
pub_vdl.2290,North Lanarkshire,INDUSTRIAL SITE NLS00335,NL008500099,CANYON STREET NETHERTON INDUSTRIAL ESTATE WISHAW,S01011365,Developable - Medium Term,278290,654557,Local Authority,Not applicable (i.e. only one owner),1986-1990,Manufacturing,0.24,Vacant Land,S12000050,e75f31cd-4d1d-49e4-a5a3-c3d4c9ef1d5d,2025-11-30,1027
pub_vdl.2297,North Lanarkshire,SITE OF FORMER CLYDESDALE COLLEGE,NL008500245,CLYDESDALE STREET NEW STEVENSTON MOTHERWELL,S01011463,Developable - Undetermined,275187,659967,Local Authority,Not applicable (i.e. only one owner),1981-1985,Recreation & Leisure,0.53,Derelict,S12000050,e75f31cd-4d1d-49e4-a5a3-c3d4c9ef1d5d,2025-11-30,1021
pub_vdl.2298,North Lanarkshire,HOARDINGS SITE EAST,NL008500338,GLASGOW ROAD WISHAW,S01011385,Developable - Short Term,278648,655227,Local Authority,Other Private,1986-1990,Residential - Housing,0.24,Derelict,S12000050,e75f31cd-4d1d-49e4-a5a3-c3d4c9ef1d5d,2025-11-30,1031
pub_vdl.2285,North Lanarkshire,FORMER ROYAL GEORGE WASHERY SITE (HOUSING SITE NLM,NL008500079,OVERTOWN ROAD NEWMAINS,S01011426,Developable - Undetermined,282072,654860,Other Private,Not applicable (i.e. only one owner),1981-1985,Mineral Activity,27.76,Derelict,S12000050,e75f31cd-4d1d-49e4-a5a3-c3d4c9ef1d5d,2025-11-30,1038
pub_vdl.2286,North Lanarkshire,FORMER HOUSING SITE NLMW0181,NL008500081,OLD EDINBURGH ROAD VIEWPARK UDDINGSTON,S01011537,Developable - Undetermined,270277,661503,Other Private,Not applicable (i.e. only one owner),1981-1985,Recreation & Leisure,0.2,Vacant Land,S12000050,e75f31cd-4d1d-49e4-a5a3-c3d4c9ef1d5d,2025-11-30,1018
pub_vdl.2287,North Lanarkshire,NORTH BELLSHILL,NL008500166,BAIRDSLAND VIEW BELLSHILL,S01011525,Developable - Short Term,273749,660757,Other Private,Not applicable (i.e. only one owner),1981-1985,Mineral Activity,1.05,Derelict,S12000050,e75f31cd-4d1d-49e4-a5a3-c3d4c9ef1d5d,2025-11-30,1141
pub_vdl.2291,North Lanarkshire,LAND WEST OF ROSEHALL ROAD,NL008500113,ROSEHALL ROAD DYKEHEAD SHOTTS,S01011430,Developable - Medium Term,286638,659870,Other Private,Not applicable (i.e. only one owner),1981-1985,Unknown,1.83,Derelict,S12000050,e75f31cd-4d1d-49e4-a5a3-c3d4c9ef1d5d,2025-11-30,1034
pub_vdl.2292,North Lanarkshire,THE VOE- FORMER NORTHFIELD COLLIERY (HLA NLMW1167),NL008500153,TORBOTHIE ROAD SHOTTS,S01011439,Developable - Undetermined,288556,660405,Other Private,Not applicable (i.e. only one owner),1981-1985,Mineral Activity,31.91,Derelict,S12000050,e75f31cd-4d1d-49e4-a5a3-c3d4c9ef1d5d,2025-11-30,1035
pub_vdl.2295,North Lanarkshire,HATTONRIGG B (ILAND NLS00258),NL008500217,BAIRDSLAND VIEW BELLSHILL,S01011525,Developable - Undetermined,273978,660783,Other Private,Not applicable (i.e. only one owner),1981-1985,Prepared Ground,2.14,Vacant Land,S12000050,e75f31cd-4d1d-49e4-a5a3-c3d4c9ef1d5d,2025-11-30,1095
pub_vdl.2296,North Lanarkshire,FORMER CALDERHEAD COLLIERY & BING,NL008500218,BENHAR ROAD SHOTTS,S01011439,Uneconomic to Develop/Soft End Use,287680,661517,Other Private,Not applicable (i.e. only one owner),1981-1985,Mineral Activity,14.61,Derelict,S12000050,e75f31cd-4d1d-49e4-a5a3-c3d4c9ef1d5d,2025-11-30,1008
pub_vdl.2299,North Lanarkshire,HOARDINGS SITE WEST,NL008500339,GLASGOW ROAD WISHAW,S01011385,Developable - Undetermined,278589,655234,Other Private,Not applicable (i.e. only one owner),1986-1990,Residential - Housing,0.17,Derelict,S12000050,e75f31cd-4d1d-49e4-a5a3-c3d4c9ef1d5d,2025-11-30,1030
pub_vdl.2293,North Lanarkshire,FORMER LANARKSHIRE STEELWORKS SITE,NL008500191,CRAIGNEUK STREET MOTHERWELL,S01011451,Developable - Undetermined,276576,656576,Other Private,Not applicable (i.e. only one owner),1981-1985,Manufacturing,36.74,Derelict,S12000050,e75f31cd-4d1d-49e4-a5a3-c3d4c9ef1d5d,2025-11-30,1098
pub_vdl.2294,North Lanarkshire,SITE OF FORMER PUB AND HOUSE,NL008501511,CHURCH STREET NEWARTHILL MOTHERWELL,S01011452,Developable - Undetermined,278610,659727,Other Private,Other Private,2012,Residential - Housing,0.29,Derelict,S12000050,e75f31cd-4d1d-49e4-a5a3-c3d4c9ef1d5d,2025-11-30,1238
pub_vdl.2301,North Lanarkshire,SITE OF FORMER GAS DEPOT,NL008500483,MILL ROAD MOTHERWELL,S01011471,Developable - Undetermined,275506,657417,Private Gas,Not applicable (i.e. only one owner),1996-2000,Storage,0.77,Derelict,S12000050,e75f31cd-4d1d-49e4-a5a3-c3d4c9ef1d5d,2025-11-30,1019
pub_vdl.2310,Stirling,CRUACHAN AVENUE/ETIVE PLACE,VD0248,CORNTON STIRLING,S01013077,Unknown (uncertain/insufficient information),279577,695134,Local Authority,Not applicable (i.e. only one owner),2008,Residential - Housing,0.57,Vacant Land,S12000030,dd28664f-14da-4932-ac1c-264210f9e1a0,2024-09-04,89
pub_vdl.2313,North Lanarkshire,HARESTONEHILLS BING,NL008500502,HARESTONHILL FARM NEWMAINS,S01011426,Uneconomic to Develop/Soft End Use,282527,654088,Other Private,Not applicable (i.e. only one owner),1996-2000,Mineral Activity,1.27,Derelict,S12000050,e75f31cd-4d1d-49e4-a5a3-c3d4c9ef1d5d,2025-11-30,1045
pub_vdl.2431,North Lanarkshire,ABANDONED YARD (THANKERTON COLLIERY PIT NO2),NL008501762,CARDEAN ROAD BELLSHILL,S01011497,Developable - Undetermined,275085,660534,Other Private,Not applicable (i.e. only one owner),2016,Mineral Activity,0.18,Derelict,S12000050,e75f31cd-4d1d-49e4-a5a3-c3d4c9ef1d5d,2025-11-30,1323
pub_vdl.2304,North Lanarkshire,SITE TO REAR OF FORMER SMITH'S CLOCK WORKS,NL008500409,SMITH AVENUE GOWKTHRAPPLE WISHAW,S01011362,Developable - Undetermined,279400,653766,Other Private,Not applicable (i.e. only one owner),1986-1990,Manufacturing,6.58,Derelict,S12000050,e75f31cd-4d1d-49e4-a5a3-c3d4c9ef1d5d,2025-11-30,1017
pub_vdl.2302,North Lanarkshire,HATTONRIGG C (INDUSTRIAL LAND SITE NLS00311),NL008500251,REEMA ROAD BELLSHILL,S01011525,Developable - Short Term,274329,660970,Other Private,Not applicable (i.e. only one owner),1981-1985,Community & Health,13.25,Derelict,S12000050,e75f31cd-4d1d-49e4-a5a3-c3d4c9ef1d5d,2025-11-30,1127
pub_vdl.2303,North Lanarkshire,FORMER HOUSING SITE NLMW0386,NL008500256,OLD EDINBURGH ROAD VIEWPARK UDDINGSTON,S01011533,Developable - Undetermined,271629,660804,Other Private,Not applicable (i.e. only one owner),1981-1985,Residential - Housing,0.11,Vacant Land,S12000050,e75f31cd-4d1d-49e4-a5a3-c3d4c9ef1d5d,2025-11-30,1006
pub_vdl.2305,North Lanarkshire,LAND EAST OF LADYSMITH STREET NLMW0540,NL008500416,SHIELDMUIR STREET CRAIGNEUK WISHAW,S01011383,Developable - Undetermined,277562,655587,Local Authority,Other Private,1986-1990,Residential - Housing,0.3,Vacant Land,S12000050,e75f31cd-4d1d-49e4-a5a3-c3d4c9ef1d5d,2025-11-30,1005
pub_vdl.2306,North Lanarkshire,ADNNDONED YARD,NL008500431,NORTH AND SOUTH ROAD CLELAND,S01011429,Developable - Undetermined,281006,658483,Other Private,Not applicable (i.e. only one owner),1991-1995,Other General Industry,0.4,Derelict,S12000050,e75f31cd-4d1d-49e4-a5a3-c3d4c9ef1d5d,2025-11-30,1028
pub_vdl.2307,North Lanarkshire,LAND TO REAR OF FIRE STATION,NL008500450,EASTER ROAD SHOTTS,S01011431,Developable - Undetermined,286878,660089,Local Authority,Not applicable (i.e. only one owner),1991-1995,Residential - Housing,0.12,Vacant Land,S12000050,e75f31cd-4d1d-49e4-a5a3-c3d4c9ef1d5d,2025-11-30,1033
pub_vdl.2308,North Lanarkshire,RAVENSCRAIG EAST - SOUTH SITE,NL008500468,ROBBERHALL ROAD MOTHERWELL,S01011451,Developable - Undetermined,277493,656697,Other Private,Not applicable (i.e. only one owner),1991-1995,Manufacturing,103.28,Derelict,S12000050,e75f31cd-4d1d-49e4-a5a3-c3d4c9ef1d5d,2025-11-30,1301
pub_vdl.2309,North Lanarkshire,SITE AT PICKERINGS CORNER,NL008500472,NETHERTON ROAD NETHERTON WISHAW,S01011362,Developable - Undetermined,278948,654267,Other Private,Not applicable (i.e. only one owner),1991-1995,Storage,0.35,Derelict,S12000050,e75f31cd-4d1d-49e4-a5a3-c3d4c9ef1d5d,2025-11-30,1101
pub_vdl.2324,West Dunbartonshire,BOQUHANRAN ROAD,8360025,DUMBARTON ROAD CLYDEBANK,S01013131,Developable - Medium Term,248934,670826,Water Authority,Not applicable (i.e. only one owner),1981-1985,Unknown,0.64,Derelict,S12000039,af18f63e-8691-432f-a124-f0971d344397,2024-01-31,61
pub_vdl.2314,North Lanarkshire,FORMER SOUTHFIELD COLLIERY AND BING,NL008500509,TORBOTHIE ROAD SHOTTS,S01011439,Uneconomic to Develop/Soft End Use,290260,659620,Other Private,Not applicable (i.e. only one owner),1980 or earlier,Mineral Activity,11.92,Derelict,S12000050,e75f31cd-4d1d-49e4-a5a3-c3d4c9ef1d5d,2025-11-30,1040
pub_vdl.2315,North Lanarkshire,FORMER CAIRNEY HEAD FARM,NL008500510,TORBOTHIE ROAD STANE SHOTTS,S01011439,Uneconomic to Develop/Soft End Use,289094,660106,Other Private,Not applicable (i.e. only one owner),1996-2000,Agriculture,0.54,Derelict,S12000050,e75f31cd-4d1d-49e4-a5a3-c3d4c9ef1d5d,2025-11-30,1039
pub_vdl.2316,North Lanarkshire,HARTWOOD BING,NL008500517,HARTWOOD ROAD HARTWOOD,S01011429,Uneconomic to Develop/Soft End Use,284844,659602,Other Private,Not applicable (i.e. only one owner),1980 or earlier,Mineral Activity,2.11,Derelict,S12000050,e75f31cd-4d1d-49e4-a5a3-c3d4c9ef1d5d,2025-11-30,1104
pub_vdl.2317,North Lanarkshire,DERELICT BUILDING WEST OF TORRANCE FARM,NL008500523,HARTHILL ROAD HARTHILL,S01011682,Developable - Undetermined,290443,666110,Other Private,Not applicable (i.e. only one owner),1980 or earlier,Residential - Housing,0.45,Derelict,S12000050,e75f31cd-4d1d-49e4-a5a3-c3d4c9ef1d5d,2025-11-30,1044
pub_vdl.2311,North Lanarkshire,SITE OF FORMER CLYDESDALE IRON & STEEL WORKS,NL008500473,CLYDESDALE ROAD NEW STEVENSTON MOTHERWELL,S01011463,Developable - Medium Term,275383,659596,Other Private,Not applicable (i.e. only one owner),1991-1995,Manufacturing,33.9,Derelict,S12000050,e75f31cd-4d1d-49e4-a5a3-c3d4c9ef1d5d,2025-11-30,1060
pub_vdl.2312,North Lanarkshire,SITE OF FORMER BUS DEPOT,NL008500495,MARSHALL STREET WISHAW,S01011389,Developable - Undetermined,278872,655100,Other Private,Not applicable (i.e. only one owner),1996-2000,Residential - Housing,0.31,Derelict,S12000050,e75f31cd-4d1d-49e4-a5a3-c3d4c9ef1d5d,2025-11-30,1009
pub_vdl.2318,North Lanarkshire,EUROCENTRAL PLOT R EAST (NLS00008),NL008500535,BYRAMSMUIR ROAD NEWHOUSE,S01011504,Developable - Short Term,275137,661964,Scottish Enterprise,Other Private,1991-1995,Prepared Ground,5.84,Vacant Land,S12000050,e75f31cd-4d1d-49e4-a5a3-c3d4c9ef1d5d,2025-11-30,1140
pub_vdl.2319,North Lanarkshire,SITE OF FORMER SCHOOLHOUSE,NL008501619,MORNINGSIDE ROAD MORNINGSIDE NEWMAINS,S01011426,Developable - Undetermined,283433,654562,Other Private,Not applicable (i.e. only one owner),2013,Education,0.17,Derelict,S12000050,e75f31cd-4d1d-49e4-a5a3-c3d4c9ef1d5d,2025-11-30,1408
pub_vdl.2356,North Lanarkshire,SITE OF FORMER DSS OFFICE,NL008500751,WEST HAMILTON STREET MOTHERWELL,S01011473,Developable - Undetermined,275142,656854,Other National/Local Government,Not applicable (i.e. only one owner),2007,Offices,0.21,Derelict,S12000050,e75f31cd-4d1d-49e4-a5a3-c3d4c9ef1d5d,2025-11-30,1146
pub_vdl.2432,North Lanarkshire,ABANDONED GREENHOUSE AND CAR PARK,NL008501763,MOTHERWELL ROAD NEWHOUSE,S01011446,Developable - Undetermined,279366,661198,Other Private,Other Private,2016,Agriculture,0.1,Derelict,S12000050,e75f31cd-4d1d-49e4-a5a3-c3d4c9ef1d5d,2025-11-30,1324
pub_vdl.2325,North Lanarkshire,SITE SOUTH OF CRAIGNEUK & BELHAVEN CHURCH NLMW0559,NL008500559,CRAIGNEUK STREET CRAIGNEUK WISHAW,S01011382,Developable - Medium Term,277149,655975,Other Private,Not applicable (i.e. only one owner),1996-2000,Offices,0.37,Derelict,S12000050,e75f31cd-4d1d-49e4-a5a3-c3d4c9ef1d5d,2025-11-30,1300
pub_vdl.2331,North Lanarkshire,EUROCENTRAL PLOT S (NLS00010),NL008500568,CONDOR GLEN NEWHOUSE,S01011497,Developable - Short Term,275287,660825,Scottish Enterprise,Other Private,1991-1995,Prepared Ground,17.18,Vacant Land,S12000050,e75f31cd-4d1d-49e4-a5a3-c3d4c9ef1d5d,2025-11-30,1049
pub_vdl.2320,North Lanarkshire,BRANCHAL BING,NL008500525,BRANCHAL ROAD CAMBUSNETHAN WISHAW,S01011426,Uneconomic to Develop/Soft End Use,281146,656422,Other Private,Not applicable (i.e. only one owner),1980 or earlier,Mineral Activity,2.4,Derelict,S12000050,e75f31cd-4d1d-49e4-a5a3-c3d4c9ef1d5d,2025-11-30,1047
pub_vdl.2321,North Lanarkshire,SOUTH OF,NL008500527,GLENPARK STREET WISHAW,S01011401,Developable - Undetermined,279383,655513,Other Private,Not applicable (i.e. only one owner),1996-2000,Residential - Housing,0.13,Derelict,S12000050,e75f31cd-4d1d-49e4-a5a3-c3d4c9ef1d5d,2025-11-30,1046
pub_vdl.2322,North Lanarkshire,LAND EAST OF NETHERTON SHOPS,NL008500528,NETHERTON ROAD NETHERTON WISHAW,S01011365,Developable - Undetermined,278011,654507,Other Private,Not applicable (i.e. only one owner),1991-1995,Transport,0.17,Derelict,S12000050,e75f31cd-4d1d-49e4-a5a3-c3d4c9ef1d5d,2025-11-30,1036
pub_vdl.2323,North Lanarkshire,GAP SITE EAST OF NO39,NL008500551,HOLYTOWN ROAD HOLYTOWN,S01011497,Developable - Undetermined,275476,660449,Other Private,Not applicable (i.e. only one owner),1996-2000,Residential - Housing,0.21,Derelict,S12000050,e75f31cd-4d1d-49e4-a5a3-c3d4c9ef1d5d,2025-11-30,1090
pub_vdl.2326,North Lanarkshire,INDUSTRIAL SITE NLS00416,NL008500565,TOWNHEAD AVENUE NEWHOUSE,S01011504,Developable - Medium Term,275691,661905,Scottish Enterprise,Other Private,1991-1995,Prepared Ground,2.64,Derelict,S12000050,e75f31cd-4d1d-49e4-a5a3-c3d4c9ef1d5d,2025-11-30,1143
pub_vdl.2327,North Lanarkshire,EUROCENTRAL PLOT H (NLS00023),NL008500566,MCNEIL AVENUE NEWHOUSE,S01011504,Developable - Short Term,275349,661612,Scottish Enterprise,Other Private,1991-1995,Prepared Ground,4.2,Vacant Land,S12000050,e75f31cd-4d1d-49e4-a5a3-c3d4c9ef1d5d,2025-11-30,1048
pub_vdl.2328,North Lanarkshire,EUROCENTRAL PLOT Y (NLS00367),NL008500567,MCNEIL DRIVE NEWHOUSE,S01011504,Developable - Short Term,275186,661233,Local Authority,Not applicable (i.e. only one owner),1991-1995,Prepared Ground,1.31,Vacant Land,S12000050,e75f31cd-4d1d-49e4-a5a3-c3d4c9ef1d5d,2025-11-30,1192
pub_vdl.2329,North Lanarkshire,INDUSTRIAL SITE NLS00506,NL008500667,PHEONIX CRESCENT STRATHCLYDE BUSINESS PARK BELLSHILL,S01011532,Developable - Medium Term,272713,662076,Other Private,Not applicable (i.e. only one owner),2001-2004,Prepared Ground,0.44,Vacant Land,S12000050,e75f31cd-4d1d-49e4-a5a3-c3d4c9ef1d5d,2025-11-30,1108
pub_vdl.2330,West Dunbartonshire,41 (GAP SITE),8360029,DUMBARTON ROAD CLYDEBANK,S01013131,Developable - Medium Term,248924,670780,Ownership unknown,Not applicable (i.e. only one owner),1981-1985,Residential - Housing,0.18,Derelict,S12000039,af18f63e-8691-432f-a124-f0971d344397,2024-01-31,57
pub_vdl.2332,North Lanarkshire,EUROCENTRAL PLOT X (NLS00361),NL008500592,MCNEIL DRIVE NEWHOUSE,S01011504,Developable - Medium Term,275025,661329,Scottish Enterprise,Other Private,1991-1995,Prepared Ground,3.24,Derelict,S12000050,e75f31cd-4d1d-49e4-a5a3-c3d4c9ef1d5d,2025-11-30,1091
pub_vdl.2333,North Lanarkshire,EUROCENTRAL PLOT T (NLS00030),NL008500601,BRITTAIN WAY NEWHOUSE,S01011504,Developable - Medium Term,275855,660692,Scottish Enterprise,Other Private,1991-1995,Prepared Ground,3.79,Vacant Land,S12000050,e75f31cd-4d1d-49e4-a5a3-c3d4c9ef1d5d,2025-11-30,1092
pub_vdl.2334,North Lanarkshire,SITE OF FORMER CLYDE BOILER WORKS,NL008500606,PARK STREET MOTHERWELL,S01011473,Developable - Undetermined,275500,656928,Other Private,Other Private,2001-2004,Manufacturing,0.19,Derelict,S12000050,e75f31cd-4d1d-49e4-a5a3-c3d4c9ef1d5d,2025-11-30,1147
pub_vdl.2335,North Lanarkshire,VACANT GAP SITE,NL008500610,MAIN STREET MOSSEND BELLSHILL,S01011522,Developable - Undetermined,274165,660346,Local Authority,Other Private,2001-2004,Residential - Housing,0.13,Vacant Land,S12000050,e75f31cd-4d1d-49e4-a5a3-c3d4c9ef1d5d,2025-11-30,1093
pub_vdl.2336,North Lanarkshire,RAVENSCRAIG WEST,NL008500622,RAVENSCRAIG WEST MOTHERWELL,S01011451,Developable - Short Term,276403,657227,Other Private,Not applicable (i.e. only one owner),1991-1995,Manufacturing,56.97,Derelict,S12000050,e75f31cd-4d1d-49e4-a5a3-c3d4c9ef1d5d,2025-11-30,1099
pub_vdl.2337,North Lanarkshire,SITE OF FORMER GAS HOLDER,NL008500640,MILL ROAD MOTHERWELL,S01011471,Developable - Undetermined,275499,657510,Private Gas,Local Authority,2001-2004,Storage,1.12,Derelict,S12000050,e75f31cd-4d1d-49e4-a5a3-c3d4c9ef1d5d,2025-11-30,1100
pub_vdl.2338,North Lanarkshire,SITE OF FORMER COSTAIN WORKS WEST (HOUSING SITE NL,NL008500652,MAIN STREET NEWMAINS,S01011417,Developable - Short Term,282254,655485,Other Private,Not applicable (i.e. only one owner),1996-2000,Manufacturing,3.71,Derelict,S12000050,e75f31cd-4d1d-49e4-a5a3-c3d4c9ef1d5d,2025-11-30,1102
pub_vdl.2351,North Lanarkshire,SITE OF FORMER FACTORY,NL008500704,GOIL AVENUE RIGHEAD INDUSTRIAL ESTATE BELLSHILL,S01011532,Developable - Short Term,271824,661105,Other Private,Not applicable (i.e. only one owner),2001-2004,Other General Industry,1.19,Derelict,S12000050,e75f31cd-4d1d-49e4-a5a3-c3d4c9ef1d5d,2025-11-30,1124
pub_vdl.2666,Scottish Borders,THE ANNA,CENJED300,PLEASANCE/BRIDGE STREET JEDBURGH,S01012352,Developable - Short Term,365208,620922,Unknown Private,Not applicable (i.e. only one owner),Unknown,Other,0.17,Vacant Land,S12000026,1aa58bd6-c9cf-4a03-93b7-9f6603cc4ab3,2025-12-03,2324
pub_vdl.2339,North Lanarkshire,FORMER SEWAGE TREATMENT WORKS - WEST,NL008500655,LOANHEAD ROAD NEW STEVENSTON MOTHERWELL,S01011460,Developable - Undetermined,276815,659256,Other Private,Not applicable (i.e. only one owner),1996-2000,Community & Health,1.84,Derelict,S12000050,e75f31cd-4d1d-49e4-a5a3-c3d4c9ef1d5d,2025-11-30,1103
pub_vdl.2340,North Lanarkshire,SITE OF FORMER ORCHARD FARM,NL008500657,CARNBROE ROAD CARNBROE COATBRIDGE,S01011504,Developable - Undetermined,274664,662344,Other Private,Not applicable (i.e. only one owner),2001-2004,Agriculture,1.34,Derelict,S12000050,e75f31cd-4d1d-49e4-a5a3-c3d4c9ef1d5d,2025-11-30,1105
pub_vdl.2341,North Lanarkshire,LAND TO REAR OF FORMER NATIONAL TYRES GARAGE - SOU,NL008500660,CRAIGNEUK STREET CRAIGNEUK WISHAW,S01011387,Developable - Undetermined,277763,655357,Other Private,Not applicable (i.e. only one owner),2001-2004,Other General Industry,0.11,Derelict,S12000050,e75f31cd-4d1d-49e4-a5a3-c3d4c9ef1d5d,2025-11-30,1410
pub_vdl.2342,North Lanarkshire,FORMER DUNLOP AND RANKIN STEEL SERVICES,NL008500662,MAIN STREET MOSSEND BELLSHILL,S01011505,Developable - Undetermined,274431,660377,Other Private,Not applicable (i.e. only one owner),2001-2004,Offices,0.26,Derelict,S12000050,e75f31cd-4d1d-49e4-a5a3-c3d4c9ef1d5d,2025-11-30,1106
pub_vdl.2343,North Lanarkshire,FORMER WORKS,NL008500663,MAIN STREET MOSSEND BELLSHILL,S01011505,Developable - Undetermined,274537,660438,Other Private,Not applicable (i.e. only one owner),2001-2004,Manufacturing,1.85,Derelict,S12000050,e75f31cd-4d1d-49e4-a5a3-c3d4c9ef1d5d,2025-11-30,1107
pub_vdl.2350,North Lanarkshire,INDIUSTRIAL SITE NLS00440,NL008500702,WESTFIELD ROAD NEWHOUSE INDUSTRIAL ESTATE NEWHOUSE,S01011504,Developable - Medium Term,277236,661144,Other Private,Not applicable (i.e. only one owner),2005,Community & Health,2.29,Derelict,S12000050,e75f31cd-4d1d-49e4-a5a3-c3d4c9ef1d5d,2025-11-30,1117
pub_vdl.2344,North Lanarkshire,FORMER HARTWOOD HOSPITAL,NL008500669,HARTWOOD ROAD HARTWOOD,S01011429,Developable - Undetermined,284344,659063,Other Private,Not applicable (i.e. only one owner),2001-2004,Community & Health,9.96,Derelict,S12000050,e75f31cd-4d1d-49e4-a5a3-c3d4c9ef1d5d,2025-11-30,1110
pub_vdl.2345,North Lanarkshire,FORMER HOUSING SITE NLMW0750,NL008500675,WEST MAIN STREET HARTHILL,S01011439,Developable - Undetermined,290236,664321,Other Private,Not applicable (i.e. only one owner),2005,Residential - Housing,0.36,Derelict,S12000050,e75f31cd-4d1d-49e4-a5a3-c3d4c9ef1d5d,2025-11-30,1113
pub_vdl.2346,North Lanarkshire,SITE OF FORMER SILVERBURN HOTEL,NL008500687,LOANHEAD ROAD NEWARTHILL MOTHERWELL,S01011455,Developable - Undetermined,278087,659545,Other Private,Not applicable (i.e. only one owner),2005,Residential - Housing,0.36,Derelict,S12000050,e75f31cd-4d1d-49e4-a5a3-c3d4c9ef1d5d,2025-11-30,1114
pub_vdl.2347,North Lanarkshire,SITE TO REAR OF HOARDINGS,NL008500693,GLASGOW ROAD WISHAW,S01011387,Developable - Undetermined,278144,655292,Other Private,Local Authority,2005,Recreation & Leisure,0.14,Derelict,S12000050,e75f31cd-4d1d-49e4-a5a3-c3d4c9ef1d5d,2025-11-30,1115
pub_vdl.2348,North Lanarkshire,FORMER NURSES HOME - HARTWOOD,NL008500747,HARTWOOD ROAD HARTWOOD,S01011429,Developable - Undetermined,284746,658813,Health Boards,Not applicable (i.e. only one owner),2007,Community & Health,1.89,Derelict,S12000050,e75f31cd-4d1d-49e4-a5a3-c3d4c9ef1d5d,2025-11-30,1145
pub_vdl.2349,West Dunbartonshire,WESTERN SITE,8360090,JOHN KNOX STREET CLYDEBANK,S01013123,Developable - Medium Term,250493,669464,Other Private,Not applicable (i.e. only one owner),1986-1990,Manufacturing,0.54,Derelict,S12000039,af18f63e-8691-432f-a124-f0971d344397,2024-01-31,58
pub_vdl.2352,North Lanarkshire,ILAND SITE NL008500706,NL008500706,MELFORD ROAD RIGHEAD INDUSTRIAL ESTATE BELLSHILL,S01011532,Developable - Medium Term,272133,661322,Local Authority,Not applicable (i.e. only one owner),2006,Prepared Ground,1.02,Vacant Land,S12000050,e75f31cd-4d1d-49e4-a5a3-c3d4c9ef1d5d,2025-11-30,1126
pub_vdl.2353,North Lanarkshire,INDUSTRIAL SITE EAST - NLS00260,NL008500709,PHEONIX CRESCENT STRATHCLYDE BUSINESS PARK BELLSHILL,S01011532,Developable - Medium Term,272939,661867,Other Private,Not applicable (i.e. only one owner),2006,Mineral Activity,1.25,Vacant Land,S12000050,e75f31cd-4d1d-49e4-a5a3-c3d4c9ef1d5d,2025-11-30,1357
pub_vdl.2354,North Lanarkshire,INDUSTRIAL SITE NLS00413,NL008500732,GOIL AVENUE RIGHEAD INDUSTRIAL ESTATE BELLSHILL,S01011532,Developable - Short Term,271769,661047,Other Private,Not applicable (i.e. only one owner),2007,Storage,1.59,Vacant Land,S12000050,e75f31cd-4d1d-49e4-a5a3-c3d4c9ef1d5d,2025-11-30,1138
pub_vdl.2355,North Lanarkshire,LAND NORTH OF 553,NL008500741,MAIN STREET MOSSEND BELLSHILL,S01011505,Developable - Undetermined,274371,660391,Other Private,Not applicable (i.e. only one owner),2007,Manufacturing,0.19,Derelict,S12000050,e75f31cd-4d1d-49e4-a5a3-c3d4c9ef1d5d,2025-11-30,1142
pub_vdl.2374,North Lanarkshire,FORMER GARRION GREENHOUSES SOUTH (HOUSING SITE NLM,NL008501621,HORSLEY BRAE OVERTOWN,S01011362,Developable - Short Term,279588,650939,Other Private,Not applicable (i.e. only one owner),2013,Agriculture,2.1,Derelict,S12000050,e75f31cd-4d1d-49e4-a5a3-c3d4c9ef1d5d,2025-11-30,1279
pub_vdl.2357,North Lanarkshire,DERELICT LAND NORTH OF,NL008500754,FARM STREET MOTHERWELL,S01011473,Developable - Undetermined,274861,657429,Network Rail/ Rail Franchise Holder,Not applicable (i.e. only one owner),2007,Manufacturing,1.18,Derelict,S12000050,e75f31cd-4d1d-49e4-a5a3-c3d4c9ef1d5d,2025-11-30,1148
pub_vdl.2358,North Lanarkshire,SITE OF FORMER CRAIGNEUK DEVELOPMENT SUPPORT UNIT,NL008500756,MEADOWHEAD ROAD CRAIGNEUK WISHAW,S01011451,Developable - Short Term,277312,656040,Local Authority,Not applicable (i.e. only one owner),2007,Community & Health,0.28,Derelict,S12000050,e75f31cd-4d1d-49e4-a5a3-c3d4c9ef1d5d,2025-11-30,1302
pub_vdl.2359,North Lanarkshire,SITE OF FORMER OIL DEPOT,NL008500757,GLASGOW ROAD WISHAW,S01011387,Developable - Undetermined,278132,655247,Other Private,Local Authority,1996-2000,Storage,0.23,Derelict,S12000050,e75f31cd-4d1d-49e4-a5a3-c3d4c9ef1d5d,2025-11-30,1149
pub_vdl.2360,North Lanarkshire,SITE OF FORMER BELHAVEN WORKS (ENGINEERING),NL008500758,HEATHERY ROAD WISHAW,S01011385,Developable - Short Term,278623,655297,Local Authority,Not applicable (i.e. only one owner),1980 or earlier,Manufacturing,0.44,Derelict,S12000050,e75f31cd-4d1d-49e4-a5a3-c3d4c9ef1d5d,2025-11-30,1150
pub_vdl.2361,North Lanarkshire,SITE OF FORMER OFFICE BUILDING,NL008500768,MAIN STREET NEWMAINS,S01011417,Developable - Undetermined,282219,655607,Other Private,Not applicable (i.e. only one owner),2007,Offices,0.33,Derelict,S12000050,e75f31cd-4d1d-49e4-a5a3-c3d4c9ef1d5d,2025-11-30,1026
pub_vdl.2362,North Lanarkshire,FORMER SPORTS PITCH (CRAIGNEUK PUBLIC PARK),NL008500769,WELLINGTON STREET CRAIGNEUK WISHAW,S01011451,Developable - Short Term,277367,656141,Other Private,Not applicable (i.e. only one owner),2007,Recreation & Leisure,1.19,Derelict,S12000050,e75f31cd-4d1d-49e4-a5a3-c3d4c9ef1d5d,2025-11-30,1299
pub_vdl.2363,North Lanarkshire,SITE OF DEMOLISHED BUILDING (NO 239),NL008501257,OLD EDINBURGH ROAD VIEWPARK UDDINGSTON,S01011535,Developable - Undetermined,271339,660922,Other Private,Not applicable (i.e. only one owner),2008,Residential - Housing,0.14,Derelict,S12000050,e75f31cd-4d1d-49e4-a5a3-c3d4c9ef1d5d,2025-11-30,1170
pub_vdl.2364,North Lanarkshire,SITE OF FORMER RESIDENTIAL HOSTEL AND GARAGES,NL008501620,KILMENY CRESCENT COLTNESS WISHAW,S01011408,Developable - Undetermined,280504,656401,Local Authority,Not applicable (i.e. only one owner),2013,Residential - Housing,0.11,Derelict,S12000050,e75f31cd-4d1d-49e4-a5a3-c3d4c9ef1d5d,2025-11-30,1278
pub_vdl.2366,North Lanarkshire,FORMER RUSSELL STORAGE AREA,NL008501263,CONDOR GLEN NEWHOUSE,S01011504,Developable - Medium Term,275598,661020,Other Private,Not applicable (i.e. only one owner),2008,Storage,1.96,Vacant Land,S12000050,e75f31cd-4d1d-49e4-a5a3-c3d4c9ef1d5d,2025-11-30,1171
pub_vdl.2367,North Lanarkshire,ABANDONED MANSE HOUSE,NL008501274,CLYDESDALE STREET NEW STEVENSTON MOTHERWELL,S01011463,Developable - Undetermined,276011,659568,Other Private,Other Private,2008,Community & Health,0.24,Derelict,S12000050,e75f31cd-4d1d-49e4-a5a3-c3d4c9ef1d5d,2025-11-30,1172
pub_vdl.2365,North Lanarkshire,SITE OF FORMER COSTAIN WORKS EAST (HOUSING SITE NL,NL008500760,EAST OF MAIN STREET NEWMAINS,S01011417,Developable - Short Term,282407,655356,Other Private,Not applicable (i.e. only one owner),2007,Manufacturing,11.43,Derelict,S12000050,e75f31cd-4d1d-49e4-a5a3-c3d4c9ef1d5d,2025-11-30,1151
pub_vdl.2368,North Lanarkshire,SITE OF FORMER GOSPEL HALL,NL008501275,HIGH STREET NEWARTHILL MOTHERWELL,S01011453,Developable - Undetermined,278385,659590,Other Private,Local Authority,2008,Community & Health,0.11,Derelict,S12000050,e75f31cd-4d1d-49e4-a5a3-c3d4c9ef1d5d,2025-11-30,1173
pub_vdl.2369,North Lanarkshire,SITE OF FORMER ST. IGNATIOUS PRIMARY SCHOOL,NL008501282,GRAHAM STREET WISHAW,S01011396,Developable - Short Term,279988,655084,Local Authority,Not applicable (i.e. only one owner),2008,Education,0.19,Derelict,S12000050,e75f31cd-4d1d-49e4-a5a3-c3d4c9ef1d5d,2025-11-30,1174
pub_vdl.2370,North Lanarkshire,FORMER CAR PARK - ILAND SITE NLS00510,NL008501284,MAIN STREET NEWMAINS,S01011417,Developable - Short Term,282244,655689,Other Private,Not applicable (i.e. only one owner),2008,Storage,0.28,Derelict,S12000050,e75f31cd-4d1d-49e4-a5a3-c3d4c9ef1d5d,2025-11-30,1311
pub_vdl.2371,North Lanarkshire,FORMER PATHER PLAYSTATION (HOUSING SITE NLMW0761),NL008501287,CALEDONIAN ROAD PATHER WISHAW,S01011389,Developable - Short Term,279173,654440,Other Private,Not applicable (i.e. only one owner),2008,Other,0.25,Derelict,S12000050,e75f31cd-4d1d-49e4-a5a3-c3d4c9ef1d5d,2025-11-30,1175
pub_vdl.2372,North Lanarkshire,INDUSTRIAL SITE NLS00453,NL008501348,TANNOCHSIDE DRIVE UDDINGSTON,S01011552,Developable - Short Term,270804,662395,Other Private,Not applicable (i.e. only one owner),2009,Other General Industry,0.78,Vacant Land,S12000050,e75f31cd-4d1d-49e4-a5a3-c3d4c9ef1d5d,2025-11-30,1191
pub_vdl.2373,North Lanarkshire,MAXIM PARK EXPANSION SITE (A1-A3),NL008501354,PARKLANDS AVENUE EUROCENTRAL HOLYTOWN,S01011504,Developable - Medium Term,276404,661809,Other Private,Not applicable (i.e. only one owner),2009,Manufacturing,3.79,Vacant Land,S12000050,e75f31cd-4d1d-49e4-a5a3-c3d4c9ef1d5d,2025-11-30,1193
pub_vdl.2569,Perth and Kinross,FORMER SPITTAL OF GLENSHEE HOTEL,806,SPITTAL OF GLENSHEE GLENSHEE,S01011981,Unknown (uncertain/insufficient information),311055,769919,Unknown Private,Not applicable (i.e. only one owner),2014,"Residential - Hotels, Hostels etc",1.04,Derelict,S12000048,e18ea2b7-a86d-47c4-a1d9-94bd7ada0980,2025-11-30,1450
pub_vdl.2375,North Lanarkshire,CENTRAL POINT INDUSTRIAL SITE NLS00436,NL008501355,DOVECOTE ROAD EUROCENTRAL HOLYTOWN,S01011504,Developable - Short Term,276145,661691,Other Private,Not applicable (i.e. only one owner),2009,Manufacturing,0.72,Vacant Land,S12000050,e75f31cd-4d1d-49e4-a5a3-c3d4c9ef1d5d,2025-11-30,1194
pub_vdl.2551,Perth and Kinross,SITE 6 PERTH FOOD & DRINK PARK,1111,ARRAN ROAD PERTH,S01011925,Developable - Medium Term,310035,726510,Local Authority,Not applicable (i.e. only one owner),2014,Passive Open Space,0.8,Vacant Land,S12000048,e18ea2b7-a86d-47c4-a1d9-94bd7ada0980,2025-11-30,1487
pub_vdl.2376,North Lanarkshire,INDUSTRIAL SITE NLS00457,NL008501367,WELLINGTON STREET WISHAW,S01011451,Developable - Medium Term,277329,656206,Other Private,Not applicable (i.e. only one owner),2009,Other General Industry,0.27,Derelict,S12000050,e75f31cd-4d1d-49e4-a5a3-c3d4c9ef1d5d,2025-11-30,1237
pub_vdl.2377,North Lanarkshire,PART OF FORMER CLYDESDALE DISTILLERY,NL008501377,MARSHALL STREET WISHAW,S01011400,Developable - Undetermined,279019,655239,Other Private,Not applicable (i.e. only one owner),2009,Manufacturing,0.12,Derelict,S12000050,e75f31cd-4d1d-49e4-a5a3-c3d4c9ef1d5d,2025-11-30,1196
pub_vdl.2378,North Lanarkshire,SITE OF FORMER TESCO STORE,NL008501378,MAIN STREET WISHAW,S01011401,Developable - Short Term,279332,655477,Housing Association,Local Authority,2009,Retailing,0.33,Derelict,S12000050,e75f31cd-4d1d-49e4-a5a3-c3d4c9ef1d5d,2025-11-30,1409
pub_vdl.2379,North Lanarkshire,LAND WEST OF BRANCHAL COTTAGES,NL008501379,BRANCHAL ROAD WISHAW,S01011426,Developable - Undetermined,280968,656322,Other Private,Not applicable (i.e. only one owner),1991-1995,Mineral Activity,1.54,Derelict,S12000050,e75f31cd-4d1d-49e4-a5a3-c3d4c9ef1d5d,2025-11-30,1197
pub_vdl.2380,North Lanarkshire,FORGEWOOD REGEN AREA 3,NL008501381,KYLEMORE CRESCENT FORGEWOOD MOTHERWELL,S01011491,Developable - Undetermined,274708,658326,Local Authority,Not applicable (i.e. only one owner),2009,Residential - Housing,1.14,Vacant Land,S12000050,e75f31cd-4d1d-49e4-a5a3-c3d4c9ef1d5d,2025-11-30,1198
pub_vdl.2381,North Lanarkshire,FORGEWOOD REGEN AREA 1,NL008501382,BREADALBANE CRESCENT FORGEWOOD MOTHERWELL,S01011491,Developable - Undetermined,274636,658335,Local Authority,Not applicable (i.e. only one owner),2009,Residential - Housing,0.66,Vacant Land,S12000050,e75f31cd-4d1d-49e4-a5a3-c3d4c9ef1d5d,2025-11-30,1199
pub_vdl.2382,North Lanarkshire,FORMER HOUSING SITE NLMW1225,NL008501400,MAIN STREET HOLYTOWN,S01011499,Developable - Undetermined,276509,660506,Other Private,Not applicable (i.e. only one owner),2010,Residential - Housing,0.25,Derelict,S12000050,e75f31cd-4d1d-49e4-a5a3-c3d4c9ef1d5d,2025-11-30,1202
pub_vdl.2383,North Lanarkshire,DEVELOPMENT SITE WEST OF BELL QUADRANT,NL008501406,BELL QUADRANT CARFIN MOTHERWELL,S01011466,Developable - Short Term,276929,658905,Other Private,Local Authority,2001-2004,Recreation & Leisure,1.28,Derelict,S12000050,e75f31cd-4d1d-49e4-a5a3-c3d4c9ef1d5d,2025-11-30,1203
pub_vdl.2384,North Lanarkshire,FORGEWOOD REGENERATON AREA 4,NL008501410,DALRIADA CRESCENT FORGEWOOD MOTHERWELL,S01011492,Developable - Undetermined,274640,658203,Local Authority,Not applicable (i.e. only one owner),2010,Residential - Housing,0.51,Vacant Land,S12000050,e75f31cd-4d1d-49e4-a5a3-c3d4c9ef1d5d,2025-11-30,1204
pub_vdl.2385,North Lanarkshire,SITE OF FORMER REFUGE (HOUSING SITE NLMW1372),NL008501414,ALEXANDER STREET WISHAW,S01011389,Developable - Short Term,278907,655058,Other Private,Not applicable (i.e. only one owner),2009,Community & Health,0.23,Derelict,S12000050,e75f31cd-4d1d-49e4-a5a3-c3d4c9ef1d5d,2025-11-30,1205
pub_vdl.2386,North Lanarkshire,DEMOLISHED FACTORY UNITS (9-13 & 18-22),NL008501415,NETHERDALE ROAD NETHERTON INDUSTRIAL ESTATE WISHAW,S01011365,Developable - Short Term,278249,654661,Local Authority,Not applicable (i.e. only one owner),2010,Other General Industry,0.44,Derelict,S12000050,e75f31cd-4d1d-49e4-a5a3-c3d4c9ef1d5d,2025-11-30,1392
pub_vdl.2387,North Lanarkshire,FORGEWOOD REGENARATION AREA 2,NL008501416,MARMION CRESCENT FORGEWOOD MOTHERWELL,S01011491,Developable - Undetermined,274657,658306,Housing Association,Not applicable (i.e. only one owner),2010,Residential - Housing,0.14,Vacant Land,S12000050,e75f31cd-4d1d-49e4-a5a3-c3d4c9ef1d5d,2025-11-30,1206
pub_vdl.2392,North Lanarkshire,HOUSING SITE NLMW0364,NL008501486,MORNINGSIDE ROAD MORNINGSIDE NEWMAINS,S01011426,Developable - Short Term,283090,655458,Other Private,Not applicable (i.e. only one owner),2007,Mineral Activity,1.45,Derelict,S12000050,e75f31cd-4d1d-49e4-a5a3-c3d4c9ef1d5d,2025-11-30,1226
pub_vdl.2388,North Lanarkshire,PROLOGIS - WEST SITE - B1 & B2,NL008501417,EDINBURGH ROAD NEWHOUSE,S01011446,Developable - Short Term,278499,661490,Other Private,Not applicable (i.e. only one owner),1980 or earlier,Mineral Activity,0.9,Derelict,S12000050,e75f31cd-4d1d-49e4-a5a3-c3d4c9ef1d5d,2025-11-30,1207
pub_vdl.2389,North Lanarkshire,SITE OF FORMER HARTWOODHILL HOSPITAL,NL008501451,HARTWOOD ROAD HARTWOOD,S01011429,Developable - Undetermined,286011,659829,Other Private,Not applicable (i.e. only one owner),2011,Community & Health,10.89,Derelict,S12000050,e75f31cd-4d1d-49e4-a5a3-c3d4c9ef1d5d,2025-11-30,1216
pub_vdl.2390,North Lanarkshire,SITE OF FORMER SCHOOL/COUNCIL OFFICE,NL008501454,BRANDON STREET MOTHERWELL,S01011473,Developable - Short Term,275638,656615,Local Authority,Not applicable (i.e. only one owner),2011,Offices,0.45,Derelict,S12000050,e75f31cd-4d1d-49e4-a5a3-c3d4c9ef1d5d,2025-11-30,1217
pub_vdl.2391,North Lanarkshire,SITE OF FORMER CALDER BRIDGE COTTAGE (NO 320),NL008501456,MOTHERWELL ROAD BELLSHILL,S01011496,Developable - Undetermined,274050,659122,Other Private,Not applicable (i.e. only one owner),2011,Residential - Housing,0.16,Derelict,S12000050,e75f31cd-4d1d-49e4-a5a3-c3d4c9ef1d5d,2025-11-30,1218
pub_vdl.2405,North Lanarkshire,NORTH OF BELL QUADRANT LOCAL CENTRE,NL008501512,BELL QUADRANT CARFIN MOTHERWELL,S01011466,Developable - Undetermined,277005,658852,Other Private,Not applicable (i.e. only one owner),2011,Storage,0.21,Derelict,S12000050,e75f31cd-4d1d-49e4-a5a3-c3d4c9ef1d5d,2025-11-30,1239
pub_vdl.2420,North Lanarkshire,SITE OF FORMER CENTRAL GARAGE,NL008501605,FOUNDRY ROAD SHOTTS,S01011435,Developable - Medium Term,287568,659792,Other Private,Local Authority,2013,Other General Industry,0.22,Derelict,S12000050,e75f31cd-4d1d-49e4-a5a3-c3d4c9ef1d5d,2025-11-30,1273
pub_vdl.2394,North Lanarkshire,PLANTATION ROAD SOUTH SCHOOL SITE,NL008501462,PLANTATION ROAD RAVENSCRAIG MOTHERWELL,S01011451,Developable - Undetermined,277304,657754,Other Private,Not applicable (i.e. only one owner),1991-1995,Manufacturing,2.56,Vacant Land,S12000050,e75f31cd-4d1d-49e4-a5a3-c3d4c9ef1d5d,2025-11-30,1195
pub_vdl.2395,North Lanarkshire,RAVENSCRAIG EAST - NORTH SITE REMAINDER,NL008501463,PLANTATION ROAD RAVENSCRAIG MOTHERWELL,S01011451,Developable - Medium Term,277507,658079,Other Private,Local Authority,1991-1995,Manufacturing,11.27,Derelict,S12000050,e75f31cd-4d1d-49e4-a5a3-c3d4c9ef1d5d,2025-11-30,1219
pub_vdl.2396,North Lanarkshire,LAND ADJACENT TO FORMER BONE STEEL FACTORY,NL008501470,NETHERTON ROAD NETHERTON WISHAW,S01011362,Developable - Undetermined,278752,654180,Other Private,Not applicable (i.e. only one owner),2011,Manufacturing,1.2,Derelict,S12000050,e75f31cd-4d1d-49e4-a5a3-c3d4c9ef1d5d,2025-11-30,1280
pub_vdl.2397,North Lanarkshire,FORMER YARD,NL008501473,MANSE ROAD STANE SHOTTS,S01011435,Developable - Undetermined,288230,659509,Other Private,Local Authority,2011,Other General Industry,0.32,Derelict,S12000050,e75f31cd-4d1d-49e4-a5a3-c3d4c9ef1d5d,2025-11-30,1220
pub_vdl.2398,North Lanarkshire,SITE OF FORMER PATHER FARM / TAILYBRUSH,NL008501502,DIMSDALE ROAD WISHAW,S01011362,Developable - Short Term,280177,653800,Local Authority,Not applicable (i.e. only one owner),2012,Agriculture,1.24,Derelict,S12000050,e75f31cd-4d1d-49e4-a5a3-c3d4c9ef1d5d,2025-11-30,1235
pub_vdl.2399,North Lanarkshire,FORMER HARTWOOD HOSPITAL NORTH SITE,NL008501477,HOME FARM ROAD HARTWOOD,S01011429,Developable - Undetermined,284486,659273,Other Private,Not applicable (i.e. only one owner),2001-2004,Community & Health,4.21,Derelict,S12000050,e75f31cd-4d1d-49e4-a5a3-c3d4c9ef1d5d,2025-11-30,1221
pub_vdl.2400,North Lanarkshire,SITE OF FORMER BUS DEPOT,NL008501482,HIRST ROAD HARTHILL,S01011439,Developable - Undetermined,287919,663948,Other Private,Not applicable (i.e. only one owner),2011,Other General Industry,0.54,Derelict,S12000050,e75f31cd-4d1d-49e4-a5a3-c3d4c9ef1d5d,2025-11-30,1222
pub_vdl.2401,North Lanarkshire,GAP SITE WEST OF 18,NL008501483,HIRST ROAD HARTHILL,S01011439,Developable - Undetermined,288032,663986,Other Private,Not applicable (i.e. only one owner),2011,Residential - Housing,0.22,Derelict,S12000050,e75f31cd-4d1d-49e4-a5a3-c3d4c9ef1d5d,2025-11-30,1223
pub_vdl.2402,North Lanarkshire,SITE OF FORMER DOCTOR'S SURGERY (NO 10),NL008501484,JOHN STREET BELLSHILL,S01011523,Developable - Undetermined,273447,660157,Other Private,Not applicable (i.e. only one owner),2011,Community & Health,0.14,Derelict,S12000050,e75f31cd-4d1d-49e4-a5a3-c3d4c9ef1d5d,2025-11-30,1224
pub_vdl.2403,North Lanarkshire,SITE WEST OF MORNINGSIDE ROAD (HOUSING SITE NLMW11,NL008501504,MORNINGSIDE ROAD NEWMAINS,S01011426,Developable - Medium Term,282663,655464,Other Private,Not applicable (i.e. only one owner),1996-2000,Mineral Activity,12.33,Derelict,S12000050,e75f31cd-4d1d-49e4-a5a3-c3d4c9ef1d5d,2025-11-30,1236
pub_vdl.2570,Perth and Kinross,WEST CROMWELL PARK,807,ALMONDBANK PERTH,S01011875,Developable - Medium Term,305306,726960,Unknown Private,Not applicable (i.e. only one owner),Unknown,Defence,0.56,Derelict,S12000048,e18ea2b7-a86d-47c4-a1d9-94bd7ada0980,2025-11-30,1451
pub_vdl.2406,North Lanarkshire,SITE OF FORMER MINERS WELFARE INSTITUTE (HLA NLMW0,NL008501514,THORN ROAD BELLSHILL,S01011522,Developable - Short Term,273654,660124,Other Private,Not applicable (i.e. only one owner),2005,Community & Health,0.44,Derelict,S12000050,e75f31cd-4d1d-49e4-a5a3-c3d4c9ef1d5d,2025-11-30,1240
pub_vdl.2407,North Lanarkshire,LAND AT 137 CRAIGTNUEK STREET,NL008501521,CRAIGNEUK STREET CRAIGNEUK WISHAW,S01011382,Developable - Medium Term,277079,656000,Local Authority,Not applicable (i.e. only one owner),2012,Residential - Housing,0.47,Derelict,S12000050,e75f31cd-4d1d-49e4-a5a3-c3d4c9ef1d5d,2025-11-30,1352
pub_vdl.2408,North Lanarkshire,FORMER PAXTANE FARM,NL008501544,EDINBURGH ROAD EASTFIELD HARTHILL,S01011439,Developable - Undetermined,290080,664002,Other Private,Not applicable (i.e. only one owner),2001-2004,Agriculture,0.36,Derelict,S12000050,e75f31cd-4d1d-49e4-a5a3-c3d4c9ef1d5d,2025-11-30,1243
pub_vdl.2409,North Lanarkshire,SITE OF FORMER MUIRHOUSE FOUNDRY & ENG WKS,NL008501546,EXCELSIOR STREET WISHAW,S01011387,Developable - Undetermined,277576,655054,Other Private,Not applicable (i.e. only one owner),1996-2000,Manufacturing,0.48,Derelict,S12000050,e75f31cd-4d1d-49e4-a5a3-c3d4c9ef1d5d,2025-11-30,1244
pub_vdl.2410,North Lanarkshire,ABANDONED GOLF COURSE,NL008501600,CHAPELKNOWE ROAD CLELAND,S01011451,Uneconomic to Develop/Soft End Use,279013,658060,Other Private,Not applicable (i.e. only one owner),2013,Recreation & Leisure,3.92,Derelict,S12000050,e75f31cd-4d1d-49e4-a5a3-c3d4c9ef1d5d,2025-11-30,1270
pub_vdl.2419,North Lanarkshire,PD STIRLING NORTH SITE,NL008501603,REEMA ROAD BELLSHILL,S01011525,Developable - Short Term,274611,661302,Other Private,Not applicable (i.e. only one owner),2013,Prepared Ground,4.96,Derelict,S12000050,e75f31cd-4d1d-49e4-a5a3-c3d4c9ef1d5d,2025-11-30,1272
pub_vdl.2411,North Lanarkshire,FORMER COAL BING SOUTH OF,NL008501567,SIDEHEAD ROAD HARTHILL,S01011439,Uneconomic to Develop/Soft End Use,290599,662997,Other Private,Not applicable (i.e. only one owner),1980 or earlier,Mineral Activity,2.83,Derelict,S12000050,e75f31cd-4d1d-49e4-a5a3-c3d4c9ef1d5d,2025-11-30,1252
pub_vdl.2412,North Lanarkshire,FORMER MINERAL WORKINGS,NL008501568,WEST BENHAR ROAD HARTHILL,S01011439,Uneconomic to Develop/Soft End Use,289655,662979,Other Private,Not applicable (i.e. only one owner),1980 or earlier,Mineral Activity,0.49,Derelict,S12000050,e75f31cd-4d1d-49e4-a5a3-c3d4c9ef1d5d,2025-11-30,1253
pub_vdl.2413,North Lanarkshire,SITE OF FORMER MOTOR TRANSPORT WORKS,NL008501596,BEECH CRESCENT NEWHOUSE INDUSTRIAL ESTATE NEWHOUSE,S01011504,Developable - Short Term,277459,661144,Other Private,Not applicable (i.e. only one owner),1996-2000,Other General Industry,2.47,Derelict,S12000050,e75f31cd-4d1d-49e4-a5a3-c3d4c9ef1d5d,2025-11-30,1268
pub_vdl.2414,North Lanarkshire,FORMER MOTHERWELL PLASTICS SITE,NL008501599,NEWHUT ROAD BRAIDHURST INDUSTRIAL ESTATE MOTHERWELL,S01011496,Developable - Short Term,275017,658256,Local Authority,Not applicable (i.e. only one owner),2013,Other General Industry,0.44,Derelict,S12000050,e75f31cd-4d1d-49e4-a5a3-c3d4c9ef1d5d,2025-11-30,1269
pub_vdl.2415,North Lanarkshire,FORMER BELLSHILL ATHLETIC CLUB (NLMW1162),NL008501592,HATTONRIGG ROAD BELLSHILL,S01011530,Developable - Short Term,273628,660819,Other Private,Not applicable (i.e. only one owner),2010,Recreation & Leisure,2.92,Derelict,S12000050,e75f31cd-4d1d-49e4-a5a3-c3d4c9ef1d5d,2025-11-30,1265
pub_vdl.2416,North Lanarkshire,REEMA ROAD WEST (REINSTATED),NL008501593,REEMA ROAD BELLSHILL,S01011525,Developable - Undetermined,273721,660627,Local Authority,Not applicable (i.e. only one owner),1981-1985,Mineral Activity,0.82,Vacant Land,S12000050,e75f31cd-4d1d-49e4-a5a3-c3d4c9ef1d5d,2025-11-30,1266
pub_vdl.2417,North Lanarkshire,INDUSTRIAL YARD NLS00545,NL008501594,MARION STREET BELLSHILL,S01011525,Developable - Medium Term,274724,660484,Other Private,Not applicable (i.e. only one owner),2013,Storage,0.26,Derelict,S12000050,e75f31cd-4d1d-49e4-a5a3-c3d4c9ef1d5d,2025-11-30,1267
pub_vdl.2418,North Lanarkshire,DALZIEL PARK FORMER GOLF DRIVING RANGE,NL008501601,HAGEN DRIVE CLELAND,S01011451,Developable - Undetermined,278084,657733,Other Private,Not applicable (i.e. only one owner),2009,Recreation & Leisure,2.74,Derelict,S12000050,e75f31cd-4d1d-49e4-a5a3-c3d4c9ef1d5d,2025-11-30,1271
pub_vdl.2421,North Lanarkshire,LAND EAST OF RAVENSCRAIG - WILDLIFE HABITAT,NL008501606,NEW CRAIG ROAD MOTHERWELL,S01011451,Developable - Undetermined,278425,656882,Other Private,Not applicable (i.e. only one owner),2013,Mineral Activity,3.29,Derelict,S12000050,e75f31cd-4d1d-49e4-a5a3-c3d4c9ef1d5d,2025-11-30,1274
pub_vdl.2422,North Lanarkshire,SITE OF FORMER SPRINGFIELD FARM,NL008501607,SPRINGHILL AND LEADLOCH ROAD SHOTTS,S01011429,Developable - Short Term,289153,659171,Other Private,Not applicable (i.e. only one owner),2013,Agriculture,0.31,Derelict,S12000050,e75f31cd-4d1d-49e4-a5a3-c3d4c9ef1d5d,2025-11-30,1275
pub_vdl.2423,North Lanarkshire,DEVELOPMENT SITE ADJACENT TO SHIELDMUIR PARK & RID,NL008501613,RANGE AVENUE MOTHERWELL,S01011370,Developable - Undetermined,277291,655386,Other Private,Not applicable (i.e. only one owner),2013,Other General Industry,0.35,Derelict,S12000050,e75f31cd-4d1d-49e4-a5a3-c3d4c9ef1d5d,2025-11-30,1276
pub_vdl.2433,North Lanarkshire,SITE OF SHOTTS PRISON (DEMOLISHED),NL008501667,NEWMILL AND CANTHILL ROAD SHOTTS,S01011429,Developable - Undetermined,285451,660970,Scottish Government,Not applicable (i.e. only one owner),2014,Community & Health,8.85,Derelict,S12000050,e75f31cd-4d1d-49e4-a5a3-c3d4c9ef1d5d,2025-11-30,1293
pub_vdl.2434,North Lanarkshire,LAND AT OMOA,NL008501669,BIGGAR ROAD CLELAND,S01011451,Developable - Undetermined,279429,659663,Other Private,Not applicable (i.e. only one owner),2014,Other General Industry,1.45,Derelict,S12000050,e75f31cd-4d1d-49e4-a5a3-c3d4c9ef1d5d,2025-11-30,1294
pub_vdl.2515,North Lanarkshire,FORMER AUCHENGEICH SEWAGE TREATMENT WORKS,NL008521388,GARTFERRY ROAD CHRYSTON,S01011709,Developable - Undetermined,269193,671281,Water Authority,Not applicable (i.e. only one owner),2009,Community & Health,2.66,Derelict,S12000050,e75f31cd-4d1d-49e4-a5a3-c3d4c9ef1d5d,2025-11-30,1200
pub_vdl.2424,North Lanarkshire,HOUSING SITE NLMW0235,NL008501614,ENGLISH STREET CRAIGNEUK WISHAW,S01011387,Developable - Undetermined,277626,655515,Local Authority,Not applicable (i.e. only one owner),2013,Residential - Housing,0.58,Vacant Land,S12000050,e75f31cd-4d1d-49e4-a5a3-c3d4c9ef1d5d,2025-11-30,1277
pub_vdl.2425,North Lanarkshire,SITE OF FORMER ST MATTHEW'S RC PRIMARY,NL008501625,PENTLAND ROAD WISHAWHILL WISHAW,S01011385,Developable - Medium Term,278320,655781,Local Authority,Not applicable (i.e. only one owner),2010,Education,5.68,Derelict,S12000050,e75f31cd-4d1d-49e4-a5a3-c3d4c9ef1d5d,2025-11-30,1282
pub_vdl.2426,North Lanarkshire,SITE OF FORMER ALMOND COTTAGE (DEMOLISHED),NL008501653,WEST BENHAR ROAD HARTHILL,S01011439,Developable - Undetermined,289172,663531,Other Private,Not applicable (i.e. only one owner),2014,Residential - Housing,0.11,Derelict,S12000050,e75f31cd-4d1d-49e4-a5a3-c3d4c9ef1d5d,2025-11-30,1290
pub_vdl.2427,North Lanarkshire,INDUSTRIAL SITE NLS00551,NL008501658,GOIL AVENUE RIGHEAD INDUSTRIAL ESTATE BELLSHILL,S01011532,Developable - Short Term,271804,660801,Local Authority,Not applicable (i.e. only one owner),2001-2004,Other General Industry,0.38,Derelict,S12000050,e75f31cd-4d1d-49e4-a5a3-c3d4c9ef1d5d,2025-11-30,1125
pub_vdl.2435,North Lanarkshire,FORMER GARRION FARM GLASSHOUSES (NORTH) NLMW1180,NL008501681,HORSLEY BRAE OVERTOWN,S01011362,Developable - Short Term,279551,651151,Other Private,Not applicable (i.e. only one owner),2014,Agriculture,2.58,Derelict,S12000050,e75f31cd-4d1d-49e4-a5a3-c3d4c9ef1d5d,2025-11-30,1295
pub_vdl.2436,North Lanarkshire,SITE OF FORMER COUNCIL FLATS (NOS 23-81),NL008501682,INNERLEITHEN DRIVE COLTNESS WISHAW,S01011409,Developable - Undetermined,280543,656871,Local Authority,Not applicable (i.e. only one owner),2014,Residential - Housing,0.46,Derelict,S12000050,e75f31cd-4d1d-49e4-a5a3-c3d4c9ef1d5d,2025-11-30,1296
pub_vdl.2437,North Lanarkshire,SITE OF FORMER COUNCIL FLATS,NL008501684,WALKERBURN DRIVE COLTNESS WISHAW,S01011409,Developable - Undetermined,280577,656782,Local Authority,Not applicable (i.e. only one owner),2014,Residential - Housing,0.26,Derelict,S12000050,e75f31cd-4d1d-49e4-a5a3-c3d4c9ef1d5d,2025-11-30,1297
pub_vdl.2438,North Lanarkshire,SITE OF FORMER ALLANTON COMMUNITY CENTRE,NL008501686,ALLANTON ROAD ALLANTON,S01011427,Developable - Undetermined,285072,657887,Local Authority,Not applicable (i.e. only one owner),2014,Community & Health,0.1,Derelict,S12000050,e75f31cd-4d1d-49e4-a5a3-c3d4c9ef1d5d,2025-11-30,1298
pub_vdl.2439,North Lanarkshire,BELLSHILL NORTH NLS00064,NL008501717,BELGOWAN STREET BELLSHILL INDUSTRIAL ESTATE BELLSHILL,S01011532,Developable - Short Term,273013,661674,Other Private,Not applicable (i.e. only one owner),1986-1990,Mineral Activity,2.48,Derelict,S12000050,e75f31cd-4d1d-49e4-a5a3-c3d4c9ef1d5d,2025-11-30,1309
pub_vdl.2514,North Lanarkshire,SITE OF FORMER GARTLOCH DISTILLERY,NL008521308,WOODHEAD ROAD CHRYSTON,S01011695,Uneconomic to Develop/Soft End Use,267720,668044,Other Private,Not applicable (i.e. only one owner),1980 or earlier,Manufacturing,1.98,Derelict,S12000050,e75f31cd-4d1d-49e4-a5a3-c3d4c9ef1d5d,2025-11-30,1181
pub_vdl.2552,Perth and Kinross,SITE 7 PERTH FOOD & DRINK PARK,1112,ARRAN ROAD PERTH,S01011925,Developable - Medium Term,310127,726545,Local Authority,Not applicable (i.e. only one owner),2014,Passive Open Space,0.86,Vacant Land,S12000048,e18ea2b7-a86d-47c4-a1d9-94bd7ada0980,2025-11-30,1488
pub_vdl.2440,North Lanarkshire,SITE OF FORMER CARNBROE MAINS FARM,NL008501719,CARNBROE ROAD SHIRREL BELLSHILL,S01011525,Developable - Short Term,273908,662193,Other Private,Not applicable (i.e. only one owner),2015,Agriculture,0.66,Derelict,S12000050,e75f31cd-4d1d-49e4-a5a3-c3d4c9ef1d5d,2025-11-30,1310
pub_vdl.2441,North Lanarkshire,HOUSING LAND SITE NLMW1132,NL008501726,MORNINGSIDE ROAD MORNINGSIDE NEWMAINS,S01011426,Developable - Undetermined,282929,655486,Other Private,Not applicable (i.e. only one owner),2015,Residential - Housing,0.46,Derelict,S12000050,e75f31cd-4d1d-49e4-a5a3-c3d4c9ef1d5d,2025-11-30,1312
pub_vdl.2442,North Lanarkshire,SITE OF FORMER WISHAW MARKET - REMAINDER WEST,NL008501727,EAST ACADEMY STREET WISHAW,S01011395,Developable - Undetermined,279678,654947,Housing Association,Not applicable (i.e. only one owner),2015,Agriculture,0.16,Derelict,S12000050,e75f31cd-4d1d-49e4-a5a3-c3d4c9ef1d5d,2025-11-30,1405
pub_vdl.2443,North Lanarkshire,GARRION GLASSHOUSE NORTH EAST - NLMW1180,NL008501728,HORSLEY BRAE OVERTOWN,S01011362,Developable - Short Term,279658,651226,Other Private,Not applicable (i.e. only one owner),2015,Agriculture,0.21,Derelict,S12000050,e75f31cd-4d1d-49e4-a5a3-c3d4c9ef1d5d,2025-11-30,1313
pub_vdl.2444,North Lanarkshire,FORMER HARTHILL PRIMARY SCHOOL CANTEEN BUILDING,NL008501753,MAIN STREET HARTHILL,S01011442,Developable - Undetermined,290384,664329,Local Authority,Not applicable (i.e. only one owner),2007,Education,0.13,Derelict,S12000050,e75f31cd-4d1d-49e4-a5a3-c3d4c9ef1d5d,2025-11-30,1319
pub_vdl.2445,North Lanarkshire,SITE OF FORMER DWELLINGHOUSE (NO2),NL008501756,HOLMBRAE AVENUE UDDINGSTON,S01011538,Developable - Short Term,269761,661477,Other Private,Not applicable (i.e. only one owner),2012,Residential - Housing,0.11,Derelict,S12000050,e75f31cd-4d1d-49e4-a5a3-c3d4c9ef1d5d,2025-11-30,1320
pub_vdl.2446,North Lanarkshire,SITE OF FORMER INDUSTRIAL UNIT,NL008501766,NEWHUT ROAD BRAIDHURST INDUSTRIAL ESTATE MOTHERWELL,S01011496,Developable - Short Term,274974,658229,Local Authority,Not applicable (i.e. only one owner),2016,Other General Industry,0.11,Derelict,S12000050,e75f31cd-4d1d-49e4-a5a3-c3d4c9ef1d5d,2025-11-30,1325
pub_vdl.2466,North Lanarkshire,PROPOSED HOUSING SITE NLMW1224,NL008501840,MABEL STREET MOTHERWELL,S01011474,Developable - Short Term,275437,656359,Local Authority,Not applicable (i.e. only one owner),2018,Residential - Housing,0.64,Derelict,S12000050,e75f31cd-4d1d-49e4-a5a3-c3d4c9ef1d5d,2025-11-30,1351
pub_vdl.2782,South Ayrshire,,BH104,FORMER BAE CAR PARK TARBOLTON ROAD MONKTON,S01012532,Developable - Medium Term,236457,627710,Other Private,Not applicable (i.e. only one owner),2009,Transport,1.2,Derelict,S12000028,ec28bd2c-09cd-423c-b6c4-4cc8d18010a4,2025-11-30,2753
pub_vdl.2447,North Lanarkshire,SITE OF FORMER MAYFIELD GARAGE (HSG SITE NLMW1222),NL008501768,BUCHAN ROAD CARFIN INDUSTRIAL ESTATE MOTHERWELL,S01011464,Developable - Short Term,276526,658824,Other Private,Not applicable (i.e. only one owner),2001-2004,Other General Industry,0.55,Derelict,S12000050,e75f31cd-4d1d-49e4-a5a3-c3d4c9ef1d5d,2025-11-30,1326
pub_vdl.2448,North Lanarkshire,FORMER AGRICULTURAL BUILDINGS,NL008501770,SWINSTIE ROAD BELLSIDE CLELAND,S01011451,Developable - Undetermined,280465,657744,Other Private,Not applicable (i.e. only one owner),2008,Agriculture,0.27,Derelict,S12000050,e75f31cd-4d1d-49e4-a5a3-c3d4c9ef1d5d,2025-11-30,1327
pub_vdl.2449,North Lanarkshire,RAVENSCRAIG - EAST OF RAILWAY LINE - MEADOWHEAD RE,NL008501773,ROBBERHALL ROAD MOTHERWELL,S01011451,Developable - Undetermined,278141,656662,Other Private,Not applicable (i.e. only one owner),1991-1995,Manufacturing,50.84,Derelict,S12000050,e75f31cd-4d1d-49e4-a5a3-c3d4c9ef1d5d,2025-11-30,1328
pub_vdl.2450,North Lanarkshire,YARD 35 FLEMINGTON IND PARK (ILS NLS00569),NL008501777,WELLINGTON STREET CRAIGNEUK WISHAW,S01011451,Developable - Undetermined,277267,656137,Other Private,Not applicable (i.e. only one owner),2016,Other General Industry,0.34,Derelict,S12000050,e75f31cd-4d1d-49e4-a5a3-c3d4c9ef1d5d,2025-11-30,1329
pub_vdl.2451,North Lanarkshire,ADANDONED YARD,NL008501778,EXCELSIOR STREET NETHERTON WISHAW,S01011387,Developable - Undetermined,277540,654998,Other Private,Not applicable (i.e. only one owner),2016,Manufacturing,0.13,Derelict,S12000050,e75f31cd-4d1d-49e4-a5a3-c3d4c9ef1d5d,2025-11-30,1330
pub_vdl.2452,North Lanarkshire,SITE OF FORMER PLAY AREA/ALLOTMENTS (FORMER NLMW10,NL008501780,EASTMUIR STREET CAMBUSNETHAN WISHAW,S01011426,Developable - Undetermined,281503,655453,Other Private,Not applicable (i.e. only one owner),2010,Transport,0.22,Derelict,S12000050,e75f31cd-4d1d-49e4-a5a3-c3d4c9ef1d5d,2025-11-30,1331
pub_vdl.2480,North Lanarkshire,SITE OF FORMER WATER TOWER,NL008501939,BARONS ROAD MUIRHOUSE MOTHERWELL,S01011371,Developable - Short Term,276920,654986,Other Private,Not applicable (i.e. only one owner),2013,Utility Services,0.11,Derelict,S12000050,e75f31cd-4d1d-49e4-a5a3-c3d4c9ef1d5d,2025-11-30,1389
pub_vdl.2545,Perth and Kinross,BENTICK,1104,BRACO,S01011847,Developable - Undetermined,280697,708834,Other Private,Not applicable (i.e. only one owner),2005,Agriculture,0.16,Derelict,S12000048,e18ea2b7-a86d-47c4-a1d9-94bd7ada0980,2025-11-30,1485
pub_vdl.2453,North Lanarkshire,FORMER GARRION FARM BUILDINGS (NLMW1180),NL008501781,HORSLEY BRAE OVERTOWN,S01011362,Developable - Short Term,279643,651106,Other Private,Not applicable (i.e. only one owner),2016,Agriculture,1.45,Derelict,S12000050,e75f31cd-4d1d-49e4-a5a3-c3d4c9ef1d5d,2025-11-30,1332
pub_vdl.2454,North Lanarkshire,SITE OF FORMER CASTLEHILL PRIMARY SCHOOL,NL008501785,BIRKSHAW BRAE GOWKTHRAPPLE WISHAW,S01011361,Developable - Medium Term,279229,653733,Local Authority,Not applicable (i.e. only one owner),2017,Education,1.56,Derelict,S12000050,e75f31cd-4d1d-49e4-a5a3-c3d4c9ef1d5d,2025-11-30,1333
pub_vdl.2455,North Lanarkshire,FORMERLY 'THE SQUARE' (HOUSING SITE NLMW0677),NL008501787,MORNINGSIDE ROAD MORNINGSIDE NEWMAINS,S01011426,Developable - Short Term,283182,655266,Other Private,Not applicable (i.e. only one owner),2001-2004,Residential - Housing,0.28,Vacant Land,S12000050,e75f31cd-4d1d-49e4-a5a3-c3d4c9ef1d5d,2025-11-30,1334
pub_vdl.2456,North Lanarkshire,SITE OF FORMER PUB - ROWAN TREE (HOUSING SITE NLMW,NL008501788,BONKLE ROAD NEWMAINS,S01011423,Developable - Short Term,282701,656334,Other Private,Not applicable (i.e. only one owner),2017,Recreation & Leisure,0.15,Derelict,S12000050,e75f31cd-4d1d-49e4-a5a3-c3d4c9ef1d5d,2025-11-30,1335
pub_vdl.2457,North Lanarkshire,SITE OF FORMER DUTCHESS PARK DEPOT,NL008501791,CADZOW STREET MOTHERWELL,S01011478,Developable - Undetermined,274910,656573,Local Authority,Not applicable (i.e. only one owner),2017,Recreation & Leisure,0.11,Derelict,S12000050,e75f31cd-4d1d-49e4-a5a3-c3d4c9ef1d5d,2025-11-30,1336
pub_vdl.2458,North Lanarkshire,LAND NORTH OF TIMBER YARD (HOUSING SITE NLWM1174),NL008501837,NORTH AND SOUTH ROAD BELLSIDE CLELAND,S01011426,Developable - Medium Term,281360,658052,Other Private,Not applicable (i.e. only one owner),2018,Mineral Activity,1.54,Derelict,S12000050,e75f31cd-4d1d-49e4-a5a3-c3d4c9ef1d5d,2025-11-30,1350
pub_vdl.3038,West Dunbartonshire,ADJ LEVENBANK GDNS,8410053,MAIN STREET JAMESTOWN,S01013237,Developable - Medium Term,239680,681209,Other Private,Not applicable (i.e. only one owner),1980 or earlier,Other General Industry,0.23,Derelict,S12000039,af18f63e-8691-432f-a124-f0971d344397,2024-01-31,49
pub_vdl.2459,North Lanarkshire,SITE OF FORMER ATLANTIC WORKS,NL008501798,GLEN ROAD NEWHOUSE INDUSTRIAL ESTATE NEWHOUSE,S01011504,Developable - Short Term,277934,661368,Other Private,Not applicable (i.e. only one owner),2017,Manufacturing,1.21,Derelict,S12000050,e75f31cd-4d1d-49e4-a5a3-c3d4c9ef1d5d,2025-11-30,1337
pub_vdl.2460,North Lanarkshire,SITE EAST OF WH MALCOLM,NL008501799,GLASGOW AND EDINBURGH ROAD NEWHOUSE,S01011446,Developable - Medium Term,278377,661348,Other Private,Not applicable (i.e. only one owner),2017,Manufacturing,2.11,Derelict,S12000050,e75f31cd-4d1d-49e4-a5a3-c3d4c9ef1d5d,2025-11-30,1338
pub_vdl.2461,North Lanarkshire,SITE OF FORMER EASTFIELD NURSERY (GLASSHOUSES),NL008501801,OLD EASTFIELD STREET EASTFIELD HARTHILL,S01011439,Developable - Short Term,289707,664215,Other Private,Not applicable (i.e. only one owner),1980 or earlier,Agriculture,0.65,Derelict,S12000050,e75f31cd-4d1d-49e4-a5a3-c3d4c9ef1d5d,2025-11-30,1339
pub_vdl.2462,North Lanarkshire,SITE OF FORMER GASHOLDER STATION (HOUSING SITE NLM,NL008501832,NETHERTON STREET NETHERTON WISHAW,S01011388,Developable - Medium Term,278485,654708,Private Gas,Not applicable (i.e. only one owner),2017,Storage,0.67,Derelict,S12000050,e75f31cd-4d1d-49e4-a5a3-c3d4c9ef1d5d,2025-11-30,1346
pub_vdl.2463,North Lanarkshire,SITE OF FORMER WISHAW METHODIST CHURCH (HSG REF NL,NL008501833,CALEDONIAN ROAD WISHAW,S01011395,Developable - Short Term,279540,654912,Local Authority,Not applicable (i.e. only one owner),2012,Community & Health,0.13,Derelict,S12000050,e75f31cd-4d1d-49e4-a5a3-c3d4c9ef1d5d,2025-11-30,1347
pub_vdl.2464,North Lanarkshire,FORMER OVERTOWN PRIMARY SCHOOL (HOUSING SITE NLMW1,NL008501834,MAIN STREET OVERTOWN,S01011357,Developable - Short Term,280475,653297,Local Authority,Not applicable (i.e. only one owner),2018,Education,0.4,Vacant Land and Buildings,S12000050,e75f31cd-4d1d-49e4-a5a3-c3d4c9ef1d5d,2025-11-30,1348
pub_vdl.2465,North Lanarkshire,FORMER RECREATION GROUND (HOUSING SITE NLMW1250),NL008501835,OVERTOWN ROAD WATERLOO WISHAW,S01011426,Developable - Medium Term,281211,653986,Local Authority,Not applicable (i.e. only one owner),2018,Recreation & Leisure,1.61,Vacant Land,S12000050,e75f31cd-4d1d-49e4-a5a3-c3d4c9ef1d5d,2025-11-30,1349
pub_vdl.2467,North Lanarkshire,FORMER VICTORIA PARK (HOUSING SITE NLMW1171),NL008501843,WOODHALL ROAD WISHAW,S01011426,Developable - Medium Term,281836,655573,Other Private,Local Authority,2018,Recreation & Leisure,9.76,Derelict,S12000050,e75f31cd-4d1d-49e4-a5a3-c3d4c9ef1d5d,2025-11-30,1353
pub_vdl.2468,North Lanarkshire,LAND EAST OF ASDA,NL008501845,MORNINGSIDE ROAD NEWMAINS,S01011417,Developable - Undetermined,282563,655828,Other Private,Not applicable (i.e. only one owner),2018,Unknown,2.79,Derelict,S12000050,e75f31cd-4d1d-49e4-a5a3-c3d4c9ef1d5d,2025-11-30,1354
pub_vdl.2513,North Lanarkshire,LAND SOUTH OF BUCHANAN BUSINESS PARK,NL008521307,CUMBERNAULD ROAD STEPPS,S01011703,Developable - Undetermined,266701,668499,Other Private,Not applicable (i.e. only one owner),2001-2004,Other General Industry,2.03,Derelict,S12000050,e75f31cd-4d1d-49e4-a5a3-c3d4c9ef1d5d,2025-11-30,1256
pub_vdl.2469,North Lanarkshire,PROPOSED HOUSING SITE NLMW1161,NL008501846,COMMUNITY ROAD ORBISTON BELLSHILL,S01011514,Developable - Medium Term,273129,658947,Local Authority,Not applicable (i.e. only one owner),2018,Transport,0.87,Vacant Land,S12000050,e75f31cd-4d1d-49e4-a5a3-c3d4c9ef1d5d,2025-11-30,1355
pub_vdl.2470,North Lanarkshire,FORMER WOODEND CARAVAN PARK (HLAND SITE NLMW1239),NL008501850,MILL ROAD ALLANTON,S01011426,Developable - Medium Term,284731,657609,Other Private,Not applicable (i.e. only one owner),2018,Residential - Housing,1.05,Vacant Land,S12000050,e75f31cd-4d1d-49e4-a5a3-c3d4c9ef1d5d,2025-11-30,1356
pub_vdl.2471,North Lanarkshire,INDUSTRIAL SITE EAST - NLS00596,NL008501856,PHEONIX CRESCENT STRATHCLYDE BUSINESS PARK BELLSHILL,S01011532,Developable - Medium Term,272927,661958,Other Private,Not applicable (i.e. only one owner),2006,Mineral Activity,1.08,Vacant Land,S12000050,e75f31cd-4d1d-49e4-a5a3-c3d4c9ef1d5d,2025-11-30,1139
pub_vdl.2472,North Lanarkshire,FORMER TEMPORARY PARKING AREA,NL008501857,FINCH WAY STRATHCLYDE BUSINESS PARK BELLSHILL,S01011532,Developable - Medium Term,272845,661840,Other Private,Not applicable (i.e. only one owner),2018,Prepared Ground,0.19,Vacant Land,S12000050,e75f31cd-4d1d-49e4-a5a3-c3d4c9ef1d5d,2025-11-30,1358
pub_vdl.2473,North Lanarkshire,FORMER BLAES PITCHES (FORMER HOUSING SITE NLMW1228,NL008501860,BON ACCORD CRESCENT DYKEHEAD SHOTTS,S01011431,Developable - Undetermined,287305,660321,Local Authority,Not applicable (i.e. only one owner),2018,Recreation & Leisure,1.14,Derelict,S12000050,e75f31cd-4d1d-49e4-a5a3-c3d4c9ef1d5d,2025-11-30,1359
pub_vdl.2474,North Lanarkshire,LAND SOUTH OF SUNNYSIDE,NL008501927,WISHAW LOW ROAD CLELAND,S01011451,Developable - Undetermined,280158,657671,Other Private,Not applicable (i.e. only one owner),2019,Transport,0.32,Derelict,S12000050,e75f31cd-4d1d-49e4-a5a3-c3d4c9ef1d5d,2025-11-30,1385
pub_vdl.2475,North Lanarkshire,SITE OF FORMER TIP (FORMER HOUSING SITE NLMW1065),NL008501929,JERVISTON ROAD MOTHERWELL,S01011462,Developable - Undetermined,276064,658704,Other Private,Not applicable (i.e. only one owner),2013,Mineral Activity,1.03,Derelict,S12000050,e75f31cd-4d1d-49e4-a5a3-c3d4c9ef1d5d,2025-11-30,1386
pub_vdl.2476,North Lanarkshire,FORMER FALLSIDE SECONDARY SCHOOL,NL008502018,SANDERSON AVENUE VIEWPARK UDDINGSTON,S01011533,Developable - Undetermined,271559,660796,Local Authority,Not applicable (i.e. only one owner),2022,Education,0.25,Derelict,S12000050,e75f31cd-4d1d-49e4-a5a3-c3d4c9ef1d5d,2025-11-30,1418
pub_vdl.2477,North Lanarkshire,LAND ADJACENT TO PAXTANE FARM,NL008501915,WEST MAIN STREET HARTHILL,S01011439,Developable - Undetermined,289983,664048,Other Private,Not applicable (i.e. only one owner),2012,Transport,9.06,Vacant Land,S12000050,e75f31cd-4d1d-49e4-a5a3-c3d4c9ef1d5d,2025-11-30,1381
pub_vdl.2478,North Lanarkshire,RAVENSCRAIG NORTH WEST - REMAINDER,NL008501930,PROSPECTHILL ROAD RAVENSCRAIG MOTHERWELL,S01011451,Developable - Undetermined,276729,657561,Other Private,Not applicable (i.e. only one owner),1991-1995,Manufacturing,0.99,Vacant Land,S12000050,e75f31cd-4d1d-49e4-a5a3-c3d4c9ef1d5d,2025-11-30,1387
pub_vdl.2479,North Lanarkshire,SITE OF FORMER DSS OFFICES,NL008501936,ROBERTS STREET WISHAW,S01011401,Developable - Undetermined,279467,655340,Local Authority,Not applicable (i.e. only one owner),2019,Offices,0.19,Derelict,S12000050,e75f31cd-4d1d-49e4-a5a3-c3d4c9ef1d5d,2025-11-30,1388
pub_vdl.2481,North Lanarkshire,PROPOSED LDP REGENERATION SITE 2/13,NL008501917,BELLSHILL ROAD UDDINGSTON,S01011534,Developable - Medium Term,270762,660566,Other Private,Not applicable (i.e. only one owner),2019,Community & Health,4.56,Derelict,S12000050,e75f31cd-4d1d-49e4-a5a3-c3d4c9ef1d5d,2025-11-30,1382
pub_vdl.2482,North Lanarkshire,FORMER PLAYING FIELDS (PROPOSED HOUSING SITE),NL008501918,LABURNUM ROAD VIEWPARK UDDINGSTON,S01011532,Developable - Short Term,271541,661003,Local Authority,Not applicable (i.e. only one owner),2019,Recreation & Leisure,1.01,Vacant Land,S12000050,e75f31cd-4d1d-49e4-a5a3-c3d4c9ef1d5d,2025-11-30,1383
pub_vdl.2483,North Lanarkshire,SITE OF FORMER AMEY ROADS DEPOT,NL008501920,AITKENHEAD ROAD TANNOCHSIDE UDDINGSTON,S01011552,Developable - Undetermined,270299,662440,Other Private,Not applicable (i.e. only one owner),2019,Transport,0.45,Derelict,S12000050,e75f31cd-4d1d-49e4-a5a3-c3d4c9ef1d5d,2025-11-30,1384
pub_vdl.2484,North Lanarkshire,THE VOE SOUTH - NLMW741 REMAINDER,NL008501924,TORBOTHIE ROAD SHOTTS,S01011439,Developable - Short Term,288594,659958,Other Private,Not applicable (i.e. only one owner),1981-1985,Mineral Activity,0.51,Derelict,S12000050,e75f31cd-4d1d-49e4-a5a3-c3d4c9ef1d5d,2025-11-30,1433
pub_vdl.2485,North Lanarkshire,SITE AT 91,NL008502028,BENHAR ROAD SHOTTS,S01011435,Developable - Short Term,287984,660339,Other Private,Not applicable (i.e. only one owner),2022,Other General Industry,0.16,Derelict,S12000050,e75f31cd-4d1d-49e4-a5a3-c3d4c9ef1d5d,2025-11-30,1428
pub_vdl.2486,North Lanarkshire,OLD MANSE ROAD - FORMER HLA SITE NLMW0143A,NL008501940,OLD MANSE ROAD NETHERTON WISHAW,S01011362,Developable - Undetermined,278517,654191,Other Private,Not applicable (i.e. only one owner),1981-1985,Recreation & Leisure,2.64,Vacant Land,S12000050,e75f31cd-4d1d-49e4-a5a3-c3d4c9ef1d5d,2025-11-30,1390
pub_vdl.2487,North Lanarkshire,LAND AT REEMA ROAD (HLA NLMW1322),NL008501946,REEMA ROAD BELLSHILL,S01011525,Developable - Short Term,274045,660590,Housing Association,Not applicable (i.e. only one owner),2020,Mineral Activity,1.59,Derelict,S12000050,e75f31cd-4d1d-49e4-a5a3-c3d4c9ef1d5d,2025-11-30,1391
pub_vdl.2488,North Lanarkshire,DEMOLISHED FACTORY UNITS - NORTH SITE,NL008501954,NETHERDALE ROAD NETHERTON INDUSTRIAL ESTATE WISHAW,S01011365,Developable - Medium Term,278247,654774,Local Authority,Not applicable (i.e. only one owner),2010,Other General Industry,0.21,Derelict,S12000050,e75f31cd-4d1d-49e4-a5a3-c3d4c9ef1d5d,2025-11-30,1393
pub_vdl.2489,North Lanarkshire,LAND AT 16 HOLYTOWN ROAD,NL008501956,HOLYTOWN ROAD HOLYTOWN,S01011497,Developable - Medium Term,275536,660363,Other Private,Not applicable (i.e. only one owner),2020,Residential - Housing,1.45,Derelict,S12000050,e75f31cd-4d1d-49e4-a5a3-c3d4c9ef1d5d,2025-11-30,1394
pub_vdl.2490,North Lanarkshire,SITE OF FORMER SOCIAL WORK OFFICE - HSG SITE NLMW1,NL008501975,GRAHAM STREET WISHAW,S01011396,Developable - Short Term,279833,654936,Local Authority,Not applicable (i.e. only one owner),2021,Offices,0.2,Derelict,S12000050,e75f31cd-4d1d-49e4-a5a3-c3d4c9ef1d5d,2025-11-30,1401
pub_vdl.2491,North Lanarkshire,SITE OF FORMER NEWMAINS PS & FAMILY LEARNING CENTR,NL008502015,SCHOOL ROAD NEWMAINS,S01011417,Developable - Undetermined,282110,655804,Local Authority,Not applicable (i.e. only one owner),2022,Education,0.89,Derelict,S12000050,e75f31cd-4d1d-49e4-a5a3-c3d4c9ef1d5d,2025-11-30,1415
pub_vdl.2492,North Lanarkshire,SITE OF FORMER ELECTRICAL WORKS (ILS NLS00606),NL008501993,LAUCHOPE ROAD NEWHOUSE INDUSTRIAL ESTATE NEWHOUSE,S01011504,Developable - Medium Term,277643,661398,Other Private,Not applicable (i.e. only one owner),1991-1995,Other General Industry,1.79,Vacant Land,S12000050,e75f31cd-4d1d-49e4-a5a3-c3d4c9ef1d5d,2025-11-30,1406
pub_vdl.2493,North Lanarkshire,GOWKTHRAPPLE EAST DEMOLITIONS,NL008502013,STANHOPE PLACE GOWKTHRAPPLE WISHAW,S01011361,Developable - Medium Term,279123,653654,Local Authority,Not applicable (i.e. only one owner),2022,Residential - Housing,6.78,Derelict,S12000050,e75f31cd-4d1d-49e4-a5a3-c3d4c9ef1d5d,2025-11-30,1413
pub_vdl.2494,North Lanarkshire,SITE OF FORMER ST BRIGID'S PRIMARY SCHOOL,NL008502017,NEWTON DRIVE NEWMAINS,S01011417,Developable - Undetermined,282092,656135,Local Authority,Not applicable (i.e. only one owner),2022,Education,1.06,Derelict,S12000050,e75f31cd-4d1d-49e4-a5a3-c3d4c9ef1d5d,2025-11-30,1417
pub_vdl.2495,North Lanarkshire,SITE OF FORMER EAST CRINDLEDYKE FARM (HOUSING SITE,NL008502019,ABERNETHYN ROAD NEWMAINS,S01011422,Developable - Short Term,282535,656735,Other Private,Not applicable (i.e. only one owner),2022,Agriculture,0.4,Derelict,S12000050,e75f31cd-4d1d-49e4-a5a3-c3d4c9ef1d5d,2025-11-30,1419
pub_vdl.2496,North Lanarkshire,SITE OF FORMER FORGEWOOD NURSERY CENTRE,NL008502023,FIFE DRIVE FORGEWOOD MOTHERWELL,S01011496,Developable - Undetermined,274693,658862,Local Authority,Not applicable (i.e. only one owner),2022,Education,0.14,Derelict,S12000050,e75f31cd-4d1d-49e4-a5a3-c3d4c9ef1d5d,2025-11-30,1423
pub_vdl.2497,North Lanarkshire,FORMER DRAFFEN TOWER (HOUSING SITE NLMW1373),NL008502024,DRAFFEN STREET MOTHERWELL,S01011472,Developable - Medium Term,275757,657415,Local Authority,Not applicable (i.e. only one owner),2022,Residential - Housing,0.68,Derelict,S12000050,e75f31cd-4d1d-49e4-a5a3-c3d4c9ef1d5d,2025-11-30,1424
pub_vdl.2498,North Lanarkshire,FORMER ALLAN & COURSINGTON TOWER BLOCKS (NLMW1374),NL008502025,COURSINGTON ROAD MOTHERWELL,S01011472,Developable - Medium Term,275897,657356,Local Authority,Not applicable (i.e. only one owner),2022,Residential - Housing,0.71,Derelict,S12000050,e75f31cd-4d1d-49e4-a5a3-c3d4c9ef1d5d,2025-11-30,1425
pub_vdl.2499,North Lanarkshire,SITE OF FORMER ORBISTON NURSERY SCHOOL,NL008502026,LIBERTY ROAD ORBISTON BELLSHILL,S01011514,Developable - Short Term,273249,659502,Local Authority,Not applicable (i.e. only one owner),2022,Education,0.14,Derelict,S12000050,e75f31cd-4d1d-49e4-a5a3-c3d4c9ef1d5d,2025-11-30,1426
pub_vdl.2500,North Lanarkshire,FORMER VIEWPARK GARDENS,NL008502029,BAIRDS AVENUE VIEWPARK UDDINGSTON,S01011535,Developable - Undetermined,270818,660816,Local Authority,Not applicable (i.e. only one owner),2024,Recreation & Leisure,2.18,Derelict,S12000050,e75f31cd-4d1d-49e4-a5a3-c3d4c9ef1d5d,2025-11-30,1429
pub_vdl.2501,North Lanarkshire,GOWKTHRAPPLE NORTH WEST ALLERSHAW AND BIRKSHAW TOW,NL008502033,ALLERSHAW PLACE GOWKTHRAPPLE WISHAW,S01011361,Developable - Medium Term,278933,653817,Local Authority,Not applicable (i.e. only one owner),2024,Residential - Housing,1.83,Derelict,S12000050,e75f31cd-4d1d-49e4-a5a3-c3d4c9ef1d5d,2025-11-30,1430
pub_vdl.2502,North Lanarkshire,FORMER BULLFROG PUB (FIRE DAMAGED),NL008502034,SHIELDS ROAD MUIRHOUSE MOTHERWELL,S01011375,Developable - Undetermined,276610,655394,Other Private,Not applicable (i.e. only one owner),2024,Other,0.16,Derelict,S12000050,e75f31cd-4d1d-49e4-a5a3-c3d4c9ef1d5d,2025-11-30,1431
pub_vdl.2503,North Lanarkshire,LAND TO SOUTH OF EVANS HALSHAW,NL008502035,DALZELL DRIVE MOTHERWELL,S01011381,Developable - Medium Term,276167,655868,Local Authority,Not applicable (i.e. only one owner),2024,Other,0.84,Derelict,S12000050,e75f31cd-4d1d-49e4-a5a3-c3d4c9ef1d5d,2025-11-30,1432
pub_vdl.2504,North Lanarkshire,GARNKIRK IND ESTATE - NLN00245,NL008520122,WOODHEAD ROAD MUIRHEAD,S01011703,Developable - Medium Term,267733,668658,Other Private,Not applicable (i.e. only one owner),1981-1985,Other General Industry,0.73,Derelict,S12000050,e75f31cd-4d1d-49e4-a5a3-c3d4c9ef1d5d,2025-11-30,1055
pub_vdl.2505,North Lanarkshire,LAND EAST OF UNIT 6 BUCHANAN BUSINESS PARK,NL008521306,BUCHANAN COURT STEPPS,S01011701,Developable - Medium Term,266671,668869,Other Private,Not applicable (i.e. only one owner),2001-2004,Prepared Ground,0.19,Vacant Land,S12000050,e75f31cd-4d1d-49e4-a5a3-c3d4c9ef1d5d,2025-11-30,1180
pub_vdl.2506,North Lanarkshire,GARTCOSH INTERCHANGE - SOUTH (SITE 1 & 2A/B),NL008520219,AULDYARDS ROAD GARTCOSH,S01011695,Developable - Medium Term,270823,667900,Scottish Enterprise,Not applicable (i.e. only one owner),1986-1990,Manufacturing,25.51,Derelict,S12000050,e75f31cd-4d1d-49e4-a5a3-c3d4c9ef1d5d,2025-11-30,1121
pub_vdl.2507,North Lanarkshire,SITE OF FORMER STONEYETTS HOSPITAL NORTH (NLSK0441,NL008520248,GARTFERRY ROAD MOODIESBURN,S01011703,Developable - Short Term,269655,671626,Health Boards,Not applicable (i.e. only one owner),1991-1995,Community & Health,4.33,Derelict,S12000050,e75f31cd-4d1d-49e4-a5a3-c3d4c9ef1d5d,2025-11-30,1023
pub_vdl.2508,North Lanarkshire,FORMER HOUSING SITE - NLSK300,NL008521231,EASTGATE GARTCOSH,S01011695,Developable - Short Term,270101,668255,Other Private,Not applicable (i.e. only one owner),1991-1995,Recreation & Leisure,1.04,Vacant Land,S12000050,e75f31cd-4d1d-49e4-a5a3-c3d4c9ef1d5d,2025-11-30,1163
pub_vdl.2509,North Lanarkshire,FORMER PEAT WORKS,NL008520250,A80 MOODIESBURN,S01011695,Uneconomic to Develop/Soft End Use,270447,670788,Other Private,Not applicable (i.e. only one owner),1996-2000,Mineral Activity,1.57,Derelict,S12000050,e75f31cd-4d1d-49e4-a5a3-c3d4c9ef1d5d,2025-11-30,1366
pub_vdl.2510,North Lanarkshire,GARTCOSH INTERCHANGE WEST (SITE 3 REMAINDER),NL008520328,CRAIGNETHAN DRIVE GARTCOSH,S01011695,Developable - Medium Term,270229,667973,Scottish Enterprise,Not applicable (i.e. only one owner),1986-1990,Manufacturing,6.8,Derelict,S12000050,e75f31cd-4d1d-49e4-a5a3-c3d4c9ef1d5d,2025-11-30,1097
pub_vdl.2511,North Lanarkshire,INDUSTRIAL SITE NLN00415,NL008520340,BUCHANAN GATE STEPPS,S01011701,Developable - Medium Term,266966,668875,Other Private,Not applicable (i.e. only one owner),2007,Prepared Ground,0.59,Vacant Land,S12000050,e75f31cd-4d1d-49e4-a5a3-c3d4c9ef1d5d,2025-11-30,1129
pub_vdl.2512,North Lanarkshire,SITE OF FORMER GARAGE,NL008521224,STONEYETTS ROAD MOODIESBURN,S01011713,Developable - Undetermined,269932,670470,Other Private,Not applicable (i.e. only one owner),2007,Transport,0.14,Derelict,S12000050,e75f31cd-4d1d-49e4-a5a3-c3d4c9ef1d5d,2025-11-30,1160
pub_vdl.2516,North Lanarkshire,GARTCOSH INTERCHANGE - EAST (PLOT1A),NL008521499,AULDYARDS ROAD GARTCOSH,S01011695,Developable - Short Term,270852,668275,Scottish Enterprise,Local Authority,1986-1990,Manufacturing,5.82,Vacant Land,S12000050,e75f31cd-4d1d-49e4-a5a3-c3d4c9ef1d5d,2025-11-30,1232
pub_vdl.2517,North Lanarkshire,FORMER DRUNCAVEL ROCK SAND WORKS,NL008521573,DRUMCAVEL ROAD MUIRHEAD,S01011695,Developable - Undetermined,270714,669742,Other Private,Not applicable (i.e. only one owner),2001-2004,Mineral Activity,0.89,Derelict,S12000050,e75f31cd-4d1d-49e4-a5a3-c3d4c9ef1d5d,2025-11-30,1257
pub_vdl.2518,North Lanarkshire,FORMER CAR SALES YARD (NO 42),NL008521814,CUMBERNAULD ROAD STEPPS,S01011699,Developable - Short Term,265462,668165,Other Private,Not applicable (i.e. only one owner),2012,Other General Industry,0.3,Derelict,S12000050,e75f31cd-4d1d-49e4-a5a3-c3d4c9ef1d5d,2025-11-30,1341
pub_vdl.2519,Perth and Kinross,LADESIDE INDUSTRIAL ESTATE,1001,ST CATHERINE'S RD PERTH,S01011935,Developable - Undetermined,310889,724351,Local Authority,Not applicable (i.e. only one owner),1991-1995,Unknown,0.19,Derelict,S12000048,e18ea2b7-a86d-47c4-a1d9-94bd7ada0980,2025-11-30,1455
pub_vdl.2534,Perth and Kinross,FORMER ERROL SAWMILL,1081,ERROL AIRFIELD B953 ERROL,S01011962,Developable - Undetermined,326903,724841,Other Private,Not applicable (i.e. only one owner),2010,Forestry/Woodland,1.51,Derelict,S12000048,e18ea2b7-a86d-47c4-a1d9-94bd7ada0980,2025-11-30,1446
pub_vdl.2525,Perth and Kinross,SAWMILL,1010,BAMFF ROAD ALYTH,S01011976,Developable - Medium Term,324306,748686,Ownership unknown,Not applicable (i.e. only one owner),2001-2004,Forestry/Woodland,0.71,Derelict,S12000048,e18ea2b7-a86d-47c4-a1d9-94bd7ada0980,2025-11-30,1444
pub_vdl.2584,Renfrewshire,BEITH ROAD,350690,BEITH ROAD JOHNSTONE,S01012040,Developable - Medium Term,242049,662058,Other Private,Not applicable (i.e. only one owner),1996-2000,Storage,0.35,Derelict,S12000038,0b2c4204-296f-4e05-871e-ba9f5c6d3eda,2025-11-30,1590
pub_vdl.2520,North Lanarkshire,SITE OF FORMER TENNIS COURTS/BOWLING GREEN & PAVIL,NL008521816,GARTFERRY ROAD MOODIESBURN,S01011709,Developable - Undetermined,269106,670988,Local Authority,Not applicable (i.e. only one owner),2017,Recreation & Leisure,0.42,Vacant Land,S12000050,e75f31cd-4d1d-49e4-a5a3-c3d4c9ef1d5d,2025-11-30,1342
pub_vdl.2521,North Lanarkshire,FORMER FEPHEATCARE SITE,NL008521899,CUMBERNAULD ROAD CHRYSTON,S01011706,Developable - Undetermined,268590,669511,Other Private,Not applicable (i.e. only one owner),2019,Other General Industry,0.63,Derelict,S12000050,e75f31cd-4d1d-49e4-a5a3-c3d4c9ef1d5d,2025-11-30,1373
pub_vdl.2522,North Lanarkshire,SITE TO WEST OF POTASSELS ROAD,NL008521957,POTASSELS ROAD MUIRHEAD,S01011704,Developable - Medium Term,268075,669219,Other Private,Not applicable (i.e. only one owner),2020,Mineral Activity,1.81,Derelict,S12000050,e75f31cd-4d1d-49e4-a5a3-c3d4c9ef1d5d,2025-11-30,1395
pub_vdl.2523,North Lanarkshire,ABANDONED YARD,NL008521960,GARTLOCH ROAD GARTCOSH,S01011694,Developable - Medium Term,269440,667738,Other Private,Not applicable (i.e. only one owner),2020,Mineral Activity,0.29,Derelict,S12000050,e75f31cd-4d1d-49e4-a5a3-c3d4c9ef1d5d,2025-11-30,1398
pub_vdl.2524,Orkney Islands,FORMER NAVAL BASE,1100018,LYNESS HOY,S01011827,Developable - Short Term,330623,994687,Local Authority,Unknown Private,1980 or earlier,Defence,31.77,Derelict,S12000023,ffe4c624-785f-413e-b271-140b93c9fc6a,2020-09-29,1
pub_vdl.2526,Perth and Kinross,BRIDGEND EAST,1012,BRIDGEND EAST KINROSS,S01011834,Developable - Medium Term,311420,701936,Other Private,Not applicable (i.e. only one owner),2001-2004,Unknown,2.58,Vacant Land,S12000048,e18ea2b7-a86d-47c4-a1d9-94bd7ada0980,2025-11-30,1448
pub_vdl.2527,Perth and Kinross,FORMER CAR SHOWROOM,1029,RIGGS ROAD PERTH,S01011893,Developable - Short Term,310880,723685,Other Private,Not applicable (i.e. only one owner),2005,Retailing,0.63,Derelict,S12000048,e18ea2b7-a86d-47c4-a1d9-94bd7ada0980,2025-11-30,1437
pub_vdl.2528,Perth and Kinross,GOODS YARD1,1041,STATION ROAD MURTHLY,S01011998,Developable - Undetermined,310026,738387,Ownership unknown,Not applicable (i.e. only one owner),Unknown,Transport,0.72,Derelict,S12000048,e18ea2b7-a86d-47c4-a1d9-94bd7ada0980,2025-11-30,1440
pub_vdl.2529,Perth and Kinross,KINNON PARK FARM,1058,METHVEN,S01011872,Developable - Medium Term,303964,724686,Unknown Private,Not applicable (i.e. only one owner),Unknown,Agriculture,0.66,Derelict,S12000048,e18ea2b7-a86d-47c4-a1d9-94bd7ada0980,2025-11-30,1445
pub_vdl.2530,Perth and Kinross,FORMER GASWORKS,1067,BROICH ROAD CRIEFF,S01011870,Developable - Medium Term,286016,721090,Private Gas,Not applicable (i.e. only one owner),2005,Storage,0.55,Derelict,S12000048,e18ea2b7-a86d-47c4-a1d9-94bd7ada0980,2025-11-30,1442
pub_vdl.2531,Perth and Kinross,MILTON HOUSE AND GARAGE,1074,NEWBURGH ROAD ABERNETHY,S01011885,Developable - Short Term,319340,716707,Other Private,Not applicable (i.e. only one owner),Unknown,Other General Industry,1.29,Vacant Land,S12000048,e18ea2b7-a86d-47c4-a1d9-94bd7ada0980,2025-11-30,1434
pub_vdl.2532,Perth and Kinross,FORMER BUILDERS YARD,1075,RIGGS ROAD/LONG CAUSEWAY PERTH,S01011893,Developable - Short Term,310833,723788,Ownership unknown,Not applicable (i.e. only one owner),2008,Other General Industry,0.18,Derelict,S12000048,e18ea2b7-a86d-47c4-a1d9-94bd7ada0980,2025-11-30,1436
pub_vdl.2533,Perth and Kinross,GOODS YARD,1078,TULLOCH ROAD PERTH,S01011923,Developable - Medium Term,310241,725124,Network Rail/ Rail Franchise Holder,Not applicable (i.e. only one owner),2009,Transport,10.66,Vacant Land,S12000048,e18ea2b7-a86d-47c4-a1d9-94bd7ada0980,2025-11-30,1435
pub_vdl.2536,Perth and Kinross,FORMER HOSTEL,1095,NECESSITY BRAE PERTH,S01011878,Developable - Short Term,309886,722421,Other Private,Not applicable (i.e. only one owner),2017,"Residential - Hotels, Hostels etc",0.48,Derelict,S12000048,e18ea2b7-a86d-47c4-a1d9-94bd7ada0980,2025-11-30,1468
pub_vdl.2537,Perth and Kinross,FORMER LEVENGLEN NURSING HOME,1096,GLENLOMOND,S01011837,Developable - Short Term,316977,704900,Other Private,Not applicable (i.e. only one owner),2017,Community & Health,0.92,Derelict,S12000048,e18ea2b7-a86d-47c4-a1d9-94bd7ada0980,2025-11-30,1474
pub_vdl.2538,Perth and Kinross,FORMER LOMOND HOTEL,1097,MAIN STREET KINNESSWOOD,S01011836,Developable - Short Term,317582,702850,Other Private,Not applicable (i.e. only one owner),2017,"Residential - Hotels, Hostels etc",0.24,Vacant Land,S12000048,e18ea2b7-a86d-47c4-a1d9-94bd7ada0980,2025-11-30,1466
pub_vdl.2539,Perth and Kinross,LITTLE FINDOWIE FARM,1098,AMULREE,S01012008,Developable - Undetermined,294858,738611,Other Private,Not applicable (i.e. only one owner),2015,Agriculture,0.45,Derelict,S12000048,e18ea2b7-a86d-47c4-a1d9-94bd7ada0980,2025-11-30,1477
pub_vdl.2540,Perth and Kinross,AUCHLOY FARM,1099,ABERCAIRNY,S01011857,Developable - Undetermined,290953,723897,Other Private,Not applicable (i.e. only one owner),2006,Agriculture,0.35,Derelict,S12000048,e18ea2b7-a86d-47c4-a1d9-94bd7ada0980,2025-11-30,1467
pub_vdl.2541,Perth and Kinross,LAND 60M WEST OF FIRHILL,1100,AUCHTERARDER,S01011850,Developable - Short Term,292086,711813,Other Private,Other Private,2015,Other General Industry,0.79,Derelict,S12000048,e18ea2b7-a86d-47c4-a1d9-94bd7ada0980,2025-11-30,1478
pub_vdl.2542,Perth and Kinross,NEWMAINS FARMHOUSE,1101,BALTHAYOCK,S01011957,Developable - Undetermined,317384,723833,Other Private,Not applicable (i.e. only one owner),2006,Agriculture,0.36,Derelict,S12000048,e18ea2b7-a86d-47c4-a1d9-94bd7ada0980,2025-11-30,1470
pub_vdl.2543,Perth and Kinross,LITTLE TULLYBELTON FARM,1102,BANKFOOT,S01012006,Developable - Undetermined,303598,734411,Other Private,Not applicable (i.e. only one owner),2013,Agriculture,0.31,Derelict,S12000048,e18ea2b7-a86d-47c4-a1d9-94bd7ada0980,2025-11-30,1471
pub_vdl.2544,Perth and Kinross,CORRIELEA FARM,1103,BANKFOOT,S01012006,Developable - Undetermined,301981,734129,Other Private,Not applicable (i.e. only one owner),2013,Agriculture,0.25,Derelict,S12000048,e18ea2b7-a86d-47c4-a1d9-94bd7ada0980,2025-11-30,1472
pub_vdl.2548,Perth and Kinross,RUIN OF SIGGENDEN HOUSE,1107,KINFAUNS,S01011957,Developable - Undetermined,316667,721535,Other Private,Not applicable (i.e. only one owner),1980 or earlier,Residential - Housing,0.54,Derelict,S12000048,e18ea2b7-a86d-47c4-a1d9-94bd7ada0980,2025-11-30,1473
pub_vdl.2553,Perth and Kinross,SITE 8 PERTH FOOD & DRINK PARK,1113,ARRAN ROAD PERTH,S01011925,Developable - Medium Term,310169,726479,Local Authority,Not applicable (i.e. only one owner),2014,Passive Open Space,1,Vacant Land,S12000048,e18ea2b7-a86d-47c4-a1d9-94bd7ada0980,2025-11-30,1489
pub_vdl.2554,Renfrewshire,MURRAY STREET,350698,MURRAY STREET (SOUTH) PAISLEY (NORTH),S01012155,Developable - Short Term,247601,664658,Other Private,Not applicable (i.e. only one owner),1996-2000,Other General Industry,0.38,Vacant Land,S12000038,0b2c4204-296f-4e05-871e-ba9f5c6d3eda,2025-11-30,1601
pub_vdl.2555,Perth and Kinross,SITE 9 PERTH FOOD & DRINK PARK,1114,ARRAN ROAD PERTH,S01011925,Developable - Medium Term,310235,726415,Local Authority,Not applicable (i.e. only one owner),2014,Passive Open Space,0.55,Vacant Land,S12000048,e18ea2b7-a86d-47c4-a1d9-94bd7ada0980,2025-11-30,1490
pub_vdl.2556,Perth and Kinross,SITE 10 PERTH FOOD & DRINK PARK,1115,ARRAN ROAD PERTH,S01011925,Developable - Medium Term,310143,726379,Local Authority,Not applicable (i.e. only one owner),2014,Passive Open Space,0.57,Vacant Land,S12000048,e18ea2b7-a86d-47c4-a1d9-94bd7ada0980,2025-11-30,1491
pub_vdl.2557,Perth and Kinross,SITE 11 PERTH FOOD & DRINK PARK,1116,ARRAN ROAD PERTH,S01011925,Developable - Medium Term,310073,726360,Local Authority,Not applicable (i.e. only one owner),2014,Passive Open Space,0.41,Vacant Land,S12000048,e18ea2b7-a86d-47c4-a1d9-94bd7ada0980,2025-11-30,1492
pub_vdl.2558,Perth and Kinross,SITE 12 PERTH FOOD & DRINK PARK,1117,ARRAN ROAD PERTH,S01011925,Developable - Medium Term,309920,726518,Local Authority,Not applicable (i.e. only one owner),2014,Passive Open Space,4.1,Vacant Land,S12000048,e18ea2b7-a86d-47c4-a1d9-94bd7ada0980,2025-11-30,1486
pub_vdl.2559,Perth and Kinross,STRONCHAVIE FARMHOUSE,1119,STARLOCH,S01011981,Developable - Undetermined,300487,763667,Other Private,Not applicable (i.e. only one owner),2007,Agriculture,0.21,Derelict,S12000048,e18ea2b7-a86d-47c4-a1d9-94bd7ada0980,2025-11-30,1482
pub_vdl.2560,Perth and Kinross,NORTH BRIDGEND EAST,1120,BRIDGEND EAST KINROSS,S01011834,Developable - Short Term,311297,702128,Other Private,Not applicable (i.e. only one owner),2001-2004,Unknown,0.37,Vacant Land,S12000048,e18ea2b7-a86d-47c4-a1d9-94bd7ada0980,2025-11-30,1493
pub_vdl.2561,Perth and Kinross,ROSEBANK,1121,1 FEUS AUCHTERARDER,S01011853,Developable - Short Term,295292,713295,Other Private,Not applicable (i.e. only one owner),2013,Residential - Housing,0.13,Derelict,S12000048,e18ea2b7-a86d-47c4-a1d9-94bd7ada0980,2025-11-30,1469
pub_vdl.2562,Perth and Kinross,POTHILL,1122,AUCHTERARDER,S01011850,Developable - Medium Term,296115,711275,Other Private,Not applicable (i.e. only one owner),2005,Residential - Housing,0.11,Derelict,S12000048,e18ea2b7-a86d-47c4-a1d9-94bd7ada0980,2025-11-30,1479
pub_vdl.2563,Perth and Kinross,KILKNOCKIEBANK FARM,1123,BRIDGE OF EARN,S01011884,Developable - Medium Term,315479,715130,Other Private,Not applicable (i.e. only one owner),Unknown,Agriculture,0.58,Derelict,S12000048,e18ea2b7-a86d-47c4-a1d9-94bd7ada0980,2025-11-30,1483
pub_vdl.2564,Perth and Kinross,DRUMCHARRY COTTAGE,1124,FORTNIGALL,S01012017,Developable - Medium Term,275990,748070,Other Private,Not applicable (i.e. only one owner),2001-2004,Agriculture,0.3,Derelict,S12000048,e18ea2b7-a86d-47c4-a1d9-94bd7ada0980,2025-11-30,1484
pub_vdl.2565,Perth and Kinross,STEADING 30 METRES NORTH OF WOODFIELD FARM HOUSE,1130,KINCLAVEN,S01011995,Developable - Short Term,314565,738469,Other Private,Other Private,Unknown,Residential - Housing,0.23,Derelict,S12000048,e18ea2b7-a86d-47c4-a1d9-94bd7ada0980,2025-11-30,1494
pub_vdl.2566,Perth and Kinross,ERICHT MILLS,402,HAUGH ROAD RATTRAY,S01011980,Developable - Undetermined,318403,744893,Other Private,Not applicable (i.e. only one owner),1980 or earlier,Manufacturing,1.41,Derelict,S12000048,e18ea2b7-a86d-47c4-a1d9-94bd7ada0980,2025-11-30,1439
pub_vdl.2567,Perth and Kinross,HILLSIDE HOSPITAL,630,DUNDEE ROAD PERTH,S01011944,Developable - Medium Term,312438,722926,Health Boards,Not applicable (i.e. only one owner),1996-2000,Community & Health,1.76,Vacant Land,S12000048,e18ea2b7-a86d-47c4-a1d9-94bd7ada0980,2025-11-30,1438
pub_vdl.2568,Perth and Kinross,FORMER BROXDEN FARM STEADING,805,BROXDEN PERTH,S01011899,Developable - Short Term,308667,722562,Other Private,Not applicable (i.e. only one owner),2008,Agriculture,0.95,Vacant Land,S12000048,e18ea2b7-a86d-47c4-a1d9-94bd7ada0980,2025-11-30,1449
pub_vdl.2571,Perth and Kinross,CROMWELL PARK,808,ALMONDBANK PERTH,S01011875,Developable - Medium Term,305867,726548,Unknown Private,Not applicable (i.e. only one owner),Unknown,Defence,1.55,Derelict,S12000048,e18ea2b7-a86d-47c4-a1d9-94bd7ada0980,2025-11-30,1452
pub_vdl.2572,Perth and Kinross,MANOR FARM AND FARMHOUSE,809,INCHYRA ST MADOES,S01011957,Developable - Undetermined,318485,720493,Unknown Private,Not applicable (i.e. only one owner),2013,Residential - Housing,1.04,Derelict,S12000048,e18ea2b7-a86d-47c4-a1d9-94bd7ada0980,2025-11-30,1453
pub_vdl.2573,Perth and Kinross,WESTFIELDS OF RATTRAY FARM,810,BALMORAL ROAD RATTRAY,S01011985,Developable - Medium Term,317760,746634,Other Private,Not applicable (i.e. only one owner),2001-2004,Agriculture,1.02,Derelict,S12000048,e18ea2b7-a86d-47c4-a1d9-94bd7ada0980,2025-11-30,1454
pub_vdl.2574,Perth and Kinross,ARDONACHIE FARM,811,BANKFOOT PERTH,S01011995,Developable - Undetermined,307485,734700,Ownership unknown,Not applicable (i.e. only one owner),Unknown,Agriculture,0.94,Derelict,S12000048,e18ea2b7-a86d-47c4-a1d9-94bd7ada0980,2025-11-30,1456
pub_vdl.2575,Perth and Kinross,FORMER GARTWHINZEAN HOTEL,812,POWMILL KINROSS,S01011833,Developable - Medium Term,301747,697941,Ownership unknown,Not applicable (i.e. only one owner),2001-2004,"Residential - Hotels, Hostels etc",1.12,Vacant Land,S12000048,e18ea2b7-a86d-47c4-a1d9-94bd7ada0980,2025-11-30,1457
pub_vdl.2576,Perth and Kinross,DUNALASTAIR HOUSE,814,KINLOCH RANNOCH PITLOCHRY,S01012016,Developable - Undetermined,271048,758859,Unknown Private,Not applicable (i.e. only one owner),1980 or earlier,Residential - Housing,0.21,Derelict,S12000048,e18ea2b7-a86d-47c4-a1d9-94bd7ada0980,2025-11-30,1458
pub_vdl.2577,Perth and Kinross,KIRK O' THE MUIRS,815,MURTHLY,S01011995,Developable - Undetermined,311228,737051,Unknown Private,Not applicable (i.e. only one owner),Unknown,Other,0.11,Derelict,S12000048,e18ea2b7-a86d-47c4-a1d9-94bd7ada0980,2025-11-30,1462
pub_vdl.2578,Perth and Kinross,CULDEES CASTLE,816,MUTHILL CRIEFF,S01011851,Developable - Undetermined,288492,716097,Unknown Private,Not applicable (i.e. only one owner),1980 or earlier,Residential - Housing,0.37,Derelict,S12000048,e18ea2b7-a86d-47c4-a1d9-94bd7ada0980,2025-11-30,1460
pub_vdl.2579,Perth and Kinross,EAST DRON FARM,817,INVERGOWRIE,S01011967,Developable - Undetermined,329650,732253,Unknown Private,Not applicable (i.e. only one owner),Unknown,Agriculture,0.14,Derelict,S12000048,e18ea2b7-a86d-47c4-a1d9-94bd7ada0980,2025-11-30,1461
pub_vdl.2602,Renfrewshire,CARTHA CRESCENT,350806,CARTHA CRESCENT PAISLEY (EAST),S01012121,Developable - Short Term,249413,663227,Local Authority,Not applicable (i.e. only one owner),2006,Education,0.16,Vacant Land,S12000038,0b2c4204-296f-4e05-871e-ba9f5c6d3eda,2025-11-30,1666
pub_vdl.2580,Perth and Kinross,FERNTOWER STABLES,818,CRIEFF,S01011860,Developable - Undetermined,287461,723134,Unknown Private,Not applicable (i.e. only one owner),Unknown,Agriculture,0.14,Derelict,S12000048,e18ea2b7-a86d-47c4-a1d9-94bd7ada0980,2025-11-30,1463
pub_vdl.2581,Perth and Kinross,FORMER POMARIUM PLAYPARK,819,POMARIUM STREET PERTH,S01011943,Developable - Medium Term,311420,723265,Unknown Public,Not applicable (i.e. only one owner),1996-2000,Passive Open Space,0.2,Vacant Land,S12000048,e18ea2b7-a86d-47c4-a1d9-94bd7ada0980,2025-11-30,1464
pub_vdl.2582,Perth and Kinross,LYNEDOCH FARM BUILDINGS,820,DALCRUE,S01012006,Developable - Undetermined,303533,728907,Unknown Private,Not applicable (i.e. only one owner),1980 or earlier,Agriculture,0.1,Derelict,S12000048,e18ea2b7-a86d-47c4-a1d9-94bd7ada0980,2025-11-30,1459
pub_vdl.2583,Renfrewshire,CANDREN ROAD (SOUTH),350678,CANDREN ROAD (SOUTH) PAISLEY (FERGUSLIE),S01012065,Uneconomic to Develop/Soft End Use,246118,663828,Local Authority,Not applicable (i.e. only one owner),1996-2000,Residential - Housing,0.62,Vacant Land,S12000038,0b2c4204-296f-4e05-871e-ba9f5c6d3eda,2025-11-30,1607
pub_vdl.2585,Renfrewshire,BELTREES CRESCENT,350720,BELTREES CRESCENT PAISLEY (FERGUSLIE),S01012065,Uneconomic to Develop/Soft End Use,246099,663700,Local Authority,Not applicable (i.e. only one owner),2001-2004,Residential - Housing,2.69,Vacant Land,S12000038,0b2c4204-296f-4e05-871e-ba9f5c6d3eda,2025-11-30,1585
pub_vdl.2586,Renfrewshire,BANKFOOT ROAD,350721,BANKFOOT ROAD PAISLEY (FERGUSLIE),S01012068,Developable - Undetermined,246790,664635,Local Authority,Not applicable (i.e. only one owner),2001-2004,Residential - Housing,1.24,Vacant Land,S12000038,0b2c4204-296f-4e05-871e-ba9f5c6d3eda,2025-11-30,1604
pub_vdl.2587,Renfrewshire,DRUMS AVENUE (EAST),350723,DRUMS AVENUE (EAST) PAISLEY (FERGUSLIE),S01012069,Developable - Undetermined,247118,664452,Local Authority,Not applicable (i.e. only one owner),2001-2004,Residential - Housing,0.91,Vacant Land,S12000038,0b2c4204-296f-4e05-871e-ba9f5c6d3eda,2025-11-30,1608
pub_vdl.2685,Renfrewshire,,8510643,CHURCHILL AVENUE JOHNSTONE,S01012042,Developable - Short Term,241417,661354,Local Authority,Not applicable (i.e. only one owner),2024,Education,0.22,Vacant Land,S12000038,0b2c4204-296f-4e05-871e-ba9f5c6d3eda,2025-11-30,1664
pub_vdl.2588,Renfrewshire,DRUMS AVENUE (WEST),350724,DRUMS AVENUE (WEST) PAISLEY (FERGUSLIE),S01012069,Developable - Undetermined,247060,664431,Local Authority,Not applicable (i.e. only one owner),2001-2004,Residential - Housing,0.38,Derelict,S12000038,0b2c4204-296f-4e05-871e-ba9f5c6d3eda,2025-11-30,1582
pub_vdl.2589,Renfrewshire,INCHINNAN ROAD,350758,INCHINNAN ROAD RENFREW,S01012187,Developable - Short Term,249686,667875,Unknown Private,Not applicable (i.e. only one owner),2001-2004,Other General Industry,1.66,Derelict,S12000038,0b2c4204-296f-4e05-871e-ba9f5c6d3eda,2025-11-30,1632
pub_vdl.2590,Renfrewshire,HAMILTON STREET,350763,HAMILTON STREET PAISLEY (NORTH),S01012153,Developable - Short Term,248561,664606,Other Private,Not applicable (i.e. only one owner),2001-2004,Other General Industry,0.66,Vacant Land,S12000038,0b2c4204-296f-4e05-871e-ba9f5c6d3eda,2025-11-30,1603
pub_vdl.2597,Renfrewshire,BEITH ROAD,350802,BEITH ROAD (EX HOTEL) JOHNSTONE,S01012027,Developable - Medium Term,242701,662385,Unknown Private,Not applicable (i.e. only one owner),2006,"Residential - Hotels, Hostels etc",0.19,Derelict,S12000038,0b2c4204-296f-4e05-871e-ba9f5c6d3eda,2025-11-30,1600
pub_vdl.2591,Renfrewshire,DRUMS CRESCENT,350770,DRUMS CRESCENT PAISLEY (FERGUSLIE),S01012069,Developable - Medium Term,247192,664484,Local Authority,Not applicable (i.e. only one owner),2001-2004,Residential - Housing,0.54,Vacant Land,S12000038,0b2c4204-296f-4e05-871e-ba9f5c6d3eda,2025-11-30,1579
pub_vdl.2592,Renfrewshire,ROWAN STREET,350776,ROWAN STREET PAISLEY (EAST),S01012110,Developable - Short Term,248473,662655,Unknown Private,Not applicable (i.e. only one owner),2001-2004,Other General Industry,0.19,Vacant Land,S12000038,0b2c4204-296f-4e05-871e-ba9f5c6d3eda,2025-11-30,1583
pub_vdl.2593,Renfrewshire,ALMOND CRESCENT,350779,ALMOND CRESCENT PAISLEY (FOXBAR),S01012080,Developable - Medium Term,245841,662615,Local Authority,Not applicable (i.e. only one owner),2001-2004,Residential - Housing,1.26,Vacant Land,S12000038,0b2c4204-296f-4e05-871e-ba9f5c6d3eda,2025-11-30,1609
pub_vdl.2594,Renfrewshire,NORTH ROAD,350788,NORTH ROAD ( EAST ) JOHNSTONE,S01012056,Developable - Medium Term,242628,662708,Local Authority,Not applicable (i.e. only one owner),2001-2004,Residential - Housing,0.87,Vacant Land,S12000038,0b2c4204-296f-4e05-871e-ba9f5c6d3eda,2025-11-30,1570
pub_vdl.2652,Renfrewshire,MAIN ROAD,8510358,MAIN ROAD ELDERSLIE,S01012051,Developable - Undetermined,244393,663188,Other Private,Not applicable (i.e. only one owner),1986-1990,Unknown,0.15,Vacant Land,S12000038,0b2c4204-296f-4e05-871e-ba9f5c6d3eda,2025-11-30,1606
pub_vdl.2595,Renfrewshire,LOMOND CRESCENT,350796,LOMOND CRESCENT PAISLEY (GLENBURN),S01012102,Developable - Medium Term,247738,661769,Local Authority,Not applicable (i.e. only one owner),2005,Residential - Housing,0.73,Vacant Land,S12000038,0b2c4204-296f-4e05-871e-ba9f5c6d3eda,2025-11-30,1586
pub_vdl.2596,Renfrewshire,MONTROSE ROAD,350799,MONTROSE ROAD PAISLEY (FOXBAR),S01012083,Developable - Medium Term,245556,661644,Local Authority,Not applicable (i.e. only one owner),2005,Residential - Housing,0.55,Vacant Land,S12000038,0b2c4204-296f-4e05-871e-ba9f5c6d3eda,2025-11-30,1573
pub_vdl.2598,Renfrewshire,MIDDLETON ROAD,350804,MIDDLETON ROAD LINWOOD,S01012030,Developable - Medium Term,244599,664967,Other National/Local Government,Not applicable (i.e. only one owner),2006,Community & Health,5.07,Vacant Land,S12000038,0b2c4204-296f-4e05-871e-ba9f5c6d3eda,2025-11-30,1598
pub_vdl.2599,Renfrewshire,,350841,HIGH STREET (EX TA CENTRE) PAISLEY (CENTRAL),S01012132,Developable - Short Term,247856,663965,Other Private,Not applicable (i.e. only one owner),2009,Defence,0.28,Vacant Land and Buildings,S12000038,0b2c4204-296f-4e05-871e-ba9f5c6d3eda,2025-11-30,1618
pub_vdl.2600,Renfrewshire,,350844,MURRAY STREET (WEST) PAISLEY (FERGUSLIE),S01012069,Developable - Short Term,247277,664572,Other Private,Not applicable (i.e. only one owner),2009,Transport,1.83,Vacant Land,S12000038,0b2c4204-296f-4e05-871e-ba9f5c6d3eda,2025-11-30,1649
pub_vdl.2601,Renfrewshire,BURNBRAE ROAD,350805,BURNBRAE ROAD LINWOOD (PHOENIX),S01012051,Developable - Short Term,243713,663796,Other National/Local Government,Not applicable (i.e. only one owner),2006,Community & Health,3.7,Derelict,S12000038,0b2c4204-296f-4e05-871e-ba9f5c6d3eda,2025-11-30,1597
pub_vdl.2603,Renfrewshire,,350810,HIGH STREET (EX PATON'S MILL) JOHNSTONE,S01012045,Developable - Short Term,242340,663337,Other Private,Not applicable (i.e. only one owner),2007,Manufacturing,1.15,Derelict,S12000038,0b2c4204-296f-4e05-871e-ba9f5c6d3eda,2025-11-30,1639
pub_vdl.2604,Renfrewshire,,350811,BUCCLEUCH AVENUE HILLINGTON,S01012182,Developable - Short Term,251338,665570,Other Private,Not applicable (i.e. only one owner),2007,Manufacturing,7.45,Derelict,S12000038,0b2c4204-296f-4e05-871e-ba9f5c6d3eda,2025-11-30,1628
pub_vdl.2605,Renfrewshire,,350816,SEEDHILL ROAD (AUCHENTORLIE) PAISLEY (EAST),S01012137,Developable - Short Term,249832,663657,Local Authority,Not applicable (i.e. only one owner),2007,Residential - Housing,0.82,Vacant Land and Buildings,S12000038,0b2c4204-296f-4e05-871e-ba9f5c6d3eda,2025-11-30,1591
pub_vdl.2606,Renfrewshire,,350823,FETLAR ROAD BRIDGE OF WEIR,S01012241,Developable - Short Term,238590,665610,Other Private,Not applicable (i.e. only one owner),2008,Residential - Housing,0.39,Vacant Land,S12000038,0b2c4204-296f-4e05-871e-ba9f5c6d3eda,2025-11-30,1571
pub_vdl.2607,Renfrewshire,,350848,NEW SNEDDON STREET PAISLEY (NORTH),S01012153,Developable - Short Term,248412,664596,Other Private,Not applicable (i.e. only one owner),2009,Retailing,0.52,Vacant Land,S12000038,0b2c4204-296f-4e05-871e-ba9f5c6d3eda,2025-11-30,1617
pub_vdl.2608,Renfrewshire,,350824,HIGHCRAIG AVENUE (WEST) JOHNSTONE,S01012038,Developable - Medium Term,241757,662009,Local Authority,Not applicable (i.e. only one owner),2008,Education,1.59,Derelict,S12000038,0b2c4204-296f-4e05-871e-ba9f5c6d3eda,2025-11-30,1667
pub_vdl.2643,Renfrewshire,FORMER ROYAL ORDNANCE,661,FORMER ROYAL ORDNANCE BISHOPTON,S01012030,Developable - Short Term,242761,670117,Other Private,Not applicable (i.e. only one owner),1996-2000,Defence,43.42,Derelict,S12000038,0b2c4204-296f-4e05-871e-ba9f5c6d3eda,2025-11-30,1637
pub_vdl.2609,Renfrewshire,,350825,HIGHCRAIG AVENUE (EAST) JOHNSTONE,S01012038,Developable - Medium Term,241950,662150,Local Authority,Not applicable (i.e. only one owner),2008,Education,1.63,Derelict,S12000038,0b2c4204-296f-4e05-871e-ba9f5c6d3eda,2025-11-30,1648
pub_vdl.2610,Renfrewshire,,350833,KILBARCHAN ROAD JOHNSTONE,S01012043,Developable - Medium Term,241503,662442,Other Private,Not applicable (i.e. only one owner),2009,Storage,0.77,Vacant Land,S12000038,0b2c4204-296f-4e05-871e-ba9f5c6d3eda,2025-11-30,1623
pub_vdl.2612,Renfrewshire,,350836,THORNHILL JOHNSTONE,S01012052,Developable - Undetermined,243610,662954,Other Private,Not applicable (i.e. only one owner),2009,Offices,0.17,Vacant Land and Buildings,S12000038,0b2c4204-296f-4e05-871e-ba9f5c6d3eda,2025-11-30,1621
pub_vdl.2613,Renfrewshire,,350839,LADY LANE PAISLEY (CENTRAL),S01012132,Developable - Undetermined,247807,663864,Other Private,Not applicable (i.e. only one owner),2009,Recreation & Leisure,0.12,Vacant Land,S12000038,0b2c4204-296f-4e05-871e-ba9f5c6d3eda,2025-11-30,1620
pub_vdl.2614,Renfrewshire,,350840,WELLMEADOW STREET PAISLEY (CENTRAL),S01012132,Developable - Undetermined,247746,663871,Other Private,Local Authority,2009,Retailing,0.12,Vacant Land and Buildings,S12000038,0b2c4204-296f-4e05-871e-ba9f5c6d3eda,2025-11-30,1619
pub_vdl.2615,Renfrewshire,,350852,ST JAMES AVENUE PAISLEY (NORTH),S01012158,Developable - Medium Term,246904,665164,Other Private,Not applicable (i.e. only one owner),2009,Passive Open Space,0.78,Vacant Land,S12000038,0b2c4204-296f-4e05-871e-ba9f5c6d3eda,2025-11-30,1616
pub_vdl.2653,Renfrewshire,"BARSKIVEN ROAD, PHOENIX",8510384,"BARSKIVEN ROAD, PHOENIX LINWOOD (PHOENIX)",S01012062,Developable - Short Term,245919,664328,Other Private,Not applicable (i.e. only one owner),1986-1990,Manufacturing,1.69,Vacant Land,S12000038,0b2c4204-296f-4e05-871e-ba9f5c6d3eda,2025-11-30,1641
pub_vdl.2616,Renfrewshire,,350853,GREENOCK ROAD (ST JAMES INT) PAISLEY (NORTH),S01012158,Developable - Short Term,246816,665277,Other Private,Not applicable (i.e. only one owner),2009,Passive Open Space,1.29,Vacant Land,S12000038,0b2c4204-296f-4e05-871e-ba9f5c6d3eda,2025-11-30,1615
pub_vdl.2617,Renfrewshire,,350855,BURNSIDE PLACE PAISLEY (FERGUSLIE),S01012030,Developable - Short Term,246594,665230,Other Private,Not applicable (i.e. only one owner),2009,Agriculture,1.15,Vacant Land,S12000038,0b2c4204-296f-4e05-871e-ba9f5c6d3eda,2025-11-30,1614
pub_vdl.2618,Renfrewshire,,350859,WELL STREET PAISLEY (FERGUSLIE),S01012069,Developable - Short Term,247298,664290,Private Gas,Not applicable (i.e. only one owner),2009,Storage,0.5,Derelict,S12000038,0b2c4204-296f-4e05-871e-ba9f5c6d3eda,2025-11-30,1613
pub_vdl.2619,Renfrewshire,,350864,MIDDLETON ROAD (NORTH) LINWOOD,S01012030,Uneconomic to Develop/Soft End Use,244414,665076,Other Private,Not applicable (i.e. only one owner),2009,Storage,0.56,Derelict,S12000038,0b2c4204-296f-4e05-871e-ba9f5c6d3eda,2025-11-30,1612
pub_vdl.2620,Renfrewshire,,350865,STIRLING DRIVE (SOUTH) LINWOOD,S01012225,Developable - Short Term,243193,664342,Other Private,Not applicable (i.e. only one owner),2009,Other,0.79,Vacant Land,S12000038,0b2c4204-296f-4e05-871e-ba9f5c6d3eda,2025-11-30,1611
pub_vdl.2621,Renfrewshire,,350903,ABBOTSINCH ROAD PAISLEY (NORTH),S01012158,Developable - Short Term,248423,666144,Other Private,Not applicable (i.e. only one owner),2014,Other,0.48,Vacant Land,S12000038,0b2c4204-296f-4e05-871e-ba9f5c6d3eda,2025-11-30,1633
pub_vdl.2622,Renfrewshire,,350866,FRENCH STREET RENFREW,S01012162,Developable - Medium Term,249725,666966,Other Private,Not applicable (i.e. only one owner),2009,Manufacturing,1.04,Derelict,S12000038,0b2c4204-296f-4e05-871e-ba9f5c6d3eda,2025-11-30,1638
pub_vdl.2623,Renfrewshire,,350869,HARBOUR ROAD PAISLEY (NORTH),S01012153,Developable - Short Term,248322,665058,Other Private,Not applicable (i.e. only one owner),2022,Transport,2.4,Vacant Land,S12000038,0b2c4204-296f-4e05-871e-ba9f5c6d3eda,2025-11-30,1650
pub_vdl.2624,Renfrewshire,,350873,MARCHFIELD AVENUE (WEST) PAISLEY (NORTH),S01012158,Developable - Short Term,247987,665680,Other Private,Not applicable (i.e. only one owner),2009,Agriculture,0.51,Vacant Land,S12000038,0b2c4204-296f-4e05-871e-ba9f5c6d3eda,2025-11-30,1610
pub_vdl.2625,Renfrewshire,,350875,PORTERFIELD ROAD (WEST) RENFREW,S01012162,Developable - Short Term,249505,667149,Other Private,Not applicable (i.e. only one owner),2009,Manufacturing,1.2,Vacant Land,S12000038,0b2c4204-296f-4e05-871e-ba9f5c6d3eda,2025-11-30,1569
pub_vdl.2626,Renfrewshire,,350881,SANDYFORD ROAD PAISLEY (NORTH),S01012159,Developable - Medium Term,248986,665847,Other Private,Not applicable (i.e. only one owner),2010,Agriculture,0.36,Vacant Land,S12000038,0b2c4204-296f-4e05-871e-ba9f5c6d3eda,2025-11-30,1624
pub_vdl.2627,Renfrewshire,,350883,CRAWFURD DRIVE PAISLEY (FERGUSLIE),S01012068,Developable - Undetermined,246697,664616,Local Authority,Not applicable (i.e. only one owner),2010,Education,0.66,Vacant Land,S12000038,0b2c4204-296f-4e05-871e-ba9f5c6d3eda,2025-11-30,1626
pub_vdl.2628,Scottish Borders,BORDERS COLLEGE II,CENGAL302,MELROSE ROAD GALASHIELS,S01012285,Developable - Medium Term,349727,635998,Housing Association,Not applicable (i.e. only one owner),Unknown,Education,1.21,Vacant Land and Buildings,S12000026,1aa58bd6-c9cf-4a03-93b7-9f6603cc4ab3,2025-12-03,2326
pub_vdl.2629,Renfrewshire,,350884,BLACKSTOUN ROAD PAISLEY (FERGUSLIE),S01012067,Developable - Undetermined,246631,664368,Local Authority,Not applicable (i.e. only one owner),2010,Recreation & Leisure,0.53,Vacant Land,S12000038,0b2c4204-296f-4e05-871e-ba9f5c6d3eda,2025-11-30,1627
pub_vdl.2630,Renfrewshire,EX JUNCTION 27 RESTAURANT,350889,WALLNEUK ROAD PAISLEY (NORTH),S01012153,Developable - Short Term,248792,664381,Other Private,Not applicable (i.e. only one owner),2010,Other,0.14,Vacant Land and Buildings,S12000038,0b2c4204-296f-4e05-871e-ba9f5c6d3eda,2025-11-30,1625
pub_vdl.2631,Renfrewshire,,350890,INCHINNAN ROAD PAISLEY (NORTH),S01012158,Developable - Short Term,248306,665654,Other Private,Not applicable (i.e. only one owner),2010,Transport,0.5,Vacant Land,S12000038,0b2c4204-296f-4e05-871e-ba9f5c6d3eda,2025-11-30,1643
pub_vdl.2632,Renfrewshire,OLDBARHILLS TRAVELLERS SITE,350891,HURLET ROAD PAISLEY,S01012027,Uneconomic to Develop/Soft End Use,250528,661571,Local Authority,Not applicable (i.e. only one owner),2012,"Residential - Hotels, Hostels etc",1.74,Derelict,S12000038,0b2c4204-296f-4e05-871e-ba9f5c6d3eda,2025-11-30,1631
pub_vdl.2633,Renfrewshire,EX WORKSHOP,350896,LACY STREET PAISLEY (EAST),S01012137,Developable - Short Term,249480,663844,Other Private,Not applicable (i.e. only one owner),2012,Manufacturing,0.13,Vacant Land,S12000038,0b2c4204-296f-4e05-871e-ba9f5c6d3eda,2025-11-30,1630
pub_vdl.2634,Renfrewshire,,350899,ROCEP DRIVE RENFREW (BRAEHEAD),S01012182,Developable - Short Term,251931,666766,Other Private,Not applicable (i.e. only one owner),2013,Unknown,0.37,Vacant Land,S12000038,0b2c4204-296f-4e05-871e-ba9f5c6d3eda,2025-11-30,1629
pub_vdl.2644,Renfrewshire,MACDOWELL STREET,662,MACDOWELL STREET PAISLEY (NORTH),S01012155,Developable - Medium Term,247535,664584,Other Private,Not applicable (i.e. only one owner),1996-2000,Storage,0.35,Derelict,S12000038,0b2c4204-296f-4e05-871e-ba9f5c6d3eda,2025-11-30,1644
pub_vdl.2635,Renfrewshire,,350904,ROW AVENUE RENFREW (BRAEHEAD),S01012182,Developable - Medium Term,252662,666173,Other Private,Not applicable (i.e. only one owner),2014,Unknown,0.6,Vacant Land,S12000038,0b2c4204-296f-4e05-871e-ba9f5c6d3eda,2025-11-30,1634
pub_vdl.2636,Renfrewshire,EX TOWER BLOCK SITE (M8),350908,MONTGOMERY ROAD (ARKLESTON) PAISLEY (NORTH),S01012151,Developable - Short Term,249601,665592,Local Authority,Not applicable (i.e. only one owner),2015,Agriculture,1.25,Vacant Land,S12000038,0b2c4204-296f-4e05-871e-ba9f5c6d3eda,2025-11-30,1668
pub_vdl.2646,Renfrewshire,HARBOUR ROAD NORTH,8510007,HARBOUR ROAD NORTH PAISLEY (NORTH),S01012153,Developable - Short Term,248465,665129,Other Private,Not applicable (i.e. only one owner),1981-1985,Utility Services,0.8,Vacant Land,S12000038,0b2c4204-296f-4e05-871e-ba9f5c6d3eda,2025-11-30,1592
pub_vdl.2637,Renfrewshire,EX ELDERLY CARE FACILITY,350913,GARTHLAND LANE PAISLEY (CENTRAL),S01012134,Developable - Short Term,248890,664271,Local Authority,Not applicable (i.e. only one owner),2015,"Residential - Hotels, Hostels etc",0.32,Vacant Land,S12000038,0b2c4204-296f-4e05-871e-ba9f5c6d3eda,2025-11-30,1636
pub_vdl.2638,Renfrewshire,MEADOWSIDE STREET,626,MEADOWSIDE STREET RENFREW (BRAEHEAD),S01012187,Developable - Short Term,250866,668350,Other Private,Not applicable (i.e. only one owner),1996-2000,Storage,2.93,Derelict,S12000038,0b2c4204-296f-4e05-871e-ba9f5c6d3eda,2025-11-30,1599
pub_vdl.2639,Renfrewshire,FERGUSLIE PARK AVENUE (NORTH),633,FERGUSLIE PARK AVENUE (NORTH) PAISLEY (FERGUSLIE),S01012068,Developable - Short Term,246843,664869,Local Authority,Not applicable (i.e. only one owner),1996-2000,Residential - Housing,4.26,Derelict,S12000038,0b2c4204-296f-4e05-871e-ba9f5c6d3eda,2025-11-30,1596
pub_vdl.2640,Renfrewshire,RUSSELL STREET,638,RUSSELL STREET JOHNSTONE,S01012048,Developable - Medium Term,243191,663339,Other Private,Not applicable (i.e. only one owner),1996-2000,Storage,0.27,Vacant Land,S12000038,0b2c4204-296f-4e05-871e-ba9f5c6d3eda,2025-11-30,1572
pub_vdl.2641,Renfrewshire,MAXWELLTON STREET,648,MAXWELLTON STREET PAISLEY (CENTRAL),S01012074,Developable - Medium Term,247169,663356,Other Private,Not applicable (i.e. only one owner),1996-2000,Recreation & Leisure,0.38,Derelict,S12000038,0b2c4204-296f-4e05-871e-ba9f5c6d3eda,2025-11-30,1605
pub_vdl.2642,Renfrewshire,CHURCH STREET,659,CHURCH STREET LOCHWINNOCH,S01012019,Developable - Short Term,235247,658701,Local Authority,Not applicable (i.e. only one owner),1996-2000,Manufacturing,0.4,Vacant Land and Buildings,S12000038,0b2c4204-296f-4e05-871e-ba9f5c6d3eda,2025-11-30,1642
pub_vdl.2645,Renfrewshire,RENFREW ROAD,8441296,RENFREW ROAD RENFREW (BRAEHEAD),S01012182,Developable - Short Term,252562,666266,Unknown Private,Not applicable (i.e. only one owner),1986-1990,Unknown,2.14,Vacant Land,S12000038,0b2c4204-296f-4e05-871e-ba9f5c6d3eda,2025-11-30,1584
pub_vdl.2647,Renfrewshire,"BURNBRAE ROAD, PHOENIX",8510030,"BURNBRAE ROAD, PHOENIX LINWOOD (PHOENIX)",S01012051,Developable - Short Term,244093,663783,Other Private,Not applicable (i.e. only one owner),1981-1985,Unknown,4.01,Vacant Land,S12000038,0b2c4204-296f-4e05-871e-ba9f5c6d3eda,2025-11-30,1576
pub_vdl.2648,Renfrewshire,,8510033,BURNBRAE DRIVE LINWOOD,S01012062,Developable - Short Term,244584,663979,Other Private,Not applicable (i.e. only one owner),1981-1985,Transport,2.88,Vacant Land,S12000038,0b2c4204-296f-4e05-871e-ba9f5c6d3eda,2025-11-30,1663
pub_vdl.2649,Renfrewshire,KILMACOLM ROAD,8510248,KILMACOLM ROAD BRIDGE OF WEIR,S01012240,Developable - Short Term,238508,665899,Other Private,Not applicable (i.e. only one owner),1981-1985,Passive Open Space,0.15,Derelict,S12000038,0b2c4204-296f-4e05-871e-ba9f5c6d3eda,2025-11-30,1659
pub_vdl.2650,Renfrewshire,STIRRAT STREET (WEST),8510250,STIRRAT STREET (WEST) PAISLEY (FERGUSLIE),S01012158,Developable - Short Term,246796,665025,Other Private,Not applicable (i.e. only one owner),1981-1985,Unknown,6.25,Vacant Land,S12000038,0b2c4204-296f-4e05-871e-ba9f5c6d3eda,2025-11-30,1593
pub_vdl.2651,Renfrewshire,KINGS INCH ROAD (SOUTH WEST),8510327,KINGS INCH ROAD (SOUTH WEST) RENFREW (BRAEHEAD),S01012183,Developable - Short Term,251181,667712,Other Private,Not applicable (i.e. only one owner),1986-1990,Storage,0.76,Vacant Land,S12000038,0b2c4204-296f-4e05-871e-ba9f5c6d3eda,2025-11-30,1640
pub_vdl.2654,Renfrewshire,"LINWOOD ROAD, PHOENIX (NORTH)",8510458,"LINWOOD ROAD, PHOENIX (NORTH) LINWOOD (PHOENIX)",S01012062,Developable - Short Term,245761,664506,Other Private,Not applicable (i.e. only one owner),1986-1990,Manufacturing,5.1,Derelict,S12000038,0b2c4204-296f-4e05-871e-ba9f5c6d3eda,2025-11-30,1588
pub_vdl.2655,Renfrewshire,MOSSLAND ROAD,8510488,MOSSLAND ROAD (WEST) HILLINGTON,S01012182,Developable - Short Term,250988,665970,Other Private,Not applicable (i.e. only one owner),1986-1990,Unknown,2.72,Vacant Land,S12000038,0b2c4204-296f-4e05-871e-ba9f5c6d3eda,2025-11-30,1645
pub_vdl.2656,Renfrewshire,"PEGASUS AVENUE, PHOENIX",8510490,"PEGASUS AVENUE, PHOENIX LINWOOD (PHOENIX)",S01012062,Developable - Short Term,245050,664269,Other Private,Not applicable (i.e. only one owner),1986-1990,Manufacturing,1.79,Vacant Land,S12000038,0b2c4204-296f-4e05-871e-ba9f5c6d3eda,2025-11-30,1594
pub_vdl.2659,Renfrewshire,NAPIER ROAD,8510541,NAPIER ROAD ( WEST ) HILLINGTON,S01012182,Developable - Short Term,251763,666081,Other Private,Not applicable (i.e. only one owner),1991-1995,Agriculture,2.2,Vacant Land,S12000038,0b2c4204-296f-4e05-871e-ba9f5c6d3eda,2025-11-30,1602
pub_vdl.2660,Renfrewshire,DEE DRIVE,8510559,DEE DRIVE PAISLEY (FOXBAR),S01012080,Developable - Undetermined,245654,662500,Local Authority,Not applicable (i.e. only one owner),1991-1995,Residential - Housing,1,Vacant Land,S12000038,0b2c4204-296f-4e05-871e-ba9f5c6d3eda,2025-11-30,1578
pub_vdl.2661,Renfrewshire,DON DRIVE,8510560,DON DRIVE PAISLEY (FOXBAR),S01012080,Developable - Undetermined,245537,662474,Local Authority,Not applicable (i.e. only one owner),1991-1995,Residential - Housing,0.41,Vacant Land,S12000038,0b2c4204-296f-4e05-871e-ba9f5c6d3eda,2025-11-30,1580
pub_vdl.2662,Renfrewshire,DEE DRIVE,8510561,DEE DRIVE PAISLEY (FOXBAR),S01012080,Developable - Undetermined,245725,662425,Local Authority,Not applicable (i.e. only one owner),1991-1995,Residential - Housing,1.95,Vacant Land,S12000038,0b2c4204-296f-4e05-871e-ba9f5c6d3eda,2025-11-30,1577
pub_vdl.2663,Renfrewshire,INCHINNAN ROAD,8510599,INCHINNAN ROAD (FILLSHILL) PAISLEY (NORTH),S01012156,Developable - Short Term,248227,665149,Other Private,Not applicable (i.e. only one owner),1991-1995,Other General Industry,0.73,Derelict,S12000038,0b2c4204-296f-4e05-871e-ba9f5c6d3eda,2025-11-30,1589
pub_vdl.2664,Renfrewshire,GAS STREET,8510601,GAS STREET JOHNSTONE,S01012048,Developable - Medium Term,243093,663449,Other Private,Not applicable (i.e. only one owner),1996-2000,Storage,0.28,Derelict,S12000038,0b2c4204-296f-4e05-871e-ba9f5c6d3eda,2025-11-30,1575
pub_vdl.2665,Renfrewshire,CRAIGIELEA DRIVE (NORTH),8510609,CRAIGIELEA DRIVE (NORTH) PAISLEY (FERGUSLIE),S01012068,Developable - Short Term,246938,664780,Local Authority,Not applicable (i.e. only one owner),1996-2000,Residential - Housing,0.63,Vacant Land,S12000038,0b2c4204-296f-4e05-871e-ba9f5c6d3eda,2025-11-30,1595
pub_vdl.2667,Renfrewshire,BLACKSTOUN ROAD,8510611,BLACKSTOUN ROAD PAISLEY (FERGUSLIE),S01012068,Developable - Short Term,246723,664531,Local Authority,Not applicable (i.e. only one owner),1996-2000,Residential - Housing,0.89,Vacant Land,S12000038,0b2c4204-296f-4e05-871e-ba9f5c6d3eda,2025-11-30,1574
pub_vdl.2668,Renfrewshire,MILL BRAE,8510621,MILL BRAE BRIDGE OF WEIR,S01012030,Developable - Undetermined,238869,665604,Other Private,Not applicable (i.e. only one owner),1996-2000,Manufacturing,0.68,Derelict,S12000038,0b2c4204-296f-4e05-871e-ba9f5c6d3eda,2025-11-30,1581
pub_vdl.2669,Renfrewshire,"EAST LANE, PAISLEY (FORMER FACTORY / TRAINING CENT",8510623,"EAST LANE, PAISLEY (FORMER FACTORY / TRAINING CENTRE) PAISLEY (EAST)",S01012137,Developable - Medium Term,249512,664018,Other Private,Not applicable (i.e. only one owner),2016,Manufacturing,0.3,Vacant Land,S12000038,0b2c4204-296f-4e05-871e-ba9f5c6d3eda,2025-11-30,1635
pub_vdl.2670,Renfrewshire,TORRANCE HOUSE,8510625,ERSKINE HARBOUR ERSKINE,S01012029,Developable - Short Term,246400,671580,Other Private,Not applicable (i.e. only one owner),2020,Business Class,1.67,Vacant Land and Buildings,S12000038,0b2c4204-296f-4e05-871e-ba9f5c6d3eda,2025-11-30,1646
pub_vdl.2671,Renfrewshire,FORMER CHIVAS FACTORY,8510629,RENFREW ROAD PAISLEY (NORTH),S01012149,Developable - Short Term,248835,665170,Local Authority,Other Private,2022,Manufacturing,0.58,Vacant Land and Buildings,S12000038,0b2c4204-296f-4e05-871e-ba9f5c6d3eda,2025-11-30,1671
pub_vdl.2672,Renfrewshire,TILBURY PHOENIX (EAST),8510630,PEGASUS AVENUE LINWOOD (PHOENIX),S01012062,Developable - Short Term,245414,664673,Other Private,Not applicable (i.e. only one owner),1991-1995,Passive Open Space,11.35,Vacant Land,S12000038,0b2c4204-296f-4e05-871e-ba9f5c6d3eda,2025-11-30,1647
pub_vdl.2673,Scottish Borders,WEENSLAND MILL WEST,HAWICK053,WEENSLAND ROAD HAWICK,S01012367,Developable - Undetermined,351543,615407,Ownership unknown,Ownership unknown,Unknown,Storage,0.11,Vacant Land,S12000026,1aa58bd6-c9cf-4a03-93b7-9f6603cc4ab3,2025-12-03,2362
pub_vdl.2674,Renfrewshire,FORMER KELVIN HOUSE,8510631,MARSHALLS LANE PAISLEY (CENTRAL),S01012127,Developable - Short Term,248432,663825,Other Private,Not applicable (i.e. only one owner),2022,Offices,0.24,Vacant Land and Buildings,S12000038,0b2c4204-296f-4e05-871e-ba9f5c6d3eda,2025-11-30,1651
pub_vdl.2675,Renfrewshire,,8510632,MACDOWALL STREET PAISLEY (NORTH),S01012155,Developable - Short Term,247723,664519,Other Private,Not applicable (i.e. only one owner),2022,Transport,3.15,Vacant Land and Buildings,S12000038,0b2c4204-296f-4e05-871e-ba9f5c6d3eda,2025-11-30,1652
pub_vdl.2676,Renfrewshire,FORMER ST JOESPH'S,8510633,KILBIRNIE ROAD LOCHWINNOCH,S01012023,Developable - Short Term,234445,658588,Other Private,Not applicable (i.e. only one owner),2022,Community & Health,2.6,Derelict,S12000038,0b2c4204-296f-4e05-871e-ba9f5c6d3eda,2025-11-30,1653
pub_vdl.2677,Renfrewshire,AIR CARGO SITE,8510634,BURNBRAE ROAD LINWOOD (PHOENIX),S01012051,Developable - Short Term,244272,663893,Other Private,Not applicable (i.e. only one owner),2022,Transport,3.4,Vacant Land,S12000038,0b2c4204-296f-4e05-871e-ba9f5c6d3eda,2025-11-30,1654
pub_vdl.2678,Renfrewshire,,8510636,CANDREN ROAD PAISLEY (FERGUSLIE),S01012063,Developable - Short Term,246101,664388,Local Authority,Not applicable (i.e. only one owner),2022,Residential - Housing,7.19,Vacant Land,S12000038,0b2c4204-296f-4e05-871e-ba9f5c6d3eda,2025-11-30,1655
pub_vdl.2679,Renfrewshire,ADJACENT TO HILLINGTON WEST STATION,8510637,QUEEN ELIZABETH AVENUE HILLINGTON,S01012182,Developable - Medium Term,251679,665091,Other Private,Not applicable (i.e. only one owner),2022,Other General Industry,0.24,Vacant Land,S12000038,0b2c4204-296f-4e05-871e-ba9f5c6d3eda,2025-11-30,1656
pub_vdl.2680,Renfrewshire,,8510638,QUEEN ELIZABETH AVENUE HILLINGTON,S01012182,Developable - Medium Term,251342,665188,Other Private,Not applicable (i.e. only one owner),2022,Other General Industry,1.38,Vacant Land,S12000038,0b2c4204-296f-4e05-871e-ba9f5c6d3eda,2025-11-30,1657
pub_vdl.2681,Renfrewshire,FORMER AIRPORT PARKING,8510639,WEST MARCH ROAD PAISLEY (NORTH),S01012068,Developable - Short Term,246467,665055,Other Private,Not applicable (i.e. only one owner),2022,Transport,3.73,Vacant Land,S12000038,0b2c4204-296f-4e05-871e-ba9f5c6d3eda,2025-11-30,1658
pub_vdl.2682,Renfrewshire,WHITELINT GATE,8510640,GORSE CRESCENT BRIDGE OF WEIR,S01012030,Uneconomic to Develop/Soft End Use,239564,665357,Other Private,Not applicable (i.e. only one owner),2022,Nature Conservation,5.1,Vacant Land,S12000038,0b2c4204-296f-4e05-871e-ba9f5c6d3eda,2025-11-30,1660
pub_vdl.2683,Renfrewshire,FORMER LANDFILL SITE,8510641,MOSS ROAD LINWOOD,S01012030,Uneconomic to Develop/Soft End Use,244229,665850,Local Authority,Not applicable (i.e. only one owner),2022,Community & Health,17.05,Vacant Land,S12000038,0b2c4204-296f-4e05-871e-ba9f5c6d3eda,2025-11-30,1661
pub_vdl.2684,Renfrewshire,COLLEGE GROUNDS,8510642,RENFREW ROAD PAISLEY (NORTH),S01012153,Developable - Medium Term,248701,665077,Other National/Local Government,Not applicable (i.e. only one owner),2022,Education,2.11,Vacant Land,S12000038,0b2c4204-296f-4e05-871e-ba9f5c6d3eda,2025-11-30,1662
pub_vdl.2686,Renfrewshire,,8510644,HALLHILL ROAD JOHNSTONE,S01012042,Developable - Short Term,241343,661314,Other Private,Not applicable (i.e. only one owner),2024,Business Class,0.3,Vacant Land and Buildings,S12000038,0b2c4204-296f-4e05-871e-ba9f5c6d3eda,2025-11-30,1665
pub_vdl.2687,Renfrewshire,,8510645,LONEND PAISLEY (CENTRAL),S01012128,Developable - Short Term,248499,663604,Other Private,Not applicable (i.e. only one owner),2024,Offices,0.54,Vacant Land,S12000038,0b2c4204-296f-4e05-871e-ba9f5c6d3eda,2025-11-30,1669
pub_vdl.2688,Renfrewshire,,8510646,SANDHOLES STREET PAISLEY (CENTRAL),S01012070,Developable - Short Term,247330,663906,Other Private,Not applicable (i.e. only one owner),2024,Recreation & Leisure,0.25,Vacant Land,S12000038,0b2c4204-296f-4e05-871e-ba9f5c6d3eda,2025-11-30,1670
pub_vdl.2715,Scottish Borders,FORMER ST MARGARET’S RC PRIMARY SCHOOL,HAWICK049,BUCCLEUCH TERRACE HAWICK TD9 0HU,S01012371,Developable - Medium Term,349996,614386,Local Authority,Not applicable (i.e. only one owner),2020,Education,0.26,Vacant Land,S12000026,1aa58bd6-c9cf-4a03-93b7-9f6603cc4ab3,2025-12-03,2345
pub_vdl.2689,Scottish Borders,TRAFALGAR HOUSE,BERCST101,GUARDS ROAD COLDSTREAM,S01012327,Developable - Medium Term,384294,640017,Ownership unknown,Not applicable (i.e. only one owner),Unknown,Community & Health,0.47,Vacant Land and Buildings,S12000026,1aa58bd6-c9cf-4a03-93b7-9f6603cc4ab3,2025-12-03,2302
pub_vdl.2690,Scottish Borders,DISUSED CHICKEN HATCHERY,BERDUN100,CLOCKMILL DUNS,S01012302,Developable - Short Term,377426,653177,Other Private,Not applicable (i.e. only one owner),Unknown,Other,0.89,Derelict,S12000026,1aa58bd6-c9cf-4a03-93b7-9f6603cc4ab3,2025-12-03,2307
pub_vdl.2691,Scottish Borders,LAND EAST OF GUNSGREEN LODGE,BEREYE104,STEBBINGS RISE EYEMOUTH,S01012310,Developable - Medium Term,394706,663532,Housing Association,Not applicable (i.e. only one owner),Unknown,Mineral Activity,2.62,Derelict,S12000026,1aa58bd6-c9cf-4a03-93b7-9f6603cc4ab3,2025-12-03,2329
pub_vdl.2692,Scottish Borders,LAND EAST OF A&R BROWNLEE,CENEAR105,EAST END EARLSTON,S01012270,Developable - Short Term,358209,638660,Ownership unknown,Not applicable (i.e. only one owner),Unknown,Manufacturing,0.11,Vacant Land,S12000026,1aa58bd6-c9cf-4a03-93b7-9f6603cc4ab3,2025-12-03,2310
pub_vdl.2693,Scottish Borders,BLYNLEE QUARRY,CENGAL103,SW OF BALNAKIEL HOUSE GALASHIELS,S01012273,Uneconomic to Develop/Soft End Use,346716,637233,Ownership unknown,Ownership unknown,Unknown,Mineral Activity,5.04,Derelict,S12000026,1aa58bd6-c9cf-4a03-93b7-9f6603cc4ab3,2025-12-03,2296
pub_vdl.2694,Scottish Borders,NURSERIES AND PLOTS 8&9,CENGAL105,HILLSIDE TERRACE EDINBURGH ROAD GALASHIELS,S01012277,Unknown (uncertain/insufficient information),347870,637634,Ownership unknown,Not applicable (i.e. only one owner),Unknown,Unknown,0.92,Derelict,S12000026,1aa58bd6-c9cf-4a03-93b7-9f6603cc4ab3,2025-12-03,2294
pub_vdl.2695,Scottish Borders,GALAFOOT,CENGAL107,WINSTON ROAD GALASHIELS,S01012282,Developable - Medium Term,351006,635193,Local Authority,Not applicable (i.e. only one owner),Unknown,Transport,1.61,Derelict,S12000026,1aa58bd6-c9cf-4a03-93b7-9f6603cc4ab3,2025-12-03,2305
pub_vdl.2696,Scottish Borders,GALAFOOT,CENGAL108,GALAFOOT LANE GALASHIELS,S01012282,Unknown (uncertain/insufficient information),351105,635196,Local Authority,Not applicable (i.e. only one owner),Unknown,Storage,0.53,Derelict,S12000026,1aa58bd6-c9cf-4a03-93b7-9f6603cc4ab3,2025-12-03,2306
pub_vdl.2697,Scottish Borders,ST AIDAN'S,CENGAL300,GALA PARK GALASHIELS,S01012278,Developable - Short Term,349107,636055,Unknown Private,Not applicable (i.e. only one owner),Unknown,Community & Health,0.17,Vacant Land,S12000026,1aa58bd6-c9cf-4a03-93b7-9f6603cc4ab3,2025-12-03,2325
pub_vdl.2698,Scottish Borders,LAND AT DINGLETON HOSPITAL,CENMEL100,DINGLETON ROAD MELROSE,S01012289,Developable - Short Term,353734,632903,Ownership unknown,Not applicable (i.e. only one owner),Unknown,Passive Open Space,6.05,Vacant Land,S12000026,1aa58bd6-c9cf-4a03-93b7-9f6603cc4ab3,2025-12-03,2322
pub_vdl.2700,Scottish Borders,FORMER FISH FARM,CENSEL100,ETTRICKHAUGH ROAD SELKIRK TD7 5AX,S01012386,Unknown (uncertain/insufficient information),345748,628069,Ownership unknown,Ownership unknown,Unknown,Other,1.07,Derelict,S12000026,1aa58bd6-c9cf-4a03-93b7-9f6603cc4ab3,2025-12-03,2299
pub_vdl.2701,Scottish Borders,SITE OF FORMER PHILIPHAUGH FARM,CENSEL102,LINGLIE ROAD SELKIRK TD7 5LS,S01012386,Unknown (uncertain/insufficient information),345713,628687,Other Private,Not applicable (i.e. only one owner),Unknown,Other,1.59,Derelict,S12000026,1aa58bd6-c9cf-4a03-93b7-9f6603cc4ab3,2025-12-03,2300
pub_vdl.2702,Scottish Borders,WEENSLAND ROAD,HAWICK054,WEENSLAND ROAD HAWICK,S01012367,Developable - Medium Term,352085,615707,Ownership unknown,Ownership unknown,Unknown,Unknown,0.11,Vacant Land,S12000026,1aa58bd6-c9cf-4a03-93b7-9f6603cc4ab3,2025-12-03,2363
pub_vdl.2728,Scottish Borders,ESHIELS,PEEBLES02,INNERLEITHEN ROAD PEEBLES,S01012250,Unknown (uncertain/insufficient information),327263,639790,Local Authority,Private Gas,1981-1985,Manufacturing,0.19,Derelict,S12000026,1aa58bd6-c9cf-4a03-93b7-9f6603cc4ab3,2025-12-03,2328
pub_vdl.2703,Scottish Borders,ETTRICK MILL,CENSEL107,DUNSDALE ROAD SELKIRK TD7 5DY,S01012384,Unknown (uncertain/insufficient information),347243,629391,Local Authority,Not applicable (i.e. only one owner),Unknown,Manufacturing,0.69,Derelict,S12000026,1aa58bd6-c9cf-4a03-93b7-9f6603cc4ab3,2025-12-03,2319
pub_vdl.2704,Scottish Borders,LAND SOUTH EAST OF SENTRY KNOWE,CENSEL109,SENTRY KNOWE SELKIRK,S01012382,Developable - Short Term,347478,628268,Ownership unknown,Not applicable (i.e. only one owner),Unknown,Community & Health,0.21,Derelict,S12000026,1aa58bd6-c9cf-4a03-93b7-9f6603cc4ab3,2025-12-03,2315
pub_vdl.2705,Scottish Borders,LAND ADJOINING TWEED MILL (NW),CENSEL112,DUNSDALE ROAD SELKIRK,S01012384,Developable - Short Term,346939,629263,Ownership unknown,Not applicable (i.e. only one owner),Unknown,Manufacturing,0.15,Vacant Land,S12000026,1aa58bd6-c9cf-4a03-93b7-9f6603cc4ab3,2025-12-03,2343
pub_vdl.2706,Scottish Borders,FORMER REFUSE TIP,COLD001,DUNS ROAD COLDSTREAM,S01012327,Developable - Medium Term,384083,640037,Other Private,Not applicable (i.e. only one owner),1980 or earlier,Community & Health,0.33,Derelict,S12000026,1aa58bd6-c9cf-4a03-93b7-9f6603cc4ab3,2025-12-03,2304
pub_vdl.2707,Scottish Borders,GAS HOLDER STATION,EYEMTH006,HARKAR CRESCENT EYEMOUTH,S01012315,Unknown (uncertain/insufficient information),394243,664398,Private Gas,Not applicable (i.e. only one owner),1991-1995,Storage,0.12,Derelict,S12000026,1aa58bd6-c9cf-4a03-93b7-9f6603cc4ab3,2025-12-03,2291
pub_vdl.2708,Scottish Borders,SITE OF FORMER BURNS BUILDING,GALA001,ROXBURGH STREET GALASHIELS,S01012276,Uneconomic to Develop/Soft End Use,348783,636364,Other Private,Not applicable (i.e. only one owner),1980 or earlier,Manufacturing,0.12,Derelict,S12000026,1aa58bd6-c9cf-4a03-93b7-9f6603cc4ab3,2025-12-03,2288
pub_vdl.2709,Scottish Borders,OLD REFUSE TIP,GALA032,WINSTON ROAD GALASHIELS,S01012286,Unknown (uncertain/insufficient information),351479,635328,Other Private,Not applicable (i.e. only one owner),Unknown,Community & Health,1.14,Derelict,S12000026,1aa58bd6-c9cf-4a03-93b7-9f6603cc4ab3,2025-12-03,2293
pub_vdl.2710,Scottish Borders,NETHERDALE ESTATE SOUTH,GALA046,NETHERDALE ESTATE GALASHIELS,S01012282,Developable - Short Term,350538,635184,Unknown Private,Not applicable (i.e. only one owner),Unknown,Manufacturing,0.45,Derelict,S12000026,1aa58bd6-c9cf-4a03-93b7-9f6603cc4ab3,2025-12-03,2331
pub_vdl.2711,Scottish Borders,EASTER LANGLEE STEADING,GALA047,EASTER LANGLEE GALASHIELS,S01012286,Developable - Medium Term,351873,635776,Unknown Private,Not applicable (i.e. only one owner),Unknown,Other,0.33,Derelict,S12000026,1aa58bd6-c9cf-4a03-93b7-9f6603cc4ab3,2025-12-03,2335
pub_vdl.2712,Scottish Borders,FORMER ABBATTOIR,GALA049,WINSTON ROAD GALASHIELS,S01012286,Unknown (uncertain/insufficient information),351415,635393,Other Private,Not applicable (i.e. only one owner),2011,Other,1.43,Derelict,S12000026,1aa58bd6-c9cf-4a03-93b7-9f6603cc4ab3,2025-12-03,2339
pub_vdl.2713,Scottish Borders,LAND NORTH OF CURRIE ROAD,GALA050,GALASHIELS,S01012285,Developable - Short Term,349800,635828,Unknown Private,Not applicable (i.e. only one owner),2011,Retailing,0.5,Derelict,S12000026,1aa58bd6-c9cf-4a03-93b7-9f6603cc4ab3,2025-12-03,2340
pub_vdl.2722,Scottish Borders,LAND ADJACENT TO HEATHER MILL,ISELKIRK01,WHINFIELD ROAD SELKIRK,S01012384,Unknown (uncertain/insufficient information),346599,628961,Other Private,Not applicable (i.e. only one owner),Unknown,Manufacturing,1.44,Derelict,S12000026,1aa58bd6-c9cf-4a03-93b7-9f6603cc4ab3,2025-12-03,2284
pub_vdl.2723,Scottish Borders,FORMER HOWDENBURN PRIMARY SCHOOL,JEDB009,LOTHIAN ROAD JEDBURGH,S01012350,Developable - Short Term,365528,620212,Local Authority,Not applicable (i.e. only one owner),2021,Education,0.75,Vacant Land,S12000026,1aa58bd6-c9cf-4a03-93b7-9f6603cc4ab3,2025-12-03,2358
pub_vdl.2783,South Ayrshire,,GW004,MAIN STREET KIRKOSWALD,S01012422,Developable - Medium Term,224200,607530,Unknown Private,Not applicable (i.e. only one owner),1996-2000,Retailing,0.39,Vacant Land,S12000028,ec28bd2c-09cd-423c-b6c4-4cc8d18010a4,2025-11-30,2682
pub_vdl.2714,Scottish Borders,BURGH YARD,GALA051,BRAW LADS BRAE GALASHIELS,S01012284,Developable - Medium Term,349469,635798,Local Authority,Not applicable (i.e. only one owner),2011,Storage,0.7,Derelict,S12000026,1aa58bd6-c9cf-4a03-93b7-9f6603cc4ab3,2025-12-03,2341
pub_vdl.2729,Scottish Borders,FORMER SLAUGHTER HOUSE,PEEBLES08,SOUTHPARK PEEBLES,S01012259,Unknown (uncertain/insufficient information),324377,640266,Local Authority,Not applicable (i.e. only one owner),Unknown,Community & Health,0.22,Derelict,S12000026,1aa58bd6-c9cf-4a03-93b7-9f6603cc4ab3,2025-12-03,2318
pub_vdl.2716,Scottish Borders,BLOCK 5 & 6 STONEFIELD PLACE,HAWICK051,HAWICK,S01012363,Developable - Medium Term,350258,614111,Housing Association,Not applicable (i.e. only one owner),2021,Residential - Housing,0.12,Vacant Land,S12000026,1aa58bd6-c9cf-4a03-93b7-9f6603cc4ab3,2025-12-03,2350
pub_vdl.2717,Scottish Borders,BUCCLEUCH MILL,HAWICK052,GREEN LANE HAWICK,S01012371,Developable - Undetermined,349853,614369,Unknown Private,Unknown Private,Unknown,Manufacturing,0.22,Derelict,S12000026,1aa58bd6-c9cf-4a03-93b7-9f6603cc4ab3,2025-12-03,2353
pub_vdl.2718,Scottish Borders,BURNMILL,HLAUDER001,MILL WYND LAUDER,S01012297,Developable - Medium Term,353014,647215,Local Authority,Not applicable (i.e. only one owner),1980 or earlier,Manufacturing,0.64,Derelict,S12000026,1aa58bd6-c9cf-4a03-93b7-9f6603cc4ab3,2025-12-03,2301
pub_vdl.2719,Scottish Borders,SOUTER COURT,HSELKIRK17,CHAPEL STREET SELKIRK,S01012381,Unknown (uncertain/insufficient information),347014,628607,Other Private,Not applicable (i.e. only one owner),Unknown,Residential - Housing,0.12,Derelict,S12000026,1aa58bd6-c9cf-4a03-93b7-9f6603cc4ab3,2025-12-03,2283
pub_vdl.2720,Scottish Borders,FORMER GAS WORKS,INNERL003,PRINCES STREET INNERLEITHEN,S01012266,Unknown (uncertain/insufficient information),333543,636413,Private Gas,Not applicable (i.e. only one owner),1986-1990,Utility Services,0.15,Derelict,S12000026,1aa58bd6-c9cf-4a03-93b7-9f6603cc4ab3,2025-12-03,2289
pub_vdl.2721,Scottish Borders,LAND SE OF UNIT 2 WAVERLEY MILL,INNERL006,TRAQUAIR ROAD INNERLEITHEN,S01012266,Developable - Short Term,333359,636397,Other Private,Not applicable (i.e. only one owner),1986-1990,Transport,0.39,Derelict,S12000026,1aa58bd6-c9cf-4a03-93b7-9f6603cc4ab3,2025-12-03,2290
pub_vdl.2724,Scottish Borders,STATION ROAD,KELSO013,KELSO,S01012330,Unknown (uncertain/insufficient information),373065,633218,Other Private,Not applicable (i.e. only one owner),1981-1985,Manufacturing,0.59,Derelict,S12000026,1aa58bd6-c9cf-4a03-93b7-9f6603cc4ab3,2025-12-03,2286
pub_vdl.2725,Scottish Borders,LAND WEST OF THE DEAN,NTWWES100,DEANFOOT ROAD WEST LINTON,S01012244,Developable - Medium Term,315591,652157,Other Private,Not applicable (i.e. only one owner),Unknown,Unknown,0.65,Vacant Land,S12000026,1aa58bd6-c9cf-4a03-93b7-9f6603cc4ab3,2025-12-03,2316
pub_vdl.2726,Scottish Borders,MARCH STREET MILL,PEEB012,MARCH STREET PEEBLES,S01012254,Developable - Short Term,324936,640870,Other Private,Not applicable (i.e. only one owner),2021,Manufacturing,2.26,Derelict,S12000026,1aa58bd6-c9cf-4a03-93b7-9f6603cc4ab3,2025-12-03,2356
pub_vdl.2727,Scottish Borders,PROPOSED CHURCH SITE,PEEB013,CLELAND AVENUE PEEBLES EH45 9AT,S01012260,Developable - Medium Term,325536,639934,Other Private,Not applicable (i.e. only one owner),2020,Passive Open Space,0.22,Derelict,S12000026,1aa58bd6-c9cf-4a03-93b7-9f6603cc4ab3,2025-12-03,2361
pub_vdl.2730,Scottish Borders,FOREST MILL,SELK032,DUNSDALE ROAD SELKIRK,S01012384,Unknown (uncertain/insufficient information),346746,628822,Unknown Private,Not applicable (i.e. only one owner),Unknown,Manufacturing,0.34,Derelict,S12000026,1aa58bd6-c9cf-4a03-93b7-9f6603cc4ab3,2025-12-03,2334
pub_vdl.2731,Scottish Borders,FORMER PLAYING FIELD,SELK033,RIVERSIDE SELKIRK,S01012384,Developable - Short Term,347066,629402,Ownership unknown,Not applicable (i.e. only one owner),2011,Recreation & Leisure,0.39,Vacant Land,S12000026,1aa58bd6-c9cf-4a03-93b7-9f6603cc4ab3,2025-12-03,2336
pub_vdl.2732,Scottish Borders,WEENSLAND MILL,SROHAW101,WEENSLAND ROAD HAWICK,S01012367,Unknown (uncertain/insufficient information),351491,615389,Scottish Enterprise,Not applicable (i.e. only one owner),1991-1995,Manufacturing,0.35,Vacant Land,S12000026,1aa58bd6-c9cf-4a03-93b7-9f6603cc4ab3,2025-12-03,2303
pub_vdl.2733,Scottish Borders,FORMER WILTON MILL,SROHAW106,COMMERCIAL ROAD HAWICK,S01012372,Developable - Short Term,350221,615065,Other Private,Not applicable (i.e. only one owner),Unknown,Manufacturing,0.24,Vacant Land,S12000026,1aa58bd6-c9cf-4a03-93b7-9f6603cc4ab3,2025-12-03,2342
pub_vdl.2784,South Ayrshire,,GW006,MILTON STREET CROSSHILL,S01012423,Developable - Short Term,232601,606686,Unknown Private,Not applicable (i.e. only one owner),1980 or earlier,Unknown,0.12,Vacant Land,S12000028,ec28bd2c-09cd-423c-b6c4-4cc8d18010a4,2025-11-30,2751
pub_vdl.2734,Scottish Borders,BORDERS PRIMARY CARE,SROHAW113,BUCCLEUCH ROAD HAWICK TD9 0EH,S01012371,Unknown (uncertain/insufficient information),349632,614344,Ownership unknown,Not applicable (i.e. only one owner),Unknown,Community & Health,0.7,Derelict,S12000026,1aa58bd6-c9cf-4a03-93b7-9f6603cc4ab3,2025-12-03,2298
pub_vdl.2735,Scottish Borders,FORMER JOHN TURNBULL & SONS,SROHAW114,SLITRIG CRESCENT HAWICK TD9 0EN,S01012363,Developable - Short Term,350326,614301,Ownership unknown,Ownership unknown,Unknown,Manufacturing,0.58,Vacant Land and Buildings,S12000026,1aa58bd6-c9cf-4a03-93b7-9f6603cc4ab3,2025-12-03,2297
pub_vdl.2736,South Ayrshire,,BH098,MALCOLM SARGENT HOUSE PRESTWICK,S01012518,Developable - Medium Term,234678,626228,Other Private,Not applicable (i.e. only one owner),2021,"Residential - Hotels, Hostels etc",0.62,Derelict,S12000028,ec28bd2c-09cd-423c-b6c4-4cc8d18010a4,2025-11-30,2747
pub_vdl.2737,Scottish Borders,FORMER MILL,SROHAW119,SLITRIG CRESENT HAWICK,S01012363,Developable - Short Term,350286,614193,Ownership unknown,Ownership unknown,Unknown,Manufacturing,0.66,Derelict,S12000026,1aa58bd6-c9cf-4a03-93b7-9f6603cc4ab3,2025-12-03,2332
pub_vdl.2738,Scottish Borders,LAND SOUTH OF LANTON PLACE,SROHAW121,GUTHRIE DRIVE HAWICK,S01012374,Developable - Short Term,350037,615988,Ownership unknown,Ownership unknown,Unknown,Unknown,2.01,Vacant Land,S12000026,1aa58bd6-c9cf-4a03-93b7-9f6603cc4ab3,2025-12-03,2314
pub_vdl.2739,Scottish Borders,FORMER ROYAL HOTEL SITE,STOW001,LAUDER ROAD STOW,S01012272,Developable - Medium Term,345953,644631,Ownership unknown,Ownership unknown,Unknown,Other,0.23,Vacant Land,S12000026,,,
pub_vdl.2740,Shetland Islands,TOFT CAMP,DEL01,TOFT SHETLAND,S01012411,Developable - Short Term,442993,1175735,Other Private,Not applicable (i.e. only one owner),1980 or earlier,Recreation & Leisure,2.72,Derelict,S12000027,7b9441e4-80cc-4647-81b8-e716df4c08ed,2025-11-30,2674
pub_vdl.2741,Shetland Islands,FIRTH CAMP,DEL02,MOSSBANK SHETLAND,S01012411,Developable - Short Term,444000,1174267,Other Private,Not applicable (i.e. only one owner),1980 or earlier,Recreation & Leisure,0.73,Derelict,S12000027,7b9441e4-80cc-4647-81b8-e716df4c08ed,2025-11-30,2680
pub_vdl.2742,Shetland Islands,LOWER BLACKHILL,LER06,LERWICK SHETLAND,S01012401,Developable - Short Term,446098,1143089,Highlands and Islands Enterprise,Not applicable (i.e. only one owner),Unknown,Agriculture,0.15,Vacant Land,S12000027,7b9441e4-80cc-4647-81b8-e716df4c08ed,2025-11-30,2679
pub_vdl.2743,Shetland Islands,THE MARTS,LER07,LERWICK SHETLAND,S01012401,Developable - Short Term,445636,1142084,Other Private,Not applicable (i.e. only one owner),2005,Storage,0.39,Vacant Land,S12000027,7b9441e4-80cc-4647-81b8-e716df4c08ed,2025-11-30,2675
pub_vdl.2744,South Ayrshire,,BH071,EWS TRACTION YARD TRYFIELD PLACE AYR,S01012505,Developable - Medium Term,234388,622732,Network Rail/ Rail Franchise Holder,Not applicable (i.e. only one owner),Unknown,Transport,3.4,Derelict,S12000028,ec28bd2c-09cd-423c-b6c4-4cc8d18010a4,2025-11-30,2725
pub_vdl.2745,South Ayrshire,,BH072,FORMER VIEWFIELD PRIMARY SCHOOL AYR,S01012489,Developable - Medium Term,234147,622797,Other Private,Not applicable (i.e. only one owner),Unknown,Education,0.36,Derelict,S12000028,ec28bd2c-09cd-423c-b6c4-4cc8d18010a4,2025-11-30,2726
pub_vdl.2746,Shetland Islands,NESS OF SOUND,LER11,LERWICK SHETLAND,S01012394,Unknown (uncertain/insufficient information),446903,1139593,Unknown Private,Not applicable (i.e. only one owner),Unknown,Other,0.91,Derelict,S12000027,7b9441e4-80cc-4647-81b8-e716df4c08ed,2025-11-30,2681
pub_vdl.2747,Shetland Islands,SCAR QUILSE,NES01,MID KAME SHETLAND,S01012411,Unknown (uncertain/insufficient information),441452,1160317,Unknown Private,Not applicable (i.e. only one owner),Unknown,Community & Health,0.88,Derelict,S12000027,7b9441e4-80cc-4647-81b8-e716df4c08ed,2025-11-30,2678
pub_vdl.2748,Shetland Islands,STUMP FARM,SAN01,SKELD SHETLAND,S01012408,Unknown (uncertain/insufficient information),430946,1145643,Unknown Private,Not applicable (i.e. only one owner),Unknown,Other,0.38,Derelict,S12000027,7b9441e4-80cc-4647-81b8-e716df4c08ed,2025-11-30,2676
pub_vdl.2749,Shetland Islands,SOUTH QUOYS,UNS01,UNST SHETLAND,S01012414,Unknown (uncertain/insufficient information),461442,1212362,Unknown Private,Not applicable (i.e. only one owner),Unknown,Mineral Activity,0.86,Derelict,S12000027,7b9441e4-80cc-4647-81b8-e716df4c08ed,2025-11-30,2677
pub_vdl.2750,South Ayrshire,,1D,MCCALLS AVENUE WEST AYR,S01012488,Developable - Medium Term,234240,623010,Other Private,Not applicable (i.e. only one owner),Unknown,Manufacturing,0.27,Derelict,S12000028,ec28bd2c-09cd-423c-b6c4-4cc8d18010a4,2025-11-30,2698
pub_vdl.2751,South Ayrshire,,1E,WEST SANQUHAR ROAD AYR,S01012511,Developable - Undetermined,234949,623162,Other Private,Not applicable (i.e. only one owner),1996-2000,Manufacturing,11.3,Derelict,S12000028,ec28bd2c-09cd-423c-b6c4-4cc8d18010a4,2025-11-30,2703
pub_vdl.2752,South Ayrshire,,200,SHAW ROAD PRESTWICK,S01012531,Developable - Undetermined,236540,626420,Other Private,Not applicable (i.e. only one owner),1986-1990,Unknown,1.27,Derelict,S12000028,ec28bd2c-09cd-423c-b6c4-4cc8d18010a4,2025-11-30,2701
pub_vdl.2753,South Ayrshire,,212B,HEATHFIELD AYR,S01012532,Developable - Medium Term,236375,624051,Other Private,Not applicable (i.e. only one owner),1986-1990,Transport,18.86,Derelict,S12000028,ec28bd2c-09cd-423c-b6c4-4cc8d18010a4,2025-11-30,2697
pub_vdl.2754,South Ayrshire,,254,VICARTON STREET GIRVAN,S01012419,Developable - Undetermined,218600,598372,Other Private,Not applicable (i.e. only one owner),Unknown,Transport,1.15,Derelict,S12000028,ec28bd2c-09cd-423c-b6c4-4cc8d18010a4,2025-11-30,2696
pub_vdl.2755,South Ayrshire,,BH063,WORKSHOP ANNFIELD ROAD PRESTWICK,S01012521,Developable - Medium Term,234878,625706,Unknown Private,Not applicable (i.e. only one owner),Unknown,Other General Industry,0.22,Derelict,S12000028,ec28bd2c-09cd-423c-b6c4-4cc8d18010a4,2025-11-30,2720
pub_vdl.2756,South Ayrshire,,BH064,STATION HOTEL AYR,S01012483,Developable - Undetermined,234048,621397,Other Private,Not applicable (i.e. only one owner),2018,"Residential - Hotels, Hostels etc",1.36,Derelict,S12000028,ec28bd2c-09cd-423c-b6c4-4cc8d18010a4,2025-11-30,2721
pub_vdl.2757,South Ayrshire,,BH065,49 ST MEDDANS STREET TROON,S01012565,Developable - Medium Term,232500,631075,Other Private,Not applicable (i.e. only one owner),2016,Retailing,0.16,Derelict,S12000028,ec28bd2c-09cd-423c-b6c4-4cc8d18010a4,2025-11-30,2722
pub_vdl.2758,South Ayrshire,,BH068,"FORMER GAS HOLDER, WEIR ROAD AYR",S01012487,Developable - Undetermined,233861,623079,Private Gas,Not applicable (i.e. only one owner),2018,Storage,0.79,Derelict,S12000028,ec28bd2c-09cd-423c-b6c4-4cc8d18010a4,2025-11-30,2723
pub_vdl.2759,South Ayrshire,,BH070,2 MAIDENS ROAD TURNBERRY,S01012421,Developable - Undetermined,220279,605409,Unknown Private,Local Authority,Unknown,Unknown,0.1,Derelict,S12000028,ec28bd2c-09cd-423c-b6c4-4cc8d18010a4,2025-11-30,2724
pub_vdl.2760,South Ayrshire,,BH074,SAC JOHN HANNAH BUILDING AUCHINCRUIVE AYR,S01012537,Developable - Undetermined,237989,623528,Unknown Private,Not applicable (i.e. only one owner),2013,Education,0.36,Derelict,S12000028,ec28bd2c-09cd-423c-b6c4-4cc8d18010a4,2025-11-30,2727
pub_vdl.2761,South Ayrshire,,BH075,SAC WILSON HALL AUCHINCRUIVE AYR,S01012537,Developable - Undetermined,237992,623659,Unknown Private,Not applicable (i.e. only one owner),2013,Education,0.8,Derelict,S12000028,ec28bd2c-09cd-423c-b6c4-4cc8d18010a4,2025-11-30,2728
pub_vdl.2762,South Ayrshire,,BH076,SAC GIBBSYARD SOUTH AUCHINCRUIVE AYR,S01012537,Developable - Undetermined,238151,623391,Unknown Private,Not applicable (i.e. only one owner),2013,Education,2.12,Derelict,S12000028,ec28bd2c-09cd-423c-b6c4-4cc8d18010a4,2025-11-30,2729
pub_vdl.2763,South Ayrshire,,BH077,SAC SOUTH EAST AUCHINCRUIVE AYR,S01012537,Developable - Undetermined,238343,623124,Unknown Private,Not applicable (i.e. only one owner),2013,Agriculture,0.33,Derelict,S12000028,ec28bd2c-09cd-423c-b6c4-4cc8d18010a4,2025-11-30,2730
pub_vdl.2764,South Ayrshire,,BH078,"CROFT STREET B, PHASE TWO TARBOLTON",S01012541,Developable - Medium Term,243016,627518,Other Private,Not applicable (i.e. only one owner),2009,Prepared Ground,0.76,Derelict,S12000028,ec28bd2c-09cd-423c-b6c4-4cc8d18010a4,2025-11-30,2731
pub_vdl.2765,South Ayrshire,,BH079,"OLD PARISH CHURCH, CASSILLIS ROAD MAYBOLE",S01012440,Developable - Undetermined,230318,610205,Unknown Private,Not applicable (i.e. only one owner),2009,Community & Health,0.14,Derelict,S12000028,ec28bd2c-09cd-423c-b6c4-4cc8d18010a4,2025-11-30,2733
pub_vdl.2766,South Ayrshire,,BH080,19-25 WHITEHALL MAYBOLE,S01012435,Developable - Undetermined,229913,609765,Unknown Private,Not applicable (i.e. only one owner),1986-1990,Retailing,0.12,Derelict,S12000028,ec28bd2c-09cd-423c-b6c4-4cc8d18010a4,2025-11-30,2734
pub_vdl.2767,South Ayrshire,,BH091,HEATHFIELD COMMERCIAL CENTRE A AYR,S01012513,Unknown (uncertain/insufficient information),236288,623687,Other Private,Not applicable (i.e. only one owner),1980 or earlier,Defence,2.44,Vacant Land,S12000028,ec28bd2c-09cd-423c-b6c4-4cc8d18010a4,2025-11-30,2740
pub_vdl.2768,South Ayrshire,,BH092,LAND B/N 9 & 11 HOLMSTON ROAD AYR,S01012475,Developable - Undetermined,234573,621217,Unknown Private,Not applicable (i.e. only one owner),Unknown,Unknown,0.22,Derelict,S12000028,ec28bd2c-09cd-423c-b6c4-4cc8d18010a4,2025-11-30,2741
pub_vdl.2769,South Ayrshire,,BH093,1-7 BURNS STATUE SQUARE AYR,S01012482,Developable - Undetermined,233910,621472,Unknown Private,Not applicable (i.e. only one owner),2005,Recreation & Leisure,0.15,Derelict,S12000028,ec28bd2c-09cd-423c-b6c4-4cc8d18010a4,2025-11-30,2742
pub_vdl.2770,South Ayrshire,,BH094,GARAGE 8 GALLOWAY AVENUE AYR,S01012504,Developable - Medium Term,235429,622760,Other Private,Not applicable (i.e. only one owner),2019,Retailing,0.49,Derelict,S12000028,ec28bd2c-09cd-423c-b6c4-4cc8d18010a4,2025-11-30,2743
pub_vdl.2771,South Ayrshire,,BH096,32-34 PIEDMONT ROAD GIRVAN,S01012429,Developable - Undetermined,218602,597209,Other Private,Not applicable (i.e. only one owner),2020,Residential - Housing,0.12,Vacant Land,S12000028,ec28bd2c-09cd-423c-b6c4-4cc8d18010a4,2025-11-30,2744
pub_vdl.2778,South Ayrshire,,BH100,LAND B/N 16 & 20 CROFTHEAD ROAD PRESTWICK,S01012519,Developable - Undetermined,235253,626055,Unknown Private,Not applicable (i.e. only one owner),1980 or earlier,Unknown,0.15,Derelict,S12000028,ec28bd2c-09cd-423c-b6c4-4cc8d18010a4,2025-11-30,2748
pub_vdl.2779,South Ayrshire,,BH101,NEWDYKES SHAWFARM PRESTWICK,S01012533,Developable - Medium Term,235933,626473,Other Private,Not applicable (i.e. only one owner),2001-2004,Agriculture,0.4,Derelict,S12000028,ec28bd2c-09cd-423c-b6c4-4cc8d18010a4,2025-11-30,2745
pub_vdl.2780,South Ayrshire,,BH102,MANOR PARK HOTEL KILMARNOCK ROAD MONKTON,S01012531,Developable - Medium Term,236055,628028,Other Private,Not applicable (i.e. only one owner),2022,"Residential - Hotels, Hostels etc",0.56,Derelict,S12000028,ec28bd2c-09cd-423c-b6c4-4cc8d18010a4,2025-11-30,2750
pub_vdl.2781,South Ayrshire,,BH103,LADYWELL AYR ROAD FISHERTON,S01012442,Developable - Medium Term,226569,616850,Other Private,Not applicable (i.e. only one owner),2022,Prepared Ground,1.73,Derelict,S12000028,ec28bd2c-09cd-423c-b6c4-4cc8d18010a4,2025-11-30,2752
pub_vdl.2785,South Ayrshire,,GW008,AYR ROAD TARBOLTON,S01012539,Developable - Undetermined,243147,626787,Unknown Private,Not applicable (i.e. only one owner),Unknown,Unknown,0.73,Derelict,S12000028,ec28bd2c-09cd-423c-b6c4-4cc8d18010a4,2025-11-30,2684
pub_vdl.2786,South Ayrshire,,GW011,50 MAIN ROAD AYR,S01012503,Developable - Short Term,236030,622890,Unknown Private,Not applicable (i.e. only one owner),Unknown,Residential - Housing,0.11,Vacant Land,S12000028,ec28bd2c-09cd-423c-b6c4-4cc8d18010a4,2025-11-30,2685
pub_vdl.2787,South Ayrshire,,GW012,DRUMLEY HOUSE MOSSBLOWN,S01012538,Developable - Undetermined,240450,625090,Other Private,Not applicable (i.e. only one owner),2001-2004,"Residential - Hotels, Hostels etc",3.23,Derelict,S12000028,ec28bd2c-09cd-423c-b6c4-4cc8d18010a4,2025-11-30,2690
pub_vdl.2797,South Ayrshire,,GW044,FINNARTS BAY BALLANTRAE,S01012417,Developable - Undetermined,205316,572793,Unknown Private,Not applicable (i.e. only one owner),Unknown,Manufacturing,1.82,Derelict,S12000028,ec28bd2c-09cd-423c-b6c4-4cc8d18010a4,2025-11-30,2687
pub_vdl.2798,South Ayrshire,,GW046,GARAGE 11-13 HENRIETTA STREET GIRVAN,S01012431,Developable - Short Term,218394,597995,Other Private,Not applicable (i.e. only one owner),2013,Other General Industry,0.14,Derelict,S12000028,ec28bd2c-09cd-423c-b6c4-4cc8d18010a4,2025-11-30,2712
pub_vdl.2772,South Ayrshire,,BH084,TURNBERRY AIRFIELD TURNBERRY,S01012421,Unknown (uncertain/insufficient information),220690,606868,Other Private,Not applicable (i.e. only one owner),1980 or earlier,Defence,13.46,Derelict,S12000028,ec28bd2c-09cd-423c-b6c4-4cc8d18010a4,2025-11-30,2732
pub_vdl.2773,South Ayrshire,,BH086,"ELMS COURT HOTEL, MILLER ROAD AYR",S01012482,Developable - Short Term,233633,621369,Other Private,Not applicable (i.e. only one owner),2019,"Residential - Hotels, Hostels etc",0.26,Derelict,S12000028,ec28bd2c-09cd-423c-b6c4-4cc8d18010a4,2025-11-30,2735
pub_vdl.2774,South Ayrshire,,BH087,BELLEISLE HOUSE HOTEL AYR,S01012451,Developable - Medium Term,233135,619376,Other Private,Not applicable (i.e. only one owner),2019,"Residential - Hotels, Hostels etc",1.02,Derelict,S12000028,ec28bd2c-09cd-423c-b6c4-4cc8d18010a4,2025-11-30,2736
pub_vdl.2775,South Ayrshire,,BH088,LAND ADJ. 151 LOCHSIDE ROAD AYR,S01012502,Developable - Undetermined,235169,623064,Other Private,Not applicable (i.e. only one owner),1980 or earlier,Other General Industry,0.15,Vacant Land,S12000028,ec28bd2c-09cd-423c-b6c4-4cc8d18010a4,2025-11-30,2737
pub_vdl.2776,South Ayrshire,,BH089,LAND ADJ. 124-126 LOCHSIDE ROAD AYR,S01012500,Developable - Undetermined,235205,623044,Local Authority,Not applicable (i.e. only one owner),1980 or earlier,Utility Services,0.14,Vacant Land,S12000028,ec28bd2c-09cd-423c-b6c4-4cc8d18010a4,2025-11-30,2738
pub_vdl.2777,South Ayrshire,,BH090,HEATHFIELD COMMERCIAL CENTRE B AYR,S01012513,Unknown (uncertain/insufficient information),236051,623890,Other Private,Not applicable (i.e. only one owner),1980 or earlier,Defence,0.8,Vacant Land,S12000028,ec28bd2c-09cd-423c-b6c4-4cc8d18010a4,2025-11-30,2739
pub_vdl.2788,South Ayrshire,,GW016,KIRKOSWALD ROAD TURNBERRY,S01012421,Developable - Medium Term,220565,605415,Other Private,Not applicable (i.e. only one owner),2008,Residential - Housing,0.35,Vacant Land,S12000028,ec28bd2c-09cd-423c-b6c4-4cc8d18010a4,2025-11-30,2691
pub_vdl.2789,South Ayrshire,,GW019,LINFERN ROAD DAILLY,S01012420,Developable - Medium Term,227350,601539,Other Private,Not applicable (i.e. only one owner),Unknown,Residential - Housing,0.17,Derelict,S12000028,ec28bd2c-09cd-423c-b6c4-4cc8d18010a4,2025-11-30,2692
pub_vdl.2790,South Ayrshire,,GW023,HEATHFIELD ROAD (ALEXANDERS) AYR,S01012517,Developable - Medium Term,235770,623775,Unknown Private,Not applicable (i.e. only one owner),2009,Retailing,5.87,Vacant Land,S12000028,ec28bd2c-09cd-423c-b6c4-4cc8d18010a4,2025-11-30,2694
pub_vdl.2791,South Ayrshire,,GW030,VICARTON STREET GIRVAN,S01012433,Developable - Undetermined,218860,598498,Ownership unknown,Not applicable (i.e. only one owner),Unknown,Transport,0.31,Derelict,S12000028,ec28bd2c-09cd-423c-b6c4-4cc8d18010a4,2025-11-30,2695
pub_vdl.2792,South Ayrshire,,GW036,DAISYBANK 18 JAMES STREET TARBOLTON,S01012539,Developable - Undetermined,243349,626872,Ownership unknown,Not applicable (i.e. only one owner),Unknown,Residential - Housing,0.46,Derelict,S12000028,ec28bd2c-09cd-423c-b6c4-4cc8d18010a4,2025-11-30,2705
pub_vdl.2805,South Ayrshire,,GW056,SOMERSET ROAD AYR,S01012505,Developable - Undetermined,234572,622824,Other Private,Not applicable (i.e. only one owner),2016,Wholesale Distribution,0.42,Derelict,S12000028,ec28bd2c-09cd-423c-b6c4-4cc8d18010a4,2025-11-30,2717
pub_vdl.2793,South Ayrshire,,GW037,OLD SCHOOL ALLOWAY ROAD MAYBOLE,S01012440,Developable - Medium Term,230513,610618,Ownership unknown,Not applicable (i.e. only one owner),Unknown,Education,2.97,Derelict,S12000028,ec28bd2c-09cd-423c-b6c4-4cc8d18010a4,2025-11-30,2706
pub_vdl.2794,South Ayrshire,,GW039,34-42 GREEN STREET LANE AYR,S01012490,Unknown (uncertain/insufficient information),233758,622633,Local Authority,Not applicable (i.e. only one owner),Unknown,Other General Industry,0.41,Derelict,S12000028,ec28bd2c-09cd-423c-b6c4-4cc8d18010a4,2025-11-30,2715
pub_vdl.2795,South Ayrshire,,GW041,7 PIEDMONT ROAD GIRVAN,S01012429,Developable - Undetermined,218548,597326,Unknown Private,Not applicable (i.e. only one owner),Unknown,Unknown,0.11,Derelict,S12000028,ec28bd2c-09cd-423c-b6c4-4cc8d18010a4,2025-11-30,2708
pub_vdl.2799,South Ayrshire,,GW047,GLENBURN HOUSE GLENBURN ROAD PRESTWICK,S01012532,Developable - Medium Term,236307,625854,Other Private,Not applicable (i.e. only one owner),Unknown,Offices,1.13,Vacant Land and Buildings,S12000028,ec28bd2c-09cd-423c-b6c4-4cc8d18010a4,2025-11-30,2710
pub_vdl.2800,South Ayrshire,,GW050,LAND ADJACENT TO 21 ANNBANK ROAD MOSSBLOWN,S01012536,Unknown (uncertain/insufficient information),240369,624596,Unknown Private,Not applicable (i.e. only one owner),Unknown,Unknown,0.13,Vacant Land and Buildings,S12000028,ec28bd2c-09cd-423c-b6c4-4cc8d18010a4,2025-11-30,2713
pub_vdl.2801,South Ayrshire,,GW051,SANDILANDS GARAGE 65 GLENDOUNE STREET GIRVAN,S01012429,Developable - Undetermined,218507,597102,Unknown Private,Not applicable (i.e. only one owner),Unknown,Other General Industry,0.18,Derelict,S12000028,ec28bd2c-09cd-423c-b6c4-4cc8d18010a4,2025-11-30,2711
pub_vdl.2802,South Ayrshire,,GW052,ST JOHNS CHURCH PIEDMONT ROAD GIRVAN,S01012429,Developable - Undetermined,218636,597180,Other Private,Not applicable (i.e. only one owner),2012,Community & Health,0.1,Derelict,S12000028,ec28bd2c-09cd-423c-b6c4-4cc8d18010a4,2025-11-30,2714
pub_vdl.2803,South Ayrshire,,GW054,FRESSON AVENUE WEST PRESTWICK,S01012532,Developable - Undetermined,236459,625848,Unknown Private,Not applicable (i.e. only one owner),Unknown,Unknown,0.58,Derelict,S12000028,ec28bd2c-09cd-423c-b6c4-4cc8d18010a4,2025-11-30,2688
pub_vdl.2804,South Ayrshire,,GW055,SHAWFARM ROAD EAST PRESTWICK,S01012532,Developable - Undetermined,236736,625814,Unknown Private,Not applicable (i.e. only one owner),Unknown,Transport,2.32,Derelict,S12000028,ec28bd2c-09cd-423c-b6c4-4cc8d18010a4,2025-11-30,2693
pub_vdl.2807,South Ayrshire,,GW060,MAIN STREET EAST MONKTON,S01012532,Developable - Medium Term,235849,627618,Other Nationalised Industry or Statutory undertakers,Not applicable (i.e. only one owner),1996-2000,Transport,0.91,Derelict,S12000028,ec28bd2c-09cd-423c-b6c4-4cc8d18010a4,2025-11-30,2719
pub_vdl.2808,South Ayrshire,,H251,SOUTH HARBOUR STREET AYR,S01012480,Developable - Short Term,233266,622491,Private Port Company,Not applicable (i.e. only one owner),1996-2000,Other General Industry,0.25,Vacant Land,S12000028,ec28bd2c-09cd-423c-b6c4-4cc8d18010a4,2025-11-30,2689
pub_vdl.2809,South Ayrshire,,H35,GARDENSIDE MAYBOLE,S01012436,Developable - Undetermined,229715,609858,Ownership unknown,Not applicable (i.e. only one owner),1981-1985,Agriculture,1.36,Derelict,S12000028,ec28bd2c-09cd-423c-b6c4-4cc8d18010a4,2025-11-30,2704
pub_vdl.2817,South Lanarkshire,,8370045,STATION ROAD LAW,S01012597,Developable - Undetermined,282461,652878,Ownership unknown,Not applicable (i.e. only one owner),1981-1985,Transport,0.37,Derelict,S12000029,4cf4f231-9ae8-4dbd-9503-7e1cd53a5b86,2025-11-30,2782
pub_vdl.2828,South Lanarkshire,SITE TO REAR,8370164,STEWART STREET CARLUKE,S01012603,Developable - Undetermined,284476,651462,Ownership unknown,Not applicable (i.e. only one owner),1986-1990,Unknown,0.51,Derelict,S12000029,4cf4f231-9ae8-4dbd-9503-7e1cd53a5b86,2025-11-30,2800
pub_vdl.2810,South Ayrshire,,H38,GRANGEMUIR ROAD PRESTWICK,S01012520,Developable - Undetermined,234650,625480,Other Private,Not applicable (i.e. only one owner),1981-1985,Unknown,0.59,Vacant Land,S12000028,ec28bd2c-09cd-423c-b6c4-4cc8d18010a4,2025-11-30,2702
pub_vdl.2811,South Ayrshire,,H52,SOUTH HARBOUR ST AYR,S01012481,Developable - Undetermined,233450,622240,Ownership unknown,Not applicable (i.e. only one owner),1981-1985,Unknown,0.34,Derelict,S12000028,ec28bd2c-09cd-423c-b6c4-4cc8d18010a4,2025-11-30,2699
pub_vdl.2812,South Ayrshire,,I139,MONUMENT CRESCENT PRESTWICK,S01012532,Developable - Medium Term,236670,626260,Scottish Enterprise,Not applicable (i.e. only one owner),1981-1985,Agriculture,8.61,Derelict,S12000028,ec28bd2c-09cd-423c-b6c4-4cc8d18010a4,2025-11-30,2700
pub_vdl.2813,South Ayrshire,,I236,MCCALLS AVENUE EAST AYR,S01012488,Developable - Medium Term,234505,622903,Ownership unknown,Not applicable (i.e. only one owner),1991-1995,Other General Industry,1.73,Derelict,S12000028,ec28bd2c-09cd-423c-b6c4-4cc8d18010a4,2025-11-30,2686
pub_vdl.2815,South Ayrshire,,PRI12,AFFLECKS AYR,S01012481,Developable - Undetermined,233730,622010,Local Authority,Not applicable (i.e. only one owner),1996-2000,Offices,0.2,Derelict,S12000028,ec28bd2c-09cd-423c-b6c4-4cc8d18010a4,2025-11-30,2683
pub_vdl.2816,South Lanarkshire,AUCHLOCAN BING,8370020,COALBURN ROAD COALBURN,S01012641,Uneconomic to Develop/Soft End Use,281514,636264,Other Private,Not applicable (i.e. only one owner),1986-1990,Mineral Activity,9.19,Derelict,S12000029,4cf4f231-9ae8-4dbd-9503-7e1cd53a5b86,2025-11-30,2759
pub_vdl.2867,South Lanarkshire,,8375341,VERE ROAD KIRKMUIRHILL,S01012650,Developable - Undetermined,279319,642886,Other Private,Not applicable (i.e. only one owner),2018,Storage,0.22,Derelict,S12000029,4cf4f231-9ae8-4dbd-9503-7e1cd53a5b86,2025-11-30,2878
pub_vdl.2818,South Lanarkshire,POWELL STREET,8370048,PONFEIGH STATION DOUGLAS WATER,S01012640,Uneconomic to Develop/Soft End Use,287434,636458,Ownership unknown,Not applicable (i.e. only one owner),1981-1985,Mineral Activity,1.4,Derelict,S12000029,4cf4f231-9ae8-4dbd-9503-7e1cd53a5b86,2025-11-30,2850
pub_vdl.2819,South Lanarkshire,,8370050,MELVILLE PLACE CARLUKE,S01012603,Developable - Undetermined,284447,650972,Ownership unknown,Not applicable (i.e. only one owner),1981-1985,Unknown,0.28,Derelict,S12000029,4cf4f231-9ae8-4dbd-9503-7e1cd53a5b86,2025-11-30,2783
pub_vdl.2820,South Lanarkshire,BELLFIELD BING,8370052,EAST COALBURN COALBURN,S01012641,Developable - Undetermined,281687,634991,Other Private,Not applicable (i.e. only one owner),1981-1985,Mineral Activity,7.42,Derelict,S12000029,4cf4f231-9ae8-4dbd-9503-7e1cd53a5b86,2025-11-30,2784
pub_vdl.2821,South Lanarkshire,,8370057,GALLOWHILL LANARK,S01012619,Developable - Undetermined,288316,643970,Local Authority,Other Private,1981-1985,Mineral Activity,0.28,Derelict,S12000029,4cf4f231-9ae8-4dbd-9503-7e1cd53a5b86,2025-11-30,2794
pub_vdl.2822,South Lanarkshire,,8370060,MANSE ROAD FORTH,S01012591,Developable - Undetermined,294568,653799,Ownership unknown,Not applicable (i.e. only one owner),1981-1985,Manufacturing,0.99,Derelict,S12000029,4cf4f231-9ae8-4dbd-9503-7e1cd53a5b86,2025-11-30,2795
pub_vdl.2827,South Lanarkshire,,8370162,CARNWATH ROAD CARLUKE,S01012610,Developable - Undetermined,285431,650421,Local Authority,Not applicable (i.e. only one owner),1981-1985,Other,0.29,Derelict,S12000029,4cf4f231-9ae8-4dbd-9503-7e1cd53a5b86,2025-11-30,2799
pub_vdl.2993,Stirling,KH PARSONS WORKSHOP,VD0200,SPINNERS STREET BALFRON,S01013012,Developable - Medium Term,254777,688640,Other Private,Not applicable (i.e. only one owner),Unknown,Transport,0.28,Vacant Land and Buildings,S12000030,dd28664f-14da-4932-ac1c-264210f9e1a0,2024-09-04,81
pub_vdl.2823,South Lanarkshire,COAL BING,8370098,COALBURN ROAD COALBURN,S01012641,Uneconomic to Develop/Soft End Use,281425,635801,Other Private,Not applicable (i.e. only one owner),1986-1990,Mineral Activity,6.6,Derelict,S12000029,4cf4f231-9ae8-4dbd-9503-7e1cd53a5b86,2025-11-30,2796
pub_vdl.2824,South Lanarkshire,RAILWAY CUTTING,8370113,KELSO AVENUE LESMAHAGOW,S01012642,Uneconomic to Develop/Soft End Use,281827,638847,Local Authority,Not applicable (i.e. only one owner),1981-1985,Transport,0.36,Derelict,S12000029,4cf4f231-9ae8-4dbd-9503-7e1cd53a5b86,2025-11-30,2797
pub_vdl.2825,South Lanarkshire,,8375385,OFF MAIN STREET FORTH,S01012591,Developable - Undetermined,294229,653956,Unknown Private,Not applicable (i.e. only one owner),2022,Other General Industry,0.44,Vacant Land,S12000029,4cf4f231-9ae8-4dbd-9503-7e1cd53a5b86,2025-11-30,2915
pub_vdl.2826,South Lanarkshire,LESMAHAGOW IE,8370138,BALGRAY ROAD LESMAHAGOW,S01012641,Developable - Undetermined,281944,638471,Ownership unknown,Not applicable (i.e. only one owner),1981-1985,Unknown,0.47,Vacant Land,S12000029,4cf4f231-9ae8-4dbd-9503-7e1cd53a5b86,2025-11-30,2798
pub_vdl.2829,South Lanarkshire,RAILWAY LAND,8370176,BELLFIELD RD COALBURN,S01012641,Uneconomic to Develop/Soft End Use,281208,634610,Ownership unknown,Not applicable (i.e. only one owner),1981-1985,Transport,0.29,Derelict,S12000029,4cf4f231-9ae8-4dbd-9503-7e1cd53a5b86,2025-11-30,2801
pub_vdl.2830,South Lanarkshire,BING,8370183,GOREMIRE ROAD CARLUKE,S01012617,Developable - Undetermined,285386,649356,Ownership unknown,Not applicable (i.e. only one owner),1981-1985,Mineral Activity,3.37,Derelict,S12000029,4cf4f231-9ae8-4dbd-9503-7e1cd53a5b86,2025-11-30,2802
pub_vdl.2831,South Lanarkshire,RAILWAY YARD,8370248,CALEDONIAN AVENU CRAWFORD,S01012570,Developable - Undetermined,295685,620776,Ownership unknown,Not applicable (i.e. only one owner),1986-1990,Transport,0.44,Derelict,S12000029,4cf4f231-9ae8-4dbd-9503-7e1cd53a5b86,2025-11-30,2803
pub_vdl.2837,South Lanarkshire,,8370296,DELVES ROAD LANARK,S01012630,Developable - Undetermined,288213,643478,Local Authority,Not applicable (i.e. only one owner),1991-1995,Unknown,0.14,Vacant Land,S12000029,4cf4f231-9ae8-4dbd-9503-7e1cd53a5b86,2025-11-30,2770
pub_vdl.2832,South Lanarkshire,MILTON TILE WKS,8370252,MILTON COTTAGES CARLUKE,S01012616,Uneconomic to Develop/Soft End Use,284039,649640,Other Private,Not applicable (i.e. only one owner),1986-1990,Manufacturing,4.51,Derelict,S12000029,4cf4f231-9ae8-4dbd-9503-7e1cd53a5b86,2025-11-30,2805
pub_vdl.2838,South Lanarkshire,SITE 1,8375192,ANGUS TERRACE DOUGLAS,S01012637,Developable - Undetermined,283878,630144,Other Private,Not applicable (i.e. only one owner),2009,Manufacturing,0.33,Derelict,S12000029,4cf4f231-9ae8-4dbd-9503-7e1cd53a5b86,2025-11-30,2792
pub_vdl.2839,South Lanarkshire,STATION HOTEL,8375029,MIDDLEMUIR ROAD COALBURN,S01012639,Developable - Undetermined,281092,634523,Other Private,Not applicable (i.e. only one owner),1996-2000,"Residential - Hotels, Hostels etc",0.31,Vacant Land,S12000029,4cf4f231-9ae8-4dbd-9503-7e1cd53a5b86,2025-11-30,2809
pub_vdl.2834,South Lanarkshire,FORMER TIP,8370264,SHAWGILL FARM LAW,S01012592,Uneconomic to Develop/Soft End Use,280875,652169,Ownership unknown,Not applicable (i.e. only one owner),1980 or earlier,Community & Health,11.1,Derelict,S12000029,4cf4f231-9ae8-4dbd-9503-7e1cd53a5b86,2025-11-30,2806
pub_vdl.2835,South Lanarkshire,ADJ TO RAILWAY,8370269,BIGGAR ROAD SYMINGTON,S01012574,Developable - Undetermined,299200,635849,Other Private,Not applicable (i.e. only one owner),1986-1990,Other,1.95,Derelict,S12000029,4cf4f231-9ae8-4dbd-9503-7e1cd53a5b86,2025-11-30,2807
pub_vdl.2836,South Lanarkshire,GLAIKHEAD,8370278,COALBURN ROAD COALBURN,S01012641,Uneconomic to Develop/Soft End Use,281298,636336,Ownership unknown,Not applicable (i.e. only one owner),1991-1995,Mineral Activity,3.27,Derelict,S12000029,4cf4f231-9ae8-4dbd-9503-7e1cd53a5b86,2025-11-30,2808
pub_vdl.2840,South Lanarkshire,FORMER WORKS,8375050,JERVISWOOD ROAD LANARK,S01012635,Developable - Medium Term,288524,645158,Other Private,Not applicable (i.e. only one owner),Unknown,Other General Industry,1.84,Derelict,S12000029,4cf4f231-9ae8-4dbd-9503-7e1cd53a5b86,2025-11-30,2810
pub_vdl.2907,South Lanarkshire,,8440940,NEWTON BRAE NEWTON,S01012828,Developable - Undetermined,267001,660587,Other Private,Not applicable (i.e. only one owner),1981-1985,Unknown,0.18,Derelict,S12000029,4cf4f231-9ae8-4dbd-9503-7e1cd53a5b86,2025-11-30,2817
pub_vdl.2833,South Lanarkshire,TARBRAX BING,8370249,TARBRAX ROAD TARBRAX,S01012588,Uneconomic to Develop/Soft End Use,302359,655737,Other Private,Not applicable (i.e. only one owner),1986-1990,Mineral Activity,19.49,Derelict,S12000029,4cf4f231-9ae8-4dbd-9503-7e1cd53a5b86,2025-11-30,2804
pub_vdl.2841,South Lanarkshire,ST MARYS HOSPITA,8375093,A743 LANARK,S01012635,Developable - Undetermined,289740,644131,Other Private,Not applicable (i.e. only one owner),2001-2004,Community & Health,3.69,Vacant Land,S12000029,4cf4f231-9ae8-4dbd-9503-7e1cd53a5b86,2025-11-30,2811
pub_vdl.2842,South Lanarkshire,SOCIAL CLUB,8375094,STUART TERRACE RIGSIDE,S01012640,Developable - Undetermined,288195,635293,Ownership unknown,Not applicable (i.e. only one owner),2001-2004,Recreation & Leisure,0.29,Derelict,S12000029,4cf4f231-9ae8-4dbd-9503-7e1cd53a5b86,2025-11-30,2812
pub_vdl.2843,South Lanarkshire,,8375122,142 MAIN STREET CARNWATH,S01012585,Developable - Medium Term,298271,646446,Ownership unknown,Not applicable (i.e. only one owner),Unknown,Other General Industry,0.19,Derelict,S12000029,4cf4f231-9ae8-4dbd-9503-7e1cd53a5b86,2025-11-30,2793
pub_vdl.2844,South Lanarkshire,,8375141,JERVISWOOD ROAD LANARK,S01012635,Developable - Undetermined,288615,645228,Other Private,Not applicable (i.e. only one owner),2006,Agriculture,0.29,Derelict,S12000029,4cf4f231-9ae8-4dbd-9503-7e1cd53a5b86,2025-11-30,2813
pub_vdl.2845,South Lanarkshire,,8375152,AIRDRIE ROAD CARLUKE,S01012603,Developable - Undetermined,284438,651396,Other Private,Not applicable (i.e. only one owner),2007,Other General Industry,0.73,Vacant Land,S12000029,4cf4f231-9ae8-4dbd-9503-7e1cd53a5b86,2025-11-30,2814
pub_vdl.2846,South Lanarkshire,,8375221,BALGRAY ROAD LESMAHAGOW,S01012641,Developable - Undetermined,281828,638623,Local Authority,Not applicable (i.e. only one owner),Unknown,Passive Open Space,0.68,Vacant Land,S12000029,4cf4f231-9ae8-4dbd-9503-7e1cd53a5b86,2025-11-30,2835
pub_vdl.2847,South Lanarkshire,FORMER SAWMILL,8375153,BRAEHEAD PLACE COALBURN,S01012639,Developable - Undetermined,281091,634350,Other Private,Not applicable (i.e. only one owner),Unknown,Forestry/Woodland,2.13,Vacant Land,S12000029,4cf4f231-9ae8-4dbd-9503-7e1cd53a5b86,2025-11-30,2771
pub_vdl.2854,South Lanarkshire,PLOT 2,8375247,SOUTH FAULDS RD LANARK CALDWELLSIDE IE,S01012628,Developable - Medium Term,290033,644019,Other Private,Not applicable (i.e. only one owner),Unknown,Unknown,0.55,Vacant Land,S12000029,4cf4f231-9ae8-4dbd-9503-7e1cd53a5b86,2025-11-30,2838
pub_vdl.2848,South Lanarkshire,LAW HOSPITAL,8375173,EAST OF LAW LAW,S01012592,Developable - Undetermined,283685,653270,Health Boards,Other Private,2001-2004,Community & Health,28.25,Derelict,S12000029,4cf4f231-9ae8-4dbd-9503-7e1cd53a5b86,2025-11-30,2774
pub_vdl.2849,South Lanarkshire,BUSINESS PARK,8375187,MARKET ROAD BIGGAR,S01012576,Developable - Medium Term,304076,637510,Other Private,Not applicable (i.e. only one owner),Unknown,Agriculture,0.44,Vacant Land,S12000029,4cf4f231-9ae8-4dbd-9503-7e1cd53a5b86,2025-11-30,2788
pub_vdl.2850,South Lanarkshire,,8375188,LANARK ROAD BRAIDWOOD,S01012616,Developable - Undetermined,284935,648564,Other Private,Not applicable (i.e. only one owner),Unknown,Other General Industry,0.79,Derelict,S12000029,4cf4f231-9ae8-4dbd-9503-7e1cd53a5b86,2025-11-30,2789
pub_vdl.2851,South Lanarkshire,,8375189,SKYLAW TERRACE FORTH,S01012591,Developable - Medium Term,294417,653946,Ownership unknown,Not applicable (i.e. only one owner),2009,Residential - Housing,0.22,Vacant Land,S12000029,4cf4f231-9ae8-4dbd-9503-7e1cd53a5b86,2025-11-30,2790
pub_vdl.2852,South Lanarkshire,,8375190,WOODEND ROAD CARLUKE,S01012618,Developable - Undetermined,285421,650746,Ownership unknown,Not applicable (i.e. only one owner),2009,Education,0.28,Vacant Land,S12000029,4cf4f231-9ae8-4dbd-9503-7e1cd53a5b86,2025-11-30,2791
pub_vdl.2853,South Lanarkshire,RAILWAY LAND,8375245,STATION ROW LAW,S01012597,Developable - Undetermined,282558,652795,Network Rail/ Rail Franchise Holder,Not applicable (i.e. only one owner),2011,Wholesale Distribution,0.64,Vacant Land and Buildings,S12000029,4cf4f231-9ae8-4dbd-9503-7e1cd53a5b86,2025-11-30,2837
pub_vdl.2855,South Lanarkshire,,8375256,136 MAIN STREET CARNWATH,S01012585,Developable - Undetermined,298237,646439,Other Private,Not applicable (i.e. only one owner),2012,Other,0.22,Derelict,S12000029,4cf4f231-9ae8-4dbd-9503-7e1cd53a5b86,2025-11-30,2840
pub_vdl.2856,South Lanarkshire,ADJ 19 LANARK RD,8375292,LANARK ROAD BRAIDWOOD,S01012616,Developable - Undetermined,285021,648776,Other Private,Not applicable (i.e. only one owner),Unknown,Agriculture,0.2,Derelict,S12000029,4cf4f231-9ae8-4dbd-9503-7e1cd53a5b86,2025-11-30,2847
pub_vdl.2857,South Lanarkshire,,8375293,GEORGE PAUL LANE CARNWATH,S01012584,Developable - Short Term,298501,646202,Other Private,Not applicable (i.e. only one owner),2013,Residential - Housing,0.49,Derelict,S12000029,4cf4f231-9ae8-4dbd-9503-7e1cd53a5b86,2025-11-30,2848
pub_vdl.2863,South Lanarkshire,,8375308,MANSE ROAD COALBURN,S01012639,Developable - Medium Term,281174,634795,Other Private,Not applicable (i.e. only one owner),Unknown,Residential - Housing,0.41,Vacant Land,S12000029,4cf4f231-9ae8-4dbd-9503-7e1cd53a5b86,2025-11-30,2857
pub_vdl.2858,South Lanarkshire,PLOT 1A,8375294,SOUTH FAULDS RD LANARK CALDWELLSIDE IE,S01012628,Developable - Medium Term,290034,643894,Local Authority,Not applicable (i.e. only one owner),Unknown,Unknown,1.14,Vacant Land,S12000029,4cf4f231-9ae8-4dbd-9503-7e1cd53a5b86,2025-11-30,2845
pub_vdl.2859,South Lanarkshire,FORMER HALL,8375332,STRAWFANK ROAD CARSTAIRS JUNCT,S01012581,Developable - Medium Term,295530,645159,Unknown Private,Not applicable (i.e. only one owner),2017,Community & Health,0.22,Derelict,S12000029,4cf4f231-9ae8-4dbd-9503-7e1cd53a5b86,2025-11-30,2877
pub_vdl.2860,South Lanarkshire,PLOT 1B,8375295,SOUTH FAULDS RD LANARK CALDWELLSIDE IE,S01012628,Developable - Medium Term,290056,643794,Local Authority,Not applicable (i.e. only one owner),Unknown,Unknown,0.34,Vacant Land,S12000029,4cf4f231-9ae8-4dbd-9503-7e1cd53a5b86,2025-11-30,2846
pub_vdl.2861,South Lanarkshire,SITE 2,8375297,ANGUS TERRACE DOUGLAS,S01012637,Developable - Undetermined,283807,630062,Other Private,Not applicable (i.e. only one owner),2013,Manufacturing,0.82,Derelict,S12000029,4cf4f231-9ae8-4dbd-9503-7e1cd53a5b86,2025-11-30,2849
pub_vdl.2862,South Lanarkshire,SITE 3,8375307,ANGUS TERRACE DOUGLAS,S01012637,Developable - Undetermined,283722,629983,Other Private,Not applicable (i.e. only one owner),2014,Manufacturing,0.54,Derelict,S12000029,4cf4f231-9ae8-4dbd-9503-7e1cd53a5b86,2025-11-30,2858
pub_vdl.2864,South Lanarkshire,DALQUHANDY,8375319,MIDDLEMUIR ROAD COALBURN,S01012695,Developable - Undetermined,280994,634233,Other Private,Not applicable (i.e. only one owner),2015,Offices,1.42,Derelict,S12000029,4cf4f231-9ae8-4dbd-9503-7e1cd53a5b86,2025-11-30,2864
pub_vdl.2865,South Lanarkshire,,8375321,OFF CARLISLE RD CRAWFORD,S01012570,Developable - Undetermined,295738,620684,Other Private,Not applicable (i.e. only one owner),2015,Storage,0.45,Vacant Land,S12000029,4cf4f231-9ae8-4dbd-9503-7e1cd53a5b86,2025-11-30,2863
pub_vdl.2866,South Lanarkshire,WINSTON BARRACKS,8375333,OFF A70 LANARK,S01012628,Developable - Undetermined,291358,642367,Other Private,Not applicable (i.e. only one owner),Unknown,Defence,3.14,Derelict,S12000029,4cf4f231-9ae8-4dbd-9503-7e1cd53a5b86,2025-11-30,2875
pub_vdl.2868,South Lanarkshire,,8375342,STUART TERRACE RIGSIDE,S01012640,Developable - Undetermined,288026,635327,Local Authority,Not applicable (i.e. only one owner),2018,Residential - Housing,0.34,Vacant Land,S12000029,4cf4f231-9ae8-4dbd-9503-7e1cd53a5b86,2025-11-30,2879
pub_vdl.2869,South Lanarkshire,FORMER SAWMILL,8375352,WHITELEES ROAD LANARK,S01012628,Uneconomic to Develop/Soft End Use,289974,643617,Other Private,Not applicable (i.e. only one owner),Unknown,Other General Industry,1.05,Derelict,S12000029,4cf4f231-9ae8-4dbd-9503-7e1cd53a5b86,2025-11-30,2891
pub_vdl.2870,South Lanarkshire,VACANT LAND,8375364,SANDY ROAD CARLUKE,S01012602,Developable - Undetermined,284552,651002,Other Private,Not applicable (i.e. only one owner),Unknown,Unknown,0.12,Vacant Land,S12000029,4cf4f231-9ae8-4dbd-9503-7e1cd53a5b86,2025-11-30,2897
pub_vdl.2889,South Lanarkshire,,8425318,ORBITAL COURT EAST KILBRIDE,S01012950,Developable - Undetermined,260126,653921,Other Private,Not applicable (i.e. only one owner),Unknown,Other General Industry,0.16,Vacant Land,S12000029,4cf4f231-9ae8-4dbd-9503-7e1cd53a5b86,2025-11-30,2865
pub_vdl.2871,South Lanarkshire,RAILWAY LAND,8375374,STATION ROAD LAW,S01012592,Developable - Undetermined,282703,652674,Network Rail/ Rail Franchise Holder,Not applicable (i.e. only one owner),Unknown,Transport,1.4,Vacant Land,S12000029,4cf4f231-9ae8-4dbd-9503-7e1cd53a5b86,2025-11-30,2906
pub_vdl.2872,South Lanarkshire,FORMER GLASSHOUSES,8375383,LANARK ROAD BRAIDWOOD,S01012616,Developable - Undetermined,285088,648941,Unknown Private,Not applicable (i.e. only one owner),2022,Agriculture,1.5,Vacant Land,S12000029,4cf4f231-9ae8-4dbd-9503-7e1cd53a5b86,2025-11-30,2918
pub_vdl.2873,South Lanarkshire,,8375386,MIDFIELD ROAD COALBURN,S01012639,Developable - Undetermined,281536,634541,Local Authority,Not applicable (i.e. only one owner),2013,Residential - Housing,0.91,Vacant Land,S12000029,4cf4f231-9ae8-4dbd-9503-7e1cd53a5b86,2025-11-30,2920
pub_vdl.2874,South Lanarkshire,ADJ HIGH MILL,8376142,CHAPEL STREET CARLUKE,S01012610,Developable - Medium Term,284943,650780,Other Private,Not applicable (i.e. only one owner),1981-1985,Agriculture,0.19,Derelict,S12000029,4cf4f231-9ae8-4dbd-9503-7e1cd53a5b86,2025-11-30,2904
pub_vdl.2875,South Lanarkshire,SITE 2,8379001,BIGGAR BUSINESS BIGGAR,S01012576,Developable - Undetermined,304120,637575,Unknown Private,Not applicable (i.e. only one owner),Unknown,Agriculture,0.31,Vacant Land,S12000029,4cf4f231-9ae8-4dbd-9503-7e1cd53a5b86,2025-11-30,2876
pub_vdl.2876,South Lanarkshire,,8425023,STROUD ROAD EAST KILBRIDE,S01012998,Developable - Undetermined,263767,652806,Other Private,Not applicable (i.e. only one owner),Unknown,Unknown,0.46,Vacant Land,S12000029,4cf4f231-9ae8-4dbd-9503-7e1cd53a5b86,2025-11-30,2760
pub_vdl.2877,South Lanarkshire,PLOT 12,8425070,SE TECH PARK EAST KILBRIDE,S01012998,Developable - Medium Term,263925,653381,Scottish Enterprise,Other National/Local Government,1996-2000,Other General Industry,0.94,Vacant Land,S12000029,4cf4f231-9ae8-4dbd-9503-7e1cd53a5b86,2025-11-30,2763
pub_vdl.2878,South Lanarkshire,PLOT 21,8425071,SE TECH PARK EAST KILBRIDE,S01012998,Developable - Medium Term,263936,653480,Scottish Enterprise,Other National/Local Government,1996-2000,Other General Industry,0.58,Vacant Land,S12000029,4cf4f231-9ae8-4dbd-9503-7e1cd53a5b86,2025-11-30,2815
pub_vdl.2879,South Lanarkshire,COUNCIL YARD,8425126,PEEL PARK PLACE EAST KILBRIDE,S01012945,Developable - Short Term,260696,654438,Local Authority,Not applicable (i.e. only one owner),2001-2004,Other General Industry,0.2,Vacant Land,S12000029,4cf4f231-9ae8-4dbd-9503-7e1cd53a5b86,2025-11-30,2768
pub_vdl.2884,South Lanarkshire,LABURNUM HOUSE,8425229,LABURNUM AVENUE EAST KILBRIDE,S01012979,Developable - Medium Term,262279,652744,Other Private,Not applicable (i.e. only one owner),Unknown,Community & Health,0.51,Vacant Land,S12000029,4cf4f231-9ae8-4dbd-9503-7e1cd53a5b86,2025-11-30,2834
pub_vdl.2880,South Lanarkshire,SETP,8425128,REYNOLDS AVENUE EAST KILBRIDE,S01012998,Developable - Medium Term,264459,653396,Other Private,Not applicable (i.e. only one owner),2001-2004,Other General Industry,0.76,Vacant Land,S12000029,4cf4f231-9ae8-4dbd-9503-7e1cd53a5b86,2025-11-30,2769
pub_vdl.2881,South Lanarkshire,SETP,8425145,JAMES WATT AVENU EAST KILBRIDE,S01012998,Developable - Medium Term,263988,653568,Other Private,Not applicable (i.e. only one owner),2007,Other General Industry,0.57,Vacant Land,S12000029,4cf4f231-9ae8-4dbd-9503-7e1cd53a5b86,2025-11-30,2816
pub_vdl.2882,South Lanarkshire,FORMER GARAGE,8425185,GLASGOW ROAD CHAPELTON,S01012698,Developable - Medium Term,268160,648451,Other Private,Not applicable (i.e. only one owner),2008,Other,0.32,Derelict,S12000029,4cf4f231-9ae8-4dbd-9503-7e1cd53a5b86,2025-11-30,2778
pub_vdl.2883,South Lanarkshire,,8425186,LAW PLACE EAST KILBRIDE,S01012900,Developable - Undetermined,263662,655935,Other Private,Not applicable (i.e. only one owner),Unknown,Other General Industry,4.25,Derelict,S12000029,4cf4f231-9ae8-4dbd-9503-7e1cd53a5b86,2025-11-30,2781
pub_vdl.2885,South Lanarkshire,SETP,8425259,RANKINE AVENUE EAST KILBRIDE,S01012998,Developable - Medium Term,264270,653338,Ownership unknown,Not applicable (i.e. only one owner),2012,Other General Industry,0.26,Vacant Land,S12000029,4cf4f231-9ae8-4dbd-9503-7e1cd53a5b86,2025-11-30,2921
pub_vdl.2886,South Lanarkshire,STUART HOTEL,8425289,CORNWALL WAY EAST KILBRIDE,S01012928,Developable - Medium Term,263615,654155,Other Private,Not applicable (i.e. only one owner),2013,Residential - Housing,0.14,Vacant Land,S12000029,4cf4f231-9ae8-4dbd-9503-7e1cd53a5b86,2025-11-30,2851
pub_vdl.2887,South Lanarkshire,FORMER FREESCALE,8425304,SINGER ROAD EAST KILBRIDE,S01012998,Developable - Medium Term,264066,652662,Other Private,Not applicable (i.e. only one owner),2014,Manufacturing,10.19,Vacant Land,S12000029,4cf4f231-9ae8-4dbd-9503-7e1cd53a5b86,2025-11-30,2859
pub_vdl.2888,South Lanarkshire,FORMER HUNTER PS,8425315,CALDERWOOD ROAD EAST KILBRIDE,S01012922,Developable - Medium Term,265057,654978,Local Authority,Not applicable (i.e. only one owner),2015,Education,0.82,Vacant Land,S12000029,4cf4f231-9ae8-4dbd-9503-7e1cd53a5b86,2025-11-30,2866
pub_vdl.2890,South Lanarkshire,SHAWFIELD 4,8445301,MILLCROFT ROAD RUTHERGLEN,S01012864,Developable - Medium Term,260818,662677,Urban Regeneration Company,Not applicable (i.e. only one owner),2014,Other General Industry,1.34,Vacant Land,S12000029,4cf4f231-9ae8-4dbd-9503-7e1cd53a5b86,2025-11-30,2871
pub_vdl.2891,South Lanarkshire,,8425343,2 COLVILLES ROAD EAST KILBRIDE,S01012998,Developable - Medium Term,264343,652710,Other Private,Not applicable (i.e. only one owner),2018,Other General Industry,2.01,Vacant Land,S12000029,4cf4f231-9ae8-4dbd-9503-7e1cd53a5b86,2025-11-30,2885
pub_vdl.2892,South Lanarkshire,,8425344,LINWOOD AVENUE EAST KILBRIDE,S01012945,Developable - Undetermined,261015,654757,Other Private,Not applicable (i.e. only one owner),2018,Other General Industry,0.99,Vacant Land,S12000029,4cf4f231-9ae8-4dbd-9503-7e1cd53a5b86,2025-11-30,2884
pub_vdl.2893,South Lanarkshire,,8425362,MAVOR AVENUE EAST KILBRIDE,S01012900,Developable - Medium Term,264154,655813,Other Private,Not applicable (i.e. only one owner),2019,Other General Industry,0.34,Vacant Land,S12000029,4cf4f231-9ae8-4dbd-9503-7e1cd53a5b86,2025-11-30,2894
pub_vdl.2894,South Lanarkshire,,8425365,NASMYTH AVENUE EAST KILBRIDE,S01012998,Developable - Undetermined,263989,653416,Other Private,Not applicable (i.e. only one owner),2020,Other General Industry,0.12,Vacant Land,S12000029,4cf4f231-9ae8-4dbd-9503-7e1cd53a5b86,2025-11-30,2898
pub_vdl.2895,South Lanarkshire,FORMER LOCKUPS,8425366,BOSFIELD CORNER EAST KILBRIDE,S01012915,Developable - Short Term,263992,655389,Housing Association,Not applicable (i.e. only one owner),2020,Residential - Housing,0.15,Vacant Land,S12000029,4cf4f231-9ae8-4dbd-9503-7e1cd53a5b86,2025-11-30,2899
pub_vdl.2922,South Lanarkshire,,8445243,FERNHILL ROAD RUTHERGLEN,S01012893,Developable - Undetermined,261825,659505,Local Authority,Not applicable (i.e. only one owner),2009,Recreation & Leisure,0.48,Vacant Land,S12000029,4cf4f231-9ae8-4dbd-9503-7e1cd53a5b86,2025-11-30,2855
pub_vdl.3121,West Lothian,NELLBURN,LV2201,DEANS SOUTH ROAD LIVINGSTON,S01013342,Developable - Short Term,302709,668614,Local Authority,Not applicable (i.e. only one owner),Unknown,Unknown,0.19,Vacant Land,S12000040,46d17afe-3764-45c5-869e-1bbd24b0eb8b,2025-11-30,2969
pub_vdl.2896,South Lanarkshire,SITE B,8425376,LANGLANDS WEST EAST KILBRIDE,S01012970,Developable - Medium Term,262816,651787,Local Authority,Not applicable (i.e. only one owner),2022,Prepared Ground,11,Vacant Land,S12000029,4cf4f231-9ae8-4dbd-9503-7e1cd53a5b86,2025-11-30,2911
pub_vdl.2897,South Lanarkshire,,8455312,STRUTHERHILL LARKHALL,S01012665,Developable - Medium Term,277091,649951,Other Private,Not applicable (i.e. only one owner),1981-1985,Unknown,0.33,Vacant Land,S12000029,4cf4f231-9ae8-4dbd-9503-7e1cd53a5b86,2025-11-30,2856
pub_vdl.2902,South Lanarkshire,,8445302,SOUTHCROFT ROAD RUTHERGLEN,S01012864,Developable - Medium Term,260511,662424,Other Private,Not applicable (i.e. only one owner),1991-1995,Other,1.59,Derelict,S12000029,4cf4f231-9ae8-4dbd-9503-7e1cd53a5b86,2025-11-30,2860
pub_vdl.2903,South Lanarkshire,NETHERBURN PS,8455314,DRAFFAN ROAD NETHERBURN,S01012653,Developable - Undetermined,279933,647397,Local Authority,Not applicable (i.e. only one owner),2015,Education,0.42,Vacant Land,S12000029,4cf4f231-9ae8-4dbd-9503-7e1cd53a5b86,2025-11-30,2867
pub_vdl.3012,Stirling,ORCHARD HOUSE,VD0262,BACK O'HILL ROAD STIRLING,S01013071,Developable - Short Term,279547,694426,Other non-Crown,Not applicable (i.e. only one owner),2014,Community & Health,0.55,Derelict,S12000030,dd28664f-14da-4932-ac1c-264210f9e1a0,2024-09-04,101
pub_vdl.2898,South Lanarkshire,SITE A,8425377,LANGLANDS WEST EAST KILBRIDE,S01012895,Developable - Medium Term,263398,651825,Local Authority,Not applicable (i.e. only one owner),2022,Prepared Ground,14.4,Vacant Land,S12000029,4cf4f231-9ae8-4dbd-9503-7e1cd53a5b86,2025-11-30,2912
pub_vdl.2899,South Lanarkshire,,8425389,SPRINGFIELD PARK EAST KILBRIDE,S01012943,Developable - Medium Term,261840,654642,Local Authority,Not applicable (i.e. only one owner),Unknown,Passive Open Space,0.26,Vacant Land,S12000029,4cf4f231-9ae8-4dbd-9503-7e1cd53a5b86,2025-11-30,2924
pub_vdl.2900,South Lanarkshire,,8425390,REDWOOD AVENUE EAST KILBRIDE,S01012950,Developable - Undetermined,260230,654146,Other Private,Not applicable (i.e. only one owner),Unknown,Other General Industry,0.4,Vacant Land,S12000029,4cf4f231-9ae8-4dbd-9503-7e1cd53a5b86,2025-11-30,2923
pub_vdl.2923,South Lanarkshire,ADJ TO 110 GLASG,8445261,GLASGOW ROAD RUTHERGLEN,S01012864,Developable - Undetermined,260894,662201,Other Private,Not applicable (i.e. only one owner),2012,Storage,0.32,Derelict,S12000029,4cf4f231-9ae8-4dbd-9503-7e1cd53a5b86,2025-11-30,2841
pub_vdl.2924,South Lanarkshire,SITE 2,8445262,SOUTHCROFT RD RUTHERGLEN,S01012864,Developable - Medium Term,260673,662159,Ownership unknown,Not applicable (i.e. only one owner),1991-1995,Unknown,0.31,Vacant Land,S12000029,4cf4f231-9ae8-4dbd-9503-7e1cd53a5b86,2025-11-30,2842
pub_vdl.2901,South Lanarkshire,FORMER RAIL LINE EAST,8425391,LESMAHAGOW ROAD STRATHAVEN,S01012684,Uneconomic to Develop/Soft End Use,270476,644356,Local Authority,Not applicable (i.e. only one owner),Unknown,Transport,0.82,Vacant Land,S12000029,4cf4f231-9ae8-4dbd-9503-7e1cd53a5b86,2025-11-30,2926
pub_vdl.2904,South Lanarkshire,FORMER RAIL LINE WEST,8425392,STATION ROAD STRATHAVEN,S01012686,Uneconomic to Develop/Soft End Use,270063,644138,Local Authority,Not applicable (i.e. only one owner),Unknown,Transport,2.52,Vacant Land,S12000029,4cf4f231-9ae8-4dbd-9503-7e1cd53a5b86,2025-11-30,2927
pub_vdl.2925,South Lanarkshire,SITE 1,8445263,SOUTHCROFT RD RUTHERGLEN,S01012864,Developable - Undetermined,260465,662257,Ownership unknown,Not applicable (i.e. only one owner),1991-1995,Unknown,0.53,Vacant Land,S12000029,4cf4f231-9ae8-4dbd-9503-7e1cd53a5b86,2025-11-30,2843
pub_vdl.2927,South Lanarkshire,SHAWFIELD 2,8445285,CLYDESIDE ROAD RUTHERGLEN,S01012864,Developable - Medium Term,260662,662855,Urban Regeneration Company,Not applicable (i.e. only one owner),2013,Other General Industry,1.12,Vacant Land,S12000029,4cf4f231-9ae8-4dbd-9503-7e1cd53a5b86,2025-11-30,2869
pub_vdl.2905,South Lanarkshire,RYELANDS GOODS YARD,8425393,GILMOURTON STRATHAVEN,S01012696,Developable - Undetermined,265184,639436,Other Private,Not applicable (i.e. only one owner),Unknown,Transport,7.6,Vacant Land,S12000029,4cf4f231-9ae8-4dbd-9503-7e1cd53a5b86,2025-11-30,2928
pub_vdl.2906,South Lanarkshire,NEWTON EAST BING,8440938,REDLAWOOD ROAD NEWTON,S01012820,Uneconomic to Develop/Soft End Use,267424,660863,Other Private,Not applicable (i.e. only one owner),1981-1985,Mineral Activity,7.57,Derelict,S12000029,4cf4f231-9ae8-4dbd-9503-7e1cd53a5b86,2025-11-30,2765
pub_vdl.2908,South Lanarkshire,,8440972,REDLAWOOD PLACE NEWTON,S01012828,Uneconomic to Develop/Soft End Use,267112,660750,Ownership unknown,Not applicable (i.e. only one owner),1981-1985,Unknown,0.22,Derelict,S12000029,4cf4f231-9ae8-4dbd-9503-7e1cd53a5b86,2025-11-30,2818
pub_vdl.2909,South Lanarkshire,BANKS OF CLYDE,8440976,GLASGOW ROAD RUTHERGLEN,S01012864,Uneconomic to Develop/Soft End Use,260933,662218,Urban Regeneration Company,Not applicable (i.e. only one owner),1981-1985,Manufacturing,1,Derelict,S12000029,4cf4f231-9ae8-4dbd-9503-7e1cd53a5b86,2025-11-30,2761
pub_vdl.2926,South Lanarkshire,SHAWFIELD 1,8445275,CLYDESIDE ROAD RUTHERGLEN,S01012864,Developable - Medium Term,260780,662830,Urban Regeneration Company,Not applicable (i.e. only one owner),2012,Other General Industry,1.38,Vacant Land,S12000029,4cf4f231-9ae8-4dbd-9503-7e1cd53a5b86,2025-11-30,2870
pub_vdl.2910,South Lanarkshire,,8441014,RUTHERGLEN ROAD RUTHERGLEN,S01012864,Uneconomic to Develop/Soft End Use,260560,662573,Urban Regeneration Company,Not applicable (i.e. only one owner),1981-1985,Unknown,0.33,Derelict,S12000029,4cf4f231-9ae8-4dbd-9503-7e1cd53a5b86,2025-11-30,2767
pub_vdl.2911,South Lanarkshire,CUNINGAR LOOP,8441094,CUNIGAR LOOP FARME CROSS,S01012859,Uneconomic to Develop/Soft End Use,262360,662649,Urban Regeneration Company,Not applicable (i.e. only one owner),1981-1985,Community & Health,3.53,Derelict,S12000029,4cf4f231-9ae8-4dbd-9503-7e1cd53a5b86,2025-11-30,2764
pub_vdl.3013,West Dunbartonshire,VACANT SITE CLYDEBANK IE,8360004,BEARDMORE WAY DALMUIR,S01013133,Developable - Medium Term,248028,670826,Other Private,Not applicable (i.e. only one owner),1986-1990,Community & Health,0.57,Derelict,S12000039,af18f63e-8691-432f-a124-f0971d344397,2024-01-31,31
pub_vdl.2912,South Lanarkshire,,8442091,CAMBUSLANG ROAD FARME CROSS,S01012858,Developable - Medium Term,262129,662019,Other Private,Not applicable (i.e. only one owner),1981-1985,Unknown,0.26,Vacant Land,S12000029,4cf4f231-9ae8-4dbd-9503-7e1cd53a5b86,2025-11-30,2819
pub_vdl.2913,South Lanarkshire,,8445322,SHAWFIELD ROAD RUTHERGLEN,S01012864,Developable - Medium Term,260624,662948,Ownership unknown,Not applicable (i.e. only one owner),2015,Other General Industry,0.6,Vacant Land,S12000029,4cf4f231-9ae8-4dbd-9503-7e1cd53a5b86,2025-11-30,2868
pub_vdl.2914,South Lanarkshire,FORMER NURSERY,8455349,MILL ROAD HAMILTON,S01012710,Developable - Medium Term,271640,653787,Local Authority,Not applicable (i.e. only one owner),2018,Education,0.22,Vacant Land,S12000029,4cf4f231-9ae8-4dbd-9503-7e1cd53a5b86,2025-11-30,2883
pub_vdl.2921,South Lanarkshire,DALTON SCHOOL,8445212,FLEMINGTON ROAD HALFWAY,S01012900,Uneconomic to Develop/Soft End Use,266777,658811,Local Authority,Not applicable (i.e. only one owner),2009,Education,1.36,Derelict,S12000029,4cf4f231-9ae8-4dbd-9503-7e1cd53a5b86,2025-11-30,2779
pub_vdl.2915,South Lanarkshire,CLYDEBRIDGE WORK,8445006,HAMILTON FARM CAMBUSLANG,S01012856,Developable - Undetermined,263078,661896,Private Steel,Not applicable (i.e. only one owner),Unknown,Manufacturing,9.95,Derelict,S12000029,4cf4f231-9ae8-4dbd-9503-7e1cd53a5b86,2025-11-30,2903
pub_vdl.2916,South Lanarkshire,SITE 2,8445160,CATHCART PLACE RUTHERGLEN,S01012867,Developable - Undetermined,260809,661411,Local Authority,Not applicable (i.e. only one owner),2008,Other General Industry,0.24,Derelict,S12000029,4cf4f231-9ae8-4dbd-9503-7e1cd53a5b86,2025-11-30,2776
pub_vdl.2917,South Lanarkshire,RUTHERGLEN BATHS,8445161,GREENHILL ROAD RUTHERGLEN,S01012863,Developable - Undetermined,261435,661475,Other Private,Not applicable (i.e. only one owner),2008,Community & Health,0.42,Vacant Land,S12000029,4cf4f231-9ae8-4dbd-9503-7e1cd53a5b86,2025-11-30,2775
pub_vdl.2918,South Lanarkshire,GREGGS SITE,8445183,SOUTHCROFT ROAD RUTHERGLEN SHAWFIELD,S01012864,Developable - Medium Term,260637,662243,Urban Regeneration Company,Not applicable (i.e. only one owner),2008,Other General Industry,1.5,Derelict,S12000029,4cf4f231-9ae8-4dbd-9503-7e1cd53a5b86,2025-11-30,2777
pub_vdl.2919,South Lanarkshire,SL COLLEGE,8445207,HAMILTON ROAD CAMBUSLANG,S01012825,Developable - Undetermined,265000,660116,Other Private,Not applicable (i.e. only one owner),2009,Education,0.23,Derelict,S12000029,4cf4f231-9ae8-4dbd-9503-7e1cd53a5b86,2025-11-30,2780
pub_vdl.2920,South Lanarkshire,HOOVER SITE,8445210,OFF BOGLESHOLE R CAMBUSLANG,S01012856,Developable - Medium Term,263451,661238,Other Private,Not applicable (i.e. only one owner),2009,Manufacturing,2.4,Derelict,S12000029,4cf4f231-9ae8-4dbd-9503-7e1cd53a5b86,2025-11-30,2886
pub_vdl.2928,South Lanarkshire,SHAWFIELD 3,8445286,CAMP ROAD RUTHERGLEN,S01012864,Developable - Medium Term,260679,662740,Urban Regeneration Company,Not applicable (i.e. only one owner),2013,Other General Industry,1.52,Derelict,S12000029,4cf4f231-9ae8-4dbd-9503-7e1cd53a5b86,2025-11-30,2872
pub_vdl.2929,South Lanarkshire,FORMER PS,8445298,NEWTON BRAE NEWTON,S01012828,Developable - Undetermined,266875,660584,Local Authority,Not applicable (i.e. only one owner),2014,Education,0.6,Vacant Land,S12000029,4cf4f231-9ae8-4dbd-9503-7e1cd53a5b86,2025-11-30,2861
pub_vdl.2930,South Lanarkshire,FORMER JOLLY GIA,8445331,GLASGOW ROAD RUTHERGLEN,S01012864,Developable - Undetermined,260772,662177,Other Private,Not applicable (i.e. only one owner),1996-2000,Retailing,1.17,Derelict,S12000029,4cf4f231-9ae8-4dbd-9503-7e1cd53a5b86,2025-11-30,2873
pub_vdl.2931,South Lanarkshire,NONE,8445337,DOWNIEBRAE RD CAMBUSLANG,S01012859,Developable - Medium Term,262213,662455,Urban Regeneration Company,Not applicable (i.e. only one owner),2017,Other General Industry,0.12,Derelict,S12000029,4cf4f231-9ae8-4dbd-9503-7e1cd53a5b86,2025-11-30,2874
pub_vdl.2932,South Lanarkshire,SITE 22,8445346,CAMBUSLANG INVES CAMBUSLANG,S01012856,Developable - Medium Term,263545,661609,Scottish Enterprise,Not applicable (i.e. only one owner),Unknown,Other General Industry,5.73,Derelict,S12000029,4cf4f231-9ae8-4dbd-9503-7e1cd53a5b86,2025-11-30,2880
pub_vdl.2933,South Lanarkshire,SPEYSIDE DISTILL,8445347,DUCHESS ROAD CAMBUSLANG,S01012858,Developable - Medium Term,262168,662085,Other Private,Not applicable (i.e. only one owner),2018,Other General Industry,2.21,Derelict,S12000029,4cf4f231-9ae8-4dbd-9503-7e1cd53a5b86,2025-11-30,2881
pub_vdl.2934,South Lanarkshire,,8445348,HARRIET STREET RUTHERGLEN,S01012862,Developable - Medium Term,261037,661458,Local Authority,Not applicable (i.e. only one owner),2018,Other General Industry,0.41,Derelict,S12000029,4cf4f231-9ae8-4dbd-9503-7e1cd53a5b86,2025-11-30,2882
pub_vdl.2935,South Lanarkshire,HOOVER SITE,8445370,OFF BOGLESHOLE R CAMBUSLANG,S01012856,Developable - Medium Term,263564,661339,Other Private,Not applicable (i.e. only one owner),2009,Manufacturing,0.7,Derelict,S12000029,4cf4f231-9ae8-4dbd-9503-7e1cd53a5b86,2025-11-30,2896
pub_vdl.2936,South Lanarkshire,FORMER PITCH,8445358,CAMBUSLANG ROAD RUTHERGLEN,S01012856,Uneconomic to Develop/Soft End Use,262907,661424,Other Private,Not applicable (i.e. only one owner),Unknown,Recreation & Leisure,2.22,Derelict,S12000029,4cf4f231-9ae8-4dbd-9503-7e1cd53a5b86,2025-11-30,2892
pub_vdl.2937,South Lanarkshire,,8445359,DOWNIEBRAE ROAD FARME CROSS,S01012859,Developable - Medium Term,262257,662421,Urban Regeneration Company,Not applicable (i.e. only one owner),2017,Other General Industry,0.18,Derelict,S12000029,4cf4f231-9ae8-4dbd-9503-7e1cd53a5b86,2025-11-30,2893
pub_vdl.2938,South Lanarkshire,SANMEX SITE,8445360,DALMARNOCK ROAD RUTHERGLEN,S01012859,Developable - Undetermined,261878,662536,Other Private,Not applicable (i.e. only one owner),2019,Other General Industry,3.59,Derelict,S12000029,4cf4f231-9ae8-4dbd-9503-7e1cd53a5b86,2025-11-30,2888
pub_vdl.2944,South Lanarkshire,SITE B,8445380,SOUTHCROFT ROAD RUTHERGLEN,S01012864,Developable - Medium Term,260589,662294,Urban Regeneration Company,Not applicable (i.e. only one owner),2022,Other General Industry,0.47,Derelict,S12000029,4cf4f231-9ae8-4dbd-9503-7e1cd53a5b86,2025-11-30,2914
pub_vdl.2939,South Lanarkshire,FORMER PS,8445367,CAIRNSWELL AVENU CAMBUSLANG,S01012833,Developable - Undetermined,265381,659544,Local Authority,Not applicable (i.e. only one owner),2020,Education,2.65,Vacant Land,S12000029,4cf4f231-9ae8-4dbd-9503-7e1cd53a5b86,2025-11-30,2900
pub_vdl.2940,South Lanarkshire,EX SPORTS CENTRE,8445368,TORYGLEN ROAD RUTHERGLEN,S01012869,Uneconomic to Develop/Soft End Use,260601,661883,Local Authority,Not applicable (i.e. only one owner),2020,Recreation & Leisure,0.2,Derelict,S12000029,4cf4f231-9ae8-4dbd-9503-7e1cd53a5b86,2025-11-30,2901
pub_vdl.2941,South Lanarkshire,,8445373,SEATH ROAD RUTHERGLEN,S01012864,Developable - Medium Term,261304,662306,Other Private,Not applicable (i.e. only one owner),2021,Other General Industry,0.58,Derelict,S12000029,4cf4f231-9ae8-4dbd-9503-7e1cd53a5b86,2025-11-30,2907
pub_vdl.2942,South Lanarkshire,LAND N OF M74,8445375,NORTH OF M74 CAMBUSLANG,S01012856,Developable - Undetermined,263097,662378,Ownership unknown,Not applicable (i.e. only one owner),Unknown,Unknown,6.67,Derelict,S12000029,4cf4f231-9ae8-4dbd-9503-7e1cd53a5b86,2025-11-30,2908
pub_vdl.2943,South Lanarkshire,SITE A,8445379,SOUTHCROFT ROAD RUTHERGLEN,S01012864,Developable - Medium Term,260712,662305,Urban Regeneration Company,Not applicable (i.e. only one owner),2022,Other General Industry,1,Derelict,S12000029,4cf4f231-9ae8-4dbd-9503-7e1cd53a5b86,2025-11-30,2913
pub_vdl.2945,South Lanarkshire,FORMER BLAES PITCH,8445387,WESTBURN ROAD CAMBUSLANG,S01012827,Developable - Undetermined,265302,660733,Local Authority,Not applicable (i.e. only one owner),2008,Recreation & Leisure,1.25,Vacant Land,S12000029,4cf4f231-9ae8-4dbd-9503-7e1cd53a5b86,2025-11-30,2925
pub_vdl.2946,South Lanarkshire,SHIP SITE,8445388,SHIELDAIG DRIVE RUTHERGLEN,S01012893,Developable - Short Term,261753,659509,Local Authority,Not applicable (i.e. only one owner),2009,Recreation & Leisure,0.73,Vacant Land,S12000029,4cf4f231-9ae8-4dbd-9503-7e1cd53a5b86,2025-11-30,2922
pub_vdl.2947,South Lanarkshire,WESTBURN FARM,8446936,WESTBURN ROAD CAMBUSLANG,S01012827,Developable - Undetermined,265163,661027,Other Private,Not applicable (i.e. only one owner),1981-1985,Unknown,2.44,Derelict,S12000029,4cf4f231-9ae8-4dbd-9503-7e1cd53a5b86,2025-11-30,2762
pub_vdl.2989,South Lanarkshire,ADJ TO WORKS,8457315,CRAIGHEAD BLANTYRE,S01012780,Developable - Undetermined,269823,657477,Other Private,Not applicable (i.e. only one owner),1986-1990,Unknown,0.36,Vacant Land,S12000029,4cf4f231-9ae8-4dbd-9503-7e1cd53a5b86,2025-11-30,2910
pub_vdl.2948,South Lanarkshire,E OF WESTBURN RD,8446963,CLYDESMILL CAMBUSLANG,S01012827,Developable - Undetermined,265308,661102,Scottish Power,Not applicable (i.e. only one owner),1981-1985,Unknown,7.5,Derelict,S12000029,4cf4f231-9ae8-4dbd-9503-7e1cd53a5b86,2025-11-30,2766
pub_vdl.2949,South Lanarkshire,SITE 1,8449006,DALMARNOCK I.E. FARME CROSS,S01012859,Developable - Short Term,261499,662513,Other Private,Not applicable (i.e. only one owner),1981-1985,Manufacturing,0.42,Vacant Land,S12000029,4cf4f231-9ae8-4dbd-9503-7e1cd53a5b86,2025-11-30,2862
pub_vdl.2950,South Lanarkshire,BEHIND HEALTH CE,8450007,HILLHOUSE ROAD HAMILTON,S01012781,Developable - Medium Term,270099,655120,Local Authority,Not applicable (i.e. only one owner),1981-1985,Unknown,0.8,Vacant Land,S12000029,4cf4f231-9ae8-4dbd-9503-7e1cd53a5b86,2025-11-30,2758
pub_vdl.2951,South Lanarkshire,,8450114,PARKBURN BURNBANK,S01012777,Developable - Undetermined,270148,656798,Other Private,Not applicable (i.e. only one owner),1981-1985,Transport,0.18,Vacant Land,S12000029,4cf4f231-9ae8-4dbd-9503-7e1cd53a5b86,2025-11-30,2756
pub_vdl.2952,South Lanarkshire,,8450205,WILKIE ROAD UDDINGSTON,S01012808,Developable - Medium Term,270248,660130,Other Private,Not applicable (i.e. only one owner),1986-1990,Unknown,0.15,Vacant Land,S12000029,4cf4f231-9ae8-4dbd-9503-7e1cd53a5b86,2025-11-30,2820
pub_vdl.2953,South Lanarkshire,DALZIEL COURT,8450226,HILLHOUSE IND ES HAMILTON,S01012781,Developable - Medium Term,270036,655382,Other Private,Not applicable (i.e. only one owner),1981-1985,Mineral Activity,0.26,Vacant Land,S12000029,4cf4f231-9ae8-4dbd-9503-7e1cd53a5b86,2025-11-30,2821
pub_vdl.2954,South Lanarkshire,,8450284,GLASGOW RD (REAR BURNBANK,S01012780,Developable - Undetermined,269983,657090,Other Private,Not applicable (i.e. only one owner),1986-1990,Transport,0.6,Vacant Land,S12000029,4cf4f231-9ae8-4dbd-9503-7e1cd53a5b86,2025-11-30,2755
pub_vdl.2990,Stirling,FORTHSIDE BBB,VD0001BBB,HOTEL SITE SHORE ROAD STIRLING,S01013091,Developable - Short Term,279909,693606,Local Authority,Not applicable (i.e. only one owner),2009,Defence,0.72,Vacant Land,S12000030,dd28664f-14da-4932-ac1c-264210f9e1a0,2024-09-04,82
pub_vdl.2955,South Lanarkshire,WILKIE RD,8450289,BOTHWELL PK I.E. UDDINGSTON,S01012808,Developable - Undetermined,270320,659962,Other Private,Not applicable (i.e. only one owner),1986-1990,Unknown,0.65,Vacant Land,S12000029,4cf4f231-9ae8-4dbd-9503-7e1cd53a5b86,2025-11-30,2822
pub_vdl.2956,South Lanarkshire,,8450290,CADZOW IND EST HAMILTON,S01012711,Developable - Undetermined,271856,653689,Other Private,Not applicable (i.e. only one owner),1986-1990,Mineral Activity,0.22,Vacant Land,S12000029,4cf4f231-9ae8-4dbd-9503-7e1cd53a5b86,2025-11-30,2823
pub_vdl.2957,South Lanarkshire,,8450291,CADZOW IND EST HAMILTON,S01012711,Developable - Undetermined,271800,653713,Other Private,Not applicable (i.e. only one owner),1986-1990,Mineral Activity,0.13,Vacant Land,S12000029,4cf4f231-9ae8-4dbd-9503-7e1cd53a5b86,2025-11-30,2754
pub_vdl.2958,South Lanarkshire,BORLAND DR,8450292,OFF CARLISLE RD LARKHALL,S01012665,Developable - Undetermined,276898,649760,Other Private,Not applicable (i.e. only one owner),1981-1985,Unknown,0.87,Vacant Land,S12000029,4cf4f231-9ae8-4dbd-9503-7e1cd53a5b86,2025-11-30,2824
pub_vdl.2959,South Lanarkshire,OPPOSITE CHURCH,8450302,RAPLOCH ROAD LARKHALL,S01012662,Developable - Undetermined,275724,650969,Other Private,Not applicable (i.e. only one owner),1980 or earlier,Unknown,0.12,Vacant Land,S12000029,4cf4f231-9ae8-4dbd-9503-7e1cd53a5b86,2025-11-30,2825
pub_vdl.2960,South Lanarkshire,TO REAR OF WORKS,8450315,CRAIGHEAD BLANTYRE,S01012780,Developable - Undetermined,269764,657624,Other Private,Not applicable (i.e. only one owner),1986-1990,Unknown,1.67,Vacant Land,S12000029,4cf4f231-9ae8-4dbd-9503-7e1cd53a5b86,2025-11-30,2757
pub_vdl.2961,South Lanarkshire,ADJ TO NO 37,8450370,CARLISLE ROAD LARKHALL,S01012671,Developable - Undetermined,276892,649206,Local Authority,Other Private,1991-1995,Unknown,0.23,Derelict,S12000029,4cf4f231-9ae8-4dbd-9503-7e1cd53a5b86,2025-11-30,2826
pub_vdl.2962,South Lanarkshire,BING,8450412,SHAWS ROAD LARKHALL,S01012671,Uneconomic to Develop/Soft End Use,277101,649363,Other Private,Not applicable (i.e. only one owner),1991-1995,Manufacturing,0.7,Derelict,S12000029,4cf4f231-9ae8-4dbd-9503-7e1cd53a5b86,2025-11-30,2827
pub_vdl.2963,South Lanarkshire,AYR ROAD,8455273,SHAWSBURN LARKHALL,S01012655,Developable - Short Term,277912,650219,Other Private,Not applicable (i.e. only one owner),Unknown,Unknown,0.42,Vacant Land,S12000029,4cf4f231-9ae8-4dbd-9503-7e1cd53a5b86,2025-11-30,2844
pub_vdl.2991,Stirling,FORTHSIDE BE,VD0001BE,THE BARRACKS & OFFICE SITE SHORE ROAD STIRLING,S01013091,Developable - Short Term,279958,693506,Local Authority,Local Authority,2009,Defence,0.73,Vacant Land,S12000030,dd28664f-14da-4932-ac1c-264210f9e1a0,2024-09-04,86
pub_vdl.2966,South Lanarkshire,EAST HAUGHEAD,8455057,BLANTYRE FARM RD UDDINGSTON,S01012820,Uneconomic to Develop/Soft End Use,268187,661005,Other Private,Not applicable (i.e. only one owner),Unknown,Manufacturing,3.36,Derelict,S12000029,4cf4f231-9ae8-4dbd-9503-7e1cd53a5b86,2025-11-30,2829
pub_vdl.2967,South Lanarkshire,EX GARAGE,8455066,LANARK ROAD END LARKHALL,S01012654,Uneconomic to Develop/Soft End Use,275122,653087,Other Private,Not applicable (i.e. only one owner),1996-2000,Retailing,0.11,Derelict,S12000029,4cf4f231-9ae8-4dbd-9503-7e1cd53a5b86,2025-11-30,2830
pub_vdl.2968,South Lanarkshire,SCRAP YARD,8455086,MERRYTON LARKHALL,S01012658,Developable - Undetermined,276057,652741,Local Authority,Not applicable (i.e. only one owner),2001-2004,Other,6.52,Derelict,S12000029,4cf4f231-9ae8-4dbd-9503-7e1cd53a5b86,2025-11-30,2831
pub_vdl.2969,South Lanarkshire,,8455110,RAPLOCH RD LARKHALL,S01012661,Developable - Medium Term,275575,650981,Other Private,Not applicable (i.e. only one owner),2001-2004,Other General Industry,0.14,Vacant Land,S12000029,4cf4f231-9ae8-4dbd-9503-7e1cd53a5b86,2025-11-30,2832
pub_vdl.2970,South Lanarkshire,FORMER CARE HOME,8455280,CARLISLE ROAD LARKHALL,S01012671,Developable - Short Term,276728,649698,Other Private,Not applicable (i.e. only one owner),2013,"Residential - Hotels, Hostels etc",0.49,Vacant Land and Buildings,S12000029,4cf4f231-9ae8-4dbd-9503-7e1cd53a5b86,2025-11-30,2853
pub_vdl.2964,South Lanarkshire,MILLBURN,8455040,BURNHEAD ROAD LARKHALL,S01012655,Uneconomic to Develop/Soft End Use,277846,650925,Local Authority,Not applicable (i.e. only one owner),Unknown,Unknown,8.35,Derelict,S12000029,4cf4f231-9ae8-4dbd-9503-7e1cd53a5b86,2025-11-30,2828
pub_vdl.2965,South Lanarkshire,FORMER SHOWROOM,8455279,BARRACK STREET HAMILTON,S01012793,Developable - Medium Term,271813,655991,Other Private,Not applicable (i.e. only one owner),2013,Other,0.33,Vacant Land,S12000029,4cf4f231-9ae8-4dbd-9503-7e1cd53a5b86,2025-11-30,2852
pub_vdl.2971,South Lanarkshire,FORMER QUARRY,8455154,LANARK ROAD END LARKHALL,S01012654,Uneconomic to Develop/Soft End Use,275274,653235,Ownership unknown,Ownership unknown,2007,Mineral Activity,3.17,Derelict,S12000029,4cf4f231-9ae8-4dbd-9503-7e1cd53a5b86,2025-11-30,2833
pub_vdl.2972,South Lanarkshire,VOGUE BINGO,8455165,KEITH STREET HAMILTON,S01012717,Developable - Undetermined,272604,655548,Local Authority,Not applicable (i.e. only one owner),2008,Recreation & Leisure,0.11,Derelict,S12000029,4cf4f231-9ae8-4dbd-9503-7e1cd53a5b86,2025-11-30,2773
pub_vdl.2973,South Lanarkshire,LOCHPARK IE,8455200,LOCHPARK IE STONEHOUSE,S01012681,Developable - Undetermined,275581,647046,Other Private,Not applicable (i.e. only one owner),2009,Other General Industry,2.41,Vacant Land,S12000029,4cf4f231-9ae8-4dbd-9503-7e1cd53a5b86,2025-11-30,2785
pub_vdl.2974,South Lanarkshire,,8455214,WELLHALL ROAD HAMILTON,S01012781,Developable - Medium Term,270124,655024,Local Authority,Not applicable (i.e. only one owner),2009,"Residential - Hotels, Hostels etc",1.22,Vacant Land,S12000029,4cf4f231-9ae8-4dbd-9503-7e1cd53a5b86,2025-11-30,2786
pub_vdl.2975,South Lanarkshire,ROSTI SITE (N),8455282,STRUTHERHILL LARKHALL,S01012671,Developable - Undetermined,277253,649699,Other Private,Not applicable (i.e. only one owner),1981-1985,Unknown,0.98,Vacant Land,S12000029,4cf4f231-9ae8-4dbd-9503-7e1cd53a5b86,2025-11-30,2854
pub_vdl.2976,South Lanarkshire,CADZOW BING,8455215,CADZOW IE HAMILTON,S01012711,Developable - Undetermined,272103,653994,Other Private,Not applicable (i.e. only one owner),Unknown,Mineral Activity,6.23,Derelict,S12000029,4cf4f231-9ae8-4dbd-9503-7e1cd53a5b86,2025-11-30,2787
pub_vdl.2977,South Lanarkshire,FORMER ABBATOIR,8455232,RAPLOCH ROAD LARKHALL,S01012661,Developable - Undetermined,275583,650865,Ownership unknown,Not applicable (i.e. only one owner),Unknown,Other,1.1,Derelict,S12000029,4cf4f231-9ae8-4dbd-9503-7e1cd53a5b86,2025-11-30,2836
pub_vdl.2981,South Lanarkshire,DAKS SITE 2,8455356,CARLISLE ROAD LARKHALL,S01012665,Developable - Undetermined,276784,650110,Other Private,Not applicable (i.e. only one owner),2008,Manufacturing,1.47,Vacant Land,S12000029,4cf4f231-9ae8-4dbd-9503-7e1cd53a5b86,2025-11-30,2772
pub_vdl.2982,South Lanarkshire,DAKS SITE 3,8455357,CARLISLE ROAD LARKHALL,S01012665,Developable - Medium Term,276824,650158,Other Private,Not applicable (i.e. only one owner),2007,Manufacturing,0.31,Vacant Land,S12000029,4cf4f231-9ae8-4dbd-9503-7e1cd53a5b86,2025-11-30,2890
pub_vdl.3009,Stirling,BOQUHAN TILEWORKS B,VD0259B,NORTH WEST OF STATION HOUSE KIPPEN,S01013016,Developable - Short Term,266421,695756,Unknown Private,Not applicable (i.e. only one owner),1980 or earlier,Manufacturing,0.82,Derelict,S12000030,dd28664f-14da-4932-ac1c-264210f9e1a0,2024-09-04,97
pub_vdl.2988,South Lanarkshire,ADJ TO WORKS,8456315,CRAIGHEAD BLANTYRE,S01012780,Developable - Undetermined,269904,657589,Other Private,Not applicable (i.e. only one owner),1986-1990,Unknown,0.72,Vacant Land,S12000029,4cf4f231-9ae8-4dbd-9503-7e1cd53a5b86,2025-11-30,2909
pub_vdl.2992,Stirling,BERRYHILLS,VD0014B,BANNOCKBURN ROAD COWIE,S01013028,Developable - Short Term,283401,689007,Other Private,Not applicable (i.e. only one owner),Unknown,Mineral Activity,1.51,Vacant Land,S12000030,dd28664f-14da-4932-ac1c-264210f9e1a0,2024-09-04,78
pub_vdl.2978,South Lanarkshire,CRAIGHEAD SCHOOL,8455250,WHISTLEBERRY RD BLANTYRE,S01012797,Developable - Medium Term,270746,657461,Other Private,Local Authority,2011,Education,4.36,Vacant Land,S12000029,4cf4f231-9ae8-4dbd-9503-7e1cd53a5b86,2025-11-30,2839
pub_vdl.2979,South Lanarkshire,FORMER PS,8455350,DOUGLAS DRIVE SHAWSBURN ASHGILL,S01012655,Developable - Undetermined,278620,649889,Local Authority,Not applicable (i.e. only one owner),2018,Education,0.37,Vacant Land,S12000029,4cf4f231-9ae8-4dbd-9503-7e1cd53a5b86,2025-11-30,2887
pub_vdl.2980,South Lanarkshire,FORMER GARAGE,8455354,STONEYMEADOW RD BLANTYRE,S01012897,Developable - Undetermined,265967,656617,Other Private,Not applicable (i.e. only one owner),Unknown,Other,0.74,Derelict,S12000029,4cf4f231-9ae8-4dbd-9503-7e1cd53a5b86,2025-11-30,2895
pub_vdl.3007,Stirling,FORMER SAWMILL,VD0255,BRANSHOGLE MILL BALFRON,S01013005,Developable - Short Term,254752,687342,Unknown Private,Not applicable (i.e. only one owner),Unknown,Forestry/Woodland,0.41,Derelict,S12000030,dd28664f-14da-4932-ac1c-264210f9e1a0,2024-09-04,94
pub_vdl.2983,South Lanarkshire,FORMER UWS SITE,8455363,ALMADA STREET HAMILTON,S01012793,Developable - Medium Term,271643,656039,Other Private,Local Authority,2019,Education,4.44,Vacant Land and Buildings,S12000029,4cf4f231-9ae8-4dbd-9503-7e1cd53a5b86,2025-11-30,2889
pub_vdl.2984,South Lanarkshire,ADJ TO STADIUM,8455369,RAPLOCH STREET LARKHALL,S01012664,Developable - Medium Term,275995,651245,Other Private,Not applicable (i.e. only one owner),2020,Unknown,0.47,Vacant Land,S12000029,4cf4f231-9ae8-4dbd-9503-7e1cd53a5b86,2025-11-30,2902
pub_vdl.2985,South Lanarkshire,FORMER CARE FACI,8455372,COMELY BANK HAMILTON,S01012747,Developable - Undetermined,269729,655034,Local Authority,Not applicable (i.e. only one owner),2006,Community & Health,0.13,Vacant Land,S12000029,4cf4f231-9ae8-4dbd-9503-7e1cd53a5b86,2025-11-30,2905
pub_vdl.2986,South Lanarkshire,,8455381,BROOMHILL DRIVE LARKHALL,S01012661,Developable - Medium Term,275942,650925,Unknown Private,Not applicable (i.e. only one owner),Unknown,Prepared Ground,0.43,Vacant Land,S12000029,4cf4f231-9ae8-4dbd-9503-7e1cd53a5b86,2025-11-30,2919
pub_vdl.2987,South Lanarkshire,ADJ LARKHALL ACADEMY,8455382,BROOMHILL ROAD LARKHALL,S01012661,Developable - Medium Term,276029,650729,Local Authority,Not applicable (i.e. only one owner),2022,Prepared Ground,0.39,Vacant Land,S12000029,4cf4f231-9ae8-4dbd-9503-7e1cd53a5b86,2025-11-30,2917
pub_vdl.3008,Stirling,FORMER SCOUT HALL,VD0258,MAIN STREET KILLEARN,S01013005,Developable - Short Term,252406,686046,Unknown Private,Not applicable (i.e. only one owner),1996-2000,Recreation & Leisure,0.1,Derelict,S12000030,dd28664f-14da-4932-ac1c-264210f9e1a0,2024-09-04,96
pub_vdl.3026,West Dunbartonshire,SPEYROC SITE,8360292,GLASGOW ROAD CLYDEBANK,S01013131,Developable - Short Term,249028,670588,Other Private,Not applicable (i.e. only one owner),2008,Unknown,0.2,Vacant Land,S12000039,af18f63e-8691-432f-a124-f0971d344397,2024-01-31,10
pub_vdl.2998,Stirling,BANDEATH NORTH B,VD0066B,BANDEATH INDUSTRIAL ESTATE THROSK,S01013028,Developable - Medium Term,285169,692840,Local Authority,Other Private,1980 or earlier,Defence,44.9,Derelict,S12000030,dd28664f-14da-4932-ac1c-264210f9e1a0,2024-09-04,102
pub_vdl.2999,Stirling,BANDEATH EAST,VD0067,BANDEATH INDUSTRIAL ESTATE THROSK,S01013028,Unknown (uncertain/insufficient information),285311,692092,Local Authority,Other Private,Unknown,Other General Industry,0.19,Derelict,S12000030,dd28664f-14da-4932-ac1c-264210f9e1a0,2024-09-04,91
pub_vdl.3000,Stirling,BANDEATH (A),VD0069,BANDEATH INDUSTRIAL ESTATE THROSK,S01013028,Unknown (uncertain/insufficient information),285247,691342,Local Authority,Not applicable (i.e. only one owner),Unknown,Unknown,0.18,Derelict,S12000030,dd28664f-14da-4932-ac1c-264210f9e1a0,2024-09-04,74
pub_vdl.3039,West Dunbartonshire,"191, ADJ BRAEHEAD PS",8410065,TOWNEND ROAD DUMBARTON,S01013198,Developable - Medium Term,240142,676026,Local Authority,Not applicable (i.e. only one owner),1980 or earlier,Residential - Housing,0.38,Vacant Land,S12000039,af18f63e-8691-432f-a124-f0971d344397,2024-01-31,36
pub_vdl.3001,Stirling,FORMER DEPOT B,VD0071B,MAIN STREET FALLIN,S01013033,Developable - Medium Term,283953,691440,Local Authority,Not applicable (i.e. only one owner),1981-1985,Storage,0.4,Derelict,S12000030,,,
pub_vdl.3002,Stirling,BANDEATH WEST B,VD0096B,BANDEATH INDUSTRIAL ESTATE THROSK,S01013028,Developable - Undetermined,284944,692449,Local Authority,Other Private,1996-2000,Storage,0.7,Derelict,S12000030,dd28664f-14da-4932-ac1c-264210f9e1a0,2024-09-04,100
pub_vdl.3014,West Dunbartonshire,N WESTERN SITE,8360102,CABLE DEPOT ROAD CLYDEBANK,S01013128,Developable - Medium Term,248818,670658,Local Authority,Not applicable (i.e. only one owner),1986-1990,Manufacturing,0.64,Derelict,S12000039,af18f63e-8691-432f-a124-f0971d344397,2024-01-31,59
pub_vdl.3015,West Dunbartonshire,CARLESS OILS,8360200,ERSKINE FERRY RD OLD KILPATRICK,S01013173,Developable - Short Term,246882,671839,Other Private,Not applicable (i.e. only one owner),1991-1995,Storage,14.09,Derelict,S12000039,af18f63e-8691-432f-a124-f0971d344397,2024-01-31,32
pub_vdl.3016,West Dunbartonshire,FORMER UNION CHURCH,8360211,GLASGOW ROAD CLYDEBANK,S01013131,Developable - Short Term,249041,670626,Other Private,Not applicable (i.e. only one owner),1991-1995,Community & Health,0.19,Derelict,S12000039,af18f63e-8691-432f-a124-f0971d344397,2024-01-31,60
pub_vdl.2994,Stirling,BORROWMEADOW,VD0031,BORROWMEADOW FARM STIRLING,S01013066,Developable - Medium Term,281500,694200,Local Authority,Not applicable (i.e. only one owner),1981-1985,Community & Health,33.8,Derelict,S12000030,dd28664f-14da-4932-ac1c-264210f9e1a0,2024-09-04,79
pub_vdl.2995,Stirling,HAUGH OF GRANGE,VD0036,"NORTH OF FORTH, WEST OF A99 EDR STIRLING",S01013093,Unknown (uncertain/insufficient information),281890,694340,Other Private,Not applicable (i.e. only one owner),1991-1995,Agriculture,0.23,Derelict,S12000030,dd28664f-14da-4932-ac1c-264210f9e1a0,2024-09-04,76
pub_vdl.2996,Stirling,KILLEARN HOSPITAL B,VD0044B,BLANE WOOD KILLEARN,S01013005,Developable - Short Term,251148,684758,Other Private,Not applicable (i.e. only one owner),1980 or earlier,Community & Health,2.29,Derelict,S12000030,,,
pub_vdl.2997,Stirling,KILLEARN HOSPITAL BE,VD0044BE,BLANE WOOD KILLEARN,S01013005,Developable - Medium Term,250711,684926,Other Private,Not applicable (i.e. only one owner),1980 or earlier,Community & Health,1.46,Derelict,S12000030,,,
pub_vdl.3003,Stirling,RIVERBANK WORKS,VD0121,CAUSEWAYHEAD ROAD STIRLING,S01013093,Developable - Undetermined,280549,695302,Other Private,Not applicable (i.e. only one owner),Unknown,Manufacturing,3.35,Derelict,S12000030,dd28664f-14da-4932-ac1c-264210f9e1a0,2024-09-04,80
pub_vdl.3004,Stirling,BACK O'HILL INDUSTRIAL ESTATE A (B),VD0250B,BACK O'HILL STIRLING,S01013074,Developable - Short Term,279033,694670,Local Authority,Not applicable (i.e. only one owner),2001-2004,Unknown,0.14,Vacant Land,S12000030,dd28664f-14da-4932-ac1c-264210f9e1a0,2024-09-04,103
pub_vdl.3005,Stirling,AREA 6 GOWANHILL GARDENS,VD0251,GOWNAHILL GARDENS STIRLING,S01013074,Developable - Short Term,278793,694365,Local Authority,Not applicable (i.e. only one owner),2016,Residential - Housing,3.2,Vacant Land,S12000030,dd28664f-14da-4932-ac1c-264210f9e1a0,2024-09-04,90
pub_vdl.3006,Stirling,WOODSIDE,VD0254,105 HENDERSON STREET BRIDGE OF ALLAN,S01013086,Developable - Short Term,279524,697355,Unknown Private,Not applicable (i.e. only one owner),1996-2000,Residential - Housing,0.24,Derelict,S12000030,dd28664f-14da-4932-ac1c-264210f9e1a0,2024-09-04,95
pub_vdl.3010,Stirling,VIEWFORTH,VD0260,PITT TERRACE STIRLING,S01013062,Developable - Short Term,279635,692790,Local Authority,Not applicable (i.e. only one owner),2014,Offices,0.99,Vacant Land,S12000030,dd28664f-14da-4932-ac1c-264210f9e1a0,2024-09-04,98
pub_vdl.3011,Stirling,WELLGREEN HOUSE,VD0261,WELLGREEN STIRLING,S01013066,Developable - Short Term,279771,692910,Local Authority,Not applicable (i.e. only one owner),2017,Residential - Housing,0.45,Derelict,S12000030,dd28664f-14da-4932-ac1c-264210f9e1a0,2024-09-04,99
pub_vdl.3017,West Dunbartonshire,FORMER DUNCLUTHA HOUSE,8360235,PARKHALL ROAD CLYDEBANK,S01013164,Developable - Short Term,248601,671892,Other Private,Not applicable (i.e. only one owner),1996-2000,Residential - Housing,0.28,Derelict,S12000039,af18f63e-8691-432f-a124-f0971d344397,2024-01-31,56
pub_vdl.3018,West Dunbartonshire,NORTHERN SITE,8360257,JOHN KNOX STREET CLYDEBANK,S01013122,Developable - Medium Term,250586,669367,Local Authority,Not applicable (i.e. only one owner),1996-2000,Residential - Housing,0.53,Derelict,S12000039,af18f63e-8691-432f-a124-f0971d344397,2024-01-31,52
pub_vdl.3019,West Dunbartonshire,TRANSFER STATION,8360269,AULD STREET CLYDEBANK,S01013133,Developable - Medium Term,248393,671006,Other Private,Not applicable (i.e. only one owner),1996-2000,Utility Services,0.34,Derelict,S12000039,af18f63e-8691-432f-a124-f0971d344397,2024-01-31,51
pub_vdl.3020,West Dunbartonshire,FORMER BUS DEPOT,8360270,CALEDONIA STREET CLYDEBANK,S01013132,Developable - Undetermined,248489,671035,Unknown Private,Not applicable (i.e. only one owner),1996-2000,Transport,0.22,Derelict,S12000039,af18f63e-8691-432f-a124-f0971d344397,2024-01-31,50
pub_vdl.3021,West Dunbartonshire,FORMER CABLE DEPOT SITE,8360279,CABLE DEPOT ROAD CLYDEBANK,S01013128,Developable - Medium Term,249129,670325,Other Private,Not applicable (i.e. only one owner),1991-1995,Manufacturing,3.69,Derelict,S12000039,af18f63e-8691-432f-a124-f0971d344397,2024-01-31,18
pub_vdl.3022,West Dunbartonshire,CARMAN WATERWORKS,8410361,CARDROSS ROAD RENTON,S01013207,Developable - Short Term,238246,678718,Water Authority,Not applicable (i.e. only one owner),2018,Community & Health,0.23,Derelict,S12000039,af18f63e-8691-432f-a124-f0971d344397,2024-01-31,6
pub_vdl.3031,West Dunbartonshire,SALISBURY PL/LILAC AVENUE,8360306,MOUNTBLOW CLYDEBANK,S01013171,Developable - Medium Term,247849,672150,Local Authority,Not applicable (i.e. only one owner),2013,Residential - Housing,1.8,Derelict,S12000039,af18f63e-8691-432f-a124-f0971d344397,2024-01-31,27
pub_vdl.3032,West Dunbartonshire,ADULT TRAINING CENTRE,8360307,AUCHENTOSHAN CLYDEBANK,S01013164,Developable - Short Term,248425,672529,Local Authority,Not applicable (i.e. only one owner),2013,Education,0.77,Derelict,S12000039,af18f63e-8691-432f-a124-f0971d344397,2024-01-31,26
pub_vdl.3023,West Dunbartonshire,QUEEN'S QUAY,8360281,GLASGOW ROAD CLYDEBANK,S01013128,Developable - Short Term,249353,670048,Other Private,Not applicable (i.e. only one owner),2001-2004,Manufacturing,9.32,Derelict,S12000039,af18f63e-8691-432f-a124-f0971d344397,2024-01-31,2
pub_vdl.3024,West Dunbartonshire,ROTHESAY DOCK EAST,8360286,DOCK STREET CLYDEBANK,S01013122,Developable - Undetermined,250558,668984,Private Port Company,Not applicable (i.e. only one owner),1996-2000,Transport,0.65,Derelict,S12000039,af18f63e-8691-432f-a124-f0971d344397,2024-01-31,17
pub_vdl.3025,West Dunbartonshire,FORMER OUR LADY OF LORETTO CHURCH,8360290,GLASGOW ROAD CLYDEBANK,S01013133,Developable - Undetermined,248288,671231,Other Private,Not applicable (i.e. only one owner),2008,Community & Health,0.36,Derelict,S12000039,af18f63e-8691-432f-a124-f0971d344397,2024-01-31,11
pub_vdl.3027,West Dunbartonshire,DOCK STREET WEST,8360294,DOCK STREET CLYDEBANK,S01013122,Developable - Undetermined,250570,669093,Unknown Private,Not applicable (i.e. only one owner),2009,Unknown,0.21,Derelict,S12000039,af18f63e-8691-432f-a124-f0971d344397,2024-01-31,65
pub_vdl.3028,West Dunbartonshire,CABLE DEPOT ROAD WEST,8360297,CABLE DEPOT ROAD CLYDEBANK,S01013128,Developable - Medium Term,249096,670459,Local Authority,Not applicable (i.e. only one owner),2009,Other General Industry,0.62,Derelict,S12000039,af18f63e-8691-432f-a124-f0971d344397,2024-01-31,8
pub_vdl.3029,West Dunbartonshire,THOR CERAMICS,8360300,STANFORD STREET CLYDEBANK,S01013129,Developable - Short Term,250205,670241,Other Private,Not applicable (i.e. only one owner),2006,Manufacturing,1.31,Derelict,S12000039,af18f63e-8691-432f-a124-f0971d344397,2024-01-31,30
pub_vdl.3030,West Dunbartonshire,LITTLEMILL DISTILLERY,8360304,NORTH EAST BOWLING,S01013178,Developable - Short Term,244128,673780,Other Private,Not applicable (i.e. only one owner),2001-2004,Manufacturing,0.46,Derelict,S12000039,af18f63e-8691-432f-a124-f0971d344397,2024-01-31,29
pub_vdl.3040,West Dunbartonshire,ST JAMES RETAIL PARK,8410078,GLASGOW ROAD DUMBARTON,S01013195,Developable - Short Term,240403,675357,Local Authority,Not applicable (i.e. only one owner),1981-1985,Recreation & Leisure,1.96,Derelict,S12000039,af18f63e-8691-432f-a124-f0971d344397,2024-01-31,47
pub_vdl.3041,West Dunbartonshire,ADJ BOWLING GREEN,8410121,GLASGOW ROAD DUMBARTON,S01013191,Developable - Undetermined,241432,674690,Other Private,Not applicable (i.e. only one owner),1986-1990,Unknown,0.36,Vacant Land,S12000039,af18f63e-8691-432f-a124-f0971d344397,2024-01-31,35
pub_vdl.3042,West Dunbartonshire,TANK FARM,8410124,GLASGOW ROAD DUMBARTON,S01013191,Developable - Undetermined,241492,674323,Other Private,Not applicable (i.e. only one owner),1980 or earlier,Storage,5.82,Derelict,S12000039,af18f63e-8691-432f-a124-f0971d344397,2024-01-31,34
pub_vdl.3043,West Dunbartonshire,DALQUHURN ESTATE (PRIVATE),8410335,DALQUHURN RENTON,S01013207,Developable - Short Term,239187,677758,Housing Association,Not applicable (i.e. only one owner),1981-1985,Manufacturing,4.86,Derelict,S12000039,af18f63e-8691-432f-a124-f0971d344397,2024-01-31,12
pub_vdl.3044,West Dunbartonshire,SCOTT'S YARD,8410129,BOWLING HARBOUR BOWLING,S01013178,Developable - Undetermined,244406,673607,Other Private,Not applicable (i.e. only one owner),1986-1990,Other General Industry,3.07,Derelict,S12000039,af18f63e-8691-432f-a124-f0971d344397,2024-01-31,33
pub_vdl.3045,West Dunbartonshire,ADJ STRATHLEVEN HOUSING,8410159,VALE OF LEVEN IE BONHILL,S01013215,Developable - Medium Term,239544,678303,Other Private,Not applicable (i.e. only one owner),1986-1990,Manufacturing,4.28,Derelict,S12000039,af18f63e-8691-432f-a124-f0971d344397,2024-01-31,39
pub_vdl.3046,West Dunbartonshire,GAP SITE,8410161,THIRD AVENUE BONHILL,S01013224,Uneconomic to Develop/Soft End Use,239683,680017,Other Private,Not applicable (i.e. only one owner),1986-1990,Residential - Housing,0.18,Vacant Land,S12000039,af18f63e-8691-432f-a124-f0971d344397,2024-01-31,43
pub_vdl.3047,West Dunbartonshire,RAGLAN STREET,8410162,MAIN STREET BONHILL,S01013211,Developable - Undetermined,239631,679209,Other Private,Not applicable (i.e. only one owner),1980 or earlier,Residential - Housing,0.52,Vacant Land,S12000039,af18f63e-8691-432f-a124-f0971d344397,2024-01-31,41
pub_vdl.3048,West Dunbartonshire,SOUTH OF LANE,8410201,DILLICHIP LOAN BONHILL,S01013211,Developable - Undetermined,239483,679143,Local Authority,Other Private,1991-1995,Residential - Housing,0.75,Vacant Land,S12000039,af18f63e-8691-432f-a124-f0971d344397,2024-01-31,40
pub_vdl.3049,West Dunbartonshire,NORTHERN SITE,8410235,LOMOND IE ALEXANDRIA,S01013227,Developable - Undetermined,239508,681124,Local Authority,Not applicable (i.e. only one owner),1981-1985,Agriculture,1.98,Vacant Land,S12000039,af18f63e-8691-432f-a124-f0971d344397,2024-01-31,45
pub_vdl.3057,West Dunbartonshire,28 FORMER SHOP,8410320,HILL STREET DUMBARTON,S01013201,Developable - Undetermined,238505,675403,Other Private,Not applicable (i.e. only one owner),2001-2004,Residential - Housing,0.13,Derelict,S12000039,af18f63e-8691-432f-a124-f0971d344397,2024-01-31,46
pub_vdl.3050,West Dunbartonshire,ADJ LEVENBANK TERRACE,8410237,MAIN STREET JAMESTOWN,S01013221,Developable - Medium Term,239897,681083,Local Authority,Other Private,1991-1995,Agriculture,6.64,Vacant Land,S12000039,af18f63e-8691-432f-a124-f0971d344397,2024-01-31,44
pub_vdl.3051,West Dunbartonshire,FORMER TREE NURSERY,8410261,HELENSLEE ROAD DUMBARTON,S01013199,Developable - Medium Term,238987,675373,Other Private,Not applicable (i.e. only one owner),1991-1995,Forestry/Woodland,0.28,Vacant Land,S12000039,af18f63e-8691-432f-a124-f0971d344397,2024-01-31,55
pub_vdl.3052,West Dunbartonshire,QUEEN'S QUAY PART B,8410369,GLASGOW ROAD CLYDEBANK,S01013128,Developable - Short Term,249808,669797,Other Private,Not applicable (i.e. only one owner),2001-2004,Manufacturing,2.72,Derelict,S12000039,af18f63e-8691-432f-a124-f0971d344397,2024-01-31,67
pub_vdl.3053,West Dunbartonshire,BONHILL QUARRY,8410282,HILLBANK STREET BONHILL,S01013221,Developable - Undetermined,239856,679621,Other Private,Not applicable (i.e. only one owner),1996-2000,Mineral Activity,1.98,Derelict,S12000039,af18f63e-8691-432f-a124-f0971d344397,2024-01-31,54
pub_vdl.3054,West Dunbartonshire,88-90 CUMBRAE CRESCENT SOUTH,8410287,CUMBRAE CRES SOUTH DUMBARTON,S01013204,Developable - Undetermined,237967,676140,Local Authority,Not applicable (i.e. only one owner),1996-2000,Residential - Housing,0.12,Derelict,S12000039,af18f63e-8691-432f-a124-f0971d344397,2024-01-31,53
pub_vdl.3055,West Dunbartonshire,FORMER DUMBARTON COTTAGE HOSPITAL,8410313,TOWNEND ROAD DUMBARTON,S01013198,Developable - Short Term,239963,676026,Local Authority,Not applicable (i.e. only one owner),2001-2004,Community & Health,0.26,Derelict,S12000039,af18f63e-8691-432f-a124-f0971d344397,2024-01-31,48
pub_vdl.3056,West Dunbartonshire,FORMER ALLIED DISTILLERY,8410319,CASTLE STREET DUMBARTON,S01013193,Developable - Medium Term,240008,675169,Other Private,Not applicable (i.e. only one owner),2001-2004,Manufacturing,0.71,Derelict,S12000039,af18f63e-8691-432f-a124-f0971d344397,2024-01-31,62
pub_vdl.3058,West Dunbartonshire,FORMER HIGHLAND FUELS,8410340,DUMBARTON ROAD BOWLING,S01013178,Developable - Medium Term,243887,673722,Other Private,Not applicable (i.e. only one owner),2009,Transport,0.85,Derelict,S12000039,af18f63e-8691-432f-a124-f0971d344397,2024-01-31,9
pub_vdl.3059,West Dunbartonshire,DALREOCH QUARRY NORTH,8410343,RENTON ROAD DUMBARTON,S01013207,Developable - Undetermined,238759,676125,Other Private,Not applicable (i.e. only one owner),1980 or earlier,Mineral Activity,5.98,Derelict,S12000039,af18f63e-8691-432f-a124-f0971d344397,2024-01-31,7
pub_vdl.3060,West Dunbartonshire,FORMER NOTRE DAME CONVENT,8410323,CARDROSS ROAD DUMBARTON,S01013202,Developable - Short Term,238201,675588,Other Private,Not applicable (i.e. only one owner),1980 or earlier,Education,5.26,Derelict,S12000039,af18f63e-8691-432f-a124-f0971d344397,2024-01-31,20
pub_vdl.3061,West Dunbartonshire,BONHILL PS,8410348,MAIN STREET BONHILL,S01013211,Developable - Short Term,239469,679200,Local Authority,Not applicable (i.e. only one owner),2011,Education,0.47,Derelict,S12000039,af18f63e-8691-432f-a124-f0971d344397,2024-01-31,28
pub_vdl.3062,West Dunbartonshire,FORMER GASHOLDER ETC.,8410353,CASTLEGREEN STREET DUMBARTON,S01013193,Developable - Medium Term,240631,674597,Private Gas,Not applicable (i.e. only one owner),2013,Utility Services,2.18,Derelict,S12000039,af18f63e-8691-432f-a124-f0971d344397,2024-01-31,25
pub_vdl.3063,West Dunbartonshire,MITCHELL WAY,8410359,MITCHELL WAY ALEXANDRIA,S01013223,Developable - Short Term,239192,680039,Local Authority,Not applicable (i.e. only one owner),2016,Retailing,0.14,Vacant Land,S12000039,af18f63e-8691-432f-a124-f0971d344397,2024-01-31,23
pub_vdl.3064,West Dunbartonshire,FORMER MEDICAL CENTRE,8410360,BANK STREET ALEXANDRIA,S01013223,Developable - Short Term,239123,680129,Local Authority,Not applicable (i.e. only one owner),2017,Community & Health,0.27,Vacant Land,S12000039,af18f63e-8691-432f-a124-f0971d344397,2024-01-31,22
pub_vdl.3067,West Dunbartonshire,FORMER OUR LADY AND ST PATRICK'S HIGH SCHOOL,8410363,HAWTHORNHILL ROAD DUMBARTON,S01013202,Developable - Short Term,238274,675902,Local Authority,Not applicable (i.e. only one owner),2018,Education,3.29,Derelict,S12000039,af18f63e-8691-432f-a124-f0971d344397,2024-01-31,5
pub_vdl.3068,West Dunbartonshire,RHI SITE,8410364,STANFORD STREET CLYDEBANK,S01013129,Developable - Short Term,250494,670222,Unknown Private,Unknown Private,2018,Manufacturing,2.65,Derelict,S12000039,af18f63e-8691-432f-a124-f0971d344397,2024-01-31,4
pub_vdl.3075,West Dunbartonshire,EASTERN STALLED SITE,8410374,CALEDONIA STREET CLYDEBANK,S01013133,Developable - Medium Term,248738,670737,Unknown Private,Not applicable (i.e. only one owner),2022,Manufacturing,0.35,Derelict,S12000039,af18f63e-8691-432f-a124-f0971d344397,2024-01-31,72
pub_vdl.3065,West Dunbartonshire,FORMER ESSO TERMINAL,8410325,DUMBARTON ROAD BOWLING,S01013179,Developable - Medium Term,243506,673736,Other Private,Not applicable (i.e. only one owner),1986-1990,Storage,33.66,Derelict,S12000039,af18f63e-8691-432f-a124-f0971d344397,2024-01-31,19
pub_vdl.3066,West Dunbartonshire,HEATHER AVENUE,8410332,LENNOX STREET ALEXANDRIA,S01013227,Developable - Medium Term,239187,680617,Local Authority,Other Private,1991-1995,Manufacturing,1.7,Derelict,S12000039,af18f63e-8691-432f-a124-f0971d344397,2024-01-31,15
pub_vdl.3069,West Dunbartonshire,CASTLEGREEN STREET EAST,8410365,CASTLEGREEN STREET DUMBARTON,S01013193,Developable - Medium Term,240798,674647,Private Gas,Not applicable (i.e. only one owner),1980 or earlier,Utility Services,1.69,Derelict,S12000039,af18f63e-8691-432f-a124-f0971d344397,2024-01-31,3
pub_vdl.3070,West Dunbartonshire,ROTHESAY DOCK WEST PART,8410367,DOCK STREET CLYDEBANK,S01013122,Developable - Short Term,250299,669253,Private Port Company,Not applicable (i.e. only one owner),1996-2000,Transport,0.16,Derelict,S12000039,af18f63e-8691-432f-a124-f0971d344397,2024-01-31,64
pub_vdl.3071,West Dunbartonshire,QUEEN'S QUAY PART A,8410368,GLASGOW ROAD CLYDEBANK,S01013128,Developable - Short Term,249396,670216,Other Private,Not applicable (i.e. only one owner),2001-2004,Manufacturing,2.47,Derelict,S12000039,af18f63e-8691-432f-a124-f0971d344397,2024-01-31,68
pub_vdl.3072,West Dunbartonshire,QUEEN'S QUAY PART C,8410370,GLASGOW ROAD CLYDEBANK,S01013128,Developable - Short Term,249677,669752,Other Private,Not applicable (i.e. only one owner),2001-2004,Manufacturing,2.06,Derelict,S12000039,af18f63e-8691-432f-a124-f0971d344397,2024-01-31,69
pub_vdl.3073,West Dunbartonshire,FORMER ALLIED DISTILLERY PART,8410371,CASTLE STREET DUMBARTON,S01013195,Developable - Medium Term,239850,675196,Other Private,Not applicable (i.e. only one owner),2001-2004,Manufacturing,0.15,Derelict,S12000039,af18f63e-8691-432f-a124-f0971d344397,2024-01-31,63
pub_vdl.3074,West Dunbartonshire,PLAYDROME,8410373,ABBOTSFORD ROAD CLYDEBANK,S01013129,Developable - Short Term,249956,670207,Local Authority,Not applicable (i.e. only one owner),2021,Recreation & Leisure,1.48,Vacant Land,S12000039,af18f63e-8691-432f-a124-f0971d344397,2024-01-31,70
pub_vdl.3093,West Lothian,VACANT LAND TO THE SOUTH OF STANDHILL INDUSTRIAL E,BA2204,BATHGATE,S01013401,Developable - Medium Term,296260,666749,Ownership unknown,Not applicable (i.e. only one owner),Unknown,Unknown,2.6,Vacant Land,S12000040,46d17afe-3764-45c5-869e-1bbd24b0eb8b,2025-11-30,3002
pub_vdl.3076,West Dunbartonshire,EAST END OF TERRACE,8410375,WILSON STREET ALEXANDRIA,S01013228,Developable - Medium Term,239179,680521,Unknown Private,Not applicable (i.e. only one owner),2022,Manufacturing,0.13,Derelict,S12000039,af18f63e-8691-432f-a124-f0971d344397,2024-01-31,71
pub_vdl.3077,West Dunbartonshire,CAMPBELL ST,8410377,MAIN STREET BONHILL,S01013211,Developable - Short Term,239596,679543,Local Authority,Other Private,1980 or earlier,Residential - Housing,0.23,Derelict,S12000039,,,
pub_vdl.3078,West Lothian,EX-COMMUNITY CENTRE,BA707,MARJORIEBANK STREET BATHGATE,S01013417,Developable - Short Term,297726,668887,Local Authority,Not applicable (i.e. only one owner),2008,Education,0.27,Vacant Land,S12000040,46d17afe-3764-45c5-869e-1bbd24b0eb8b,2025-11-30,2949
pub_vdl.3079,West Dunbartonshire,CROFT ST,8410378,MAIN STREET BONHILL,S01013211,Developable - Short Term,239634,679480,Local Authority,Other Private,1980 or earlier,Residential - Housing,0.34,Derelict,S12000039,,,
pub_vdl.3080,West Lothian,LOWER BATHVILLE,AM2201,ARMADALE,S01013397,Developable - Undetermined,294443,667900,Ownership unknown,Not applicable (i.e. only one owner),Unknown,Manufacturing,25.7,Derelict,S12000040,,,
pub_vdl.3081,West Lothian,EX GASHOLDER,AM401,ARMADALE,S01013388,Developable - Medium Term,293817,668948,Private Gas,Not applicable (i.e. only one owner),2001-2004,Storage,1.6,Derelict,S12000040,46d17afe-3764-45c5-869e-1bbd24b0eb8b,2025-11-30,2932
pub_vdl.3082,West Lothian,EX NURSERY SCHOOL,AM801,ACADEMY STREET ARMADALE,S01013384,Developable - Short Term,293566,668377,Other Private,Not applicable (i.e. only one owner),2006,Education,0.18,Derelict,S12000040,46d17afe-3764-45c5-869e-1bbd24b0eb8b,2025-11-30,2930
pub_vdl.3083,West Lothian,FORMER ARNOLD CLARK DEPOT SITE,AM802,NORTH STREET ARMADALE,S01013388,Developable - Short Term,293787,668891,Other Private,Not applicable (i.e. only one owner),2016,Transport,0.69,Derelict,S12000040,46d17afe-3764-45c5-869e-1bbd24b0eb8b,2025-11-30,2941
pub_vdl.3084,West Lothian,FORMER ARNOLD CLARK FORECOURT SITE,AM803,NORTH STREET ARMADALE,S01013388,Developable - Short Term,293824,668705,Other Private,Not applicable (i.e. only one owner),2016,Retailing,0.1,Vacant Land,S12000040,46d17afe-3764-45c5-869e-1bbd24b0eb8b,2025-11-30,2953
pub_vdl.3085,West Lothian,FORMER ARNOLD CLARK SHOWROOM SITE,AM804,NORTH STREET ARMADALE,S01013388,Developable - Short Term,293786,668651,Other Private,Not applicable (i.e. only one owner),2016,Retailing,0.13,Vacant Land,S12000040,46d17afe-3764-45c5-869e-1bbd24b0eb8b,2025-11-30,2954
pub_vdl.3086,West Lothian,NORTH STREET,AM805,REAR OF CORRIE PUB ARMADALE,S01013388,Developable - Undetermined,293876,668956,Other Private,Not applicable (i.e. only one owner),Unknown,Manufacturing,0.33,Derelict,S12000040,46d17afe-3764-45c5-869e-1bbd24b0eb8b,2025-11-30,2951
pub_vdl.3087,West Lothian,VACANT LAND,BA042,DEANS LIVINGSTON,S01013348,Uneconomic to Develop/Soft End Use,300590,668113,Other non-Crown,Not applicable (i.e. only one owner),1986-1990,Agriculture,13.41,Vacant Land,S12000040,46d17afe-3764-45c5-869e-1bbd24b0eb8b,2025-11-30,2946
pub_vdl.3094,West Lothian,BLOOMFIELD PLACE,BA701,BATHGATE,S01013414,Unknown (uncertain/insufficient information),297539,668774,Other Private,Not applicable (i.e. only one owner),2001-2004,Retailing,0.12,Derelict,S12000040,46d17afe-3764-45c5-869e-1bbd24b0eb8b,2025-11-30,2945
pub_vdl.3095,West Lothian,EX ABBATOIR,BA702,BATHGATE,S01013400,Unknown (uncertain/insufficient information),296373,667373,Other Private,Not applicable (i.e. only one owner),2006,Agriculture,1.39,Vacant Land,S12000040,46d17afe-3764-45c5-869e-1bbd24b0eb8b,2025-11-30,2929
pub_vdl.3088,West Lothian,RIDDOCHHILL,BA201,BATHGATE,S01013401,Developable - Medium Term,297596,666486,Local Authority,Other Private,Unknown,Mineral Activity,35.82,Vacant Land,S12000040,46d17afe-3764-45c5-869e-1bbd24b0eb8b,2025-11-30,2983
pub_vdl.3089,West Lothian,GUILDIEHAUGH DEPOT,BA2201,BLACKBURN ROAD BATHGATE,S01013401,Developable - Short Term,298452,667950,Local Authority,Not applicable (i.e. only one owner),Unknown,Other General Industry,3.4,Derelict,S12000040,46d17afe-3764-45c5-869e-1bbd24b0eb8b,2025-11-30,2955
pub_vdl.3090,West Lothian,RETAIL PARK SE CAR PARK,BA706,BATHGATE,S01013414,Developable - Short Term,297551,668497,Other Private,Not applicable (i.e. only one owner),2008,Retailing,0.31,Vacant Land,S12000040,46d17afe-3764-45c5-869e-1bbd24b0eb8b,2025-11-30,2948
pub_vdl.3091,West Lothian,FORMER FOUNDRY,BA2202,LINKSTON WAY BATHGATE,S01013400,Developable - Short Term,297383,668083,Ownership unknown,Not applicable (i.e. only one owner),Unknown,Manufacturing,3.8,Derelict,S12000040,46d17afe-3764-45c5-869e-1bbd24b0eb8b,2025-11-30,2956
pub_vdl.3092,West Lothian,FORMER CREAMERY GARAGE,BA2203,HARDHILL ROAD BATHGATE,S01013423,Developable - Medium Term,296490,668673,Unknown Private,Not applicable (i.e. only one owner),Unknown,Retailing,0.12,Vacant Land,S12000040,46d17afe-3764-45c5-869e-1bbd24b0eb8b,2025-11-30,2960
pub_vdl.3096,West Lothian,NORTH EAST MORRISONS,BA704,BATHGATE,S01013400,Developable - Short Term,297336,668445,Other Private,Not applicable (i.e. only one owner),2001-2004,Manufacturing,0.88,Vacant Land,S12000040,46d17afe-3764-45c5-869e-1bbd24b0eb8b,2025-11-30,2947
pub_vdl.3097,West Lothian,EX-DREADNOUGHT HOTEL,BA705,WHITBURN ROAD BATHGATE,S01013414,Developable - Medium Term,297378,668722,Other Private,Not applicable (i.e. only one owner),2001-2004,"Residential - Hotels, Hostels etc",0.14,Derelict,S12000040,46d17afe-3764-45c5-869e-1bbd24b0eb8b,2025-11-30,2952
pub_vdl.3098,West Lothian,TEMPORARY CAR PARK SITE,BA708,HIGH STREET BATHGATE,S01013417,Developable - Medium Term,297486,669140,Other Private,Not applicable (i.e. only one owner),2001-2004,Residential - Housing,0.13,Vacant Land,S12000040,46d17afe-3764-45c5-869e-1bbd24b0eb8b,2025-11-30,2950
pub_vdl.3099,West Lothian,FORMER COMMUNITY CENTRE,BB2201,ASH GROVE BLACKBURN,S01013358,Developable - Medium Term,298730,665796,Local Authority,Not applicable (i.e. only one owner),Unknown,Community & Health,0.15,Vacant Land and Buildings,S12000040,46d17afe-3764-45c5-869e-1bbd24b0eb8b,2025-11-30,2987
pub_vdl.3100,West Lothian,ASH GROVE,BB2202,BLACKBURN,S01013358,Developable - Short Term,298668,665740,Ownership unknown,Not applicable (i.e. only one owner),Unknown,Unknown,0.26,Vacant Land,S12000040,46d17afe-3764-45c5-869e-1bbd24b0eb8b,2025-11-30,2988
pub_vdl.3101,West Lothian,FORMER ADULT TRAINING CENTRE,BB2203,OFF EAST MAIN STREET BLACKBURN,S01013358,Developable - Short Term,298867,665492,Unknown Private,Not applicable (i.e. only one owner),Unknown,Education,0.42,Vacant Land,S12000040,46d17afe-3764-45c5-869e-1bbd24b0eb8b,2025-11-30,2999
pub_vdl.3102,West Lothian,BRIDGEND BING,BG001,BRIDGEND,S01013454,Unknown (uncertain/insufficient information),303756,675840,Ownership unknown,Not applicable (i.e. only one owner),1980 or earlier,Mineral Activity,9.9,Derelict,S12000040,46d17afe-3764-45c5-869e-1bbd24b0eb8b,2025-11-30,2934
pub_vdl.3103,West Lothian,WASTEGROUND,BU004,ALBYN BROXBURN,S01013462,Developable - Undetermined,308270,672786,Ownership unknown,Not applicable (i.e. only one owner),1980 or earlier,Agriculture,0.52,Vacant Land,S12000040,46d17afe-3764-45c5-869e-1bbd24b0eb8b,2025-11-30,2938
pub_vdl.3104,West Lothian,ALBYN BING,BU006,GREENDYKES ROAD BROXBURN,S01013462,Developable - Undetermined,308456,672911,Ownership unknown,Not applicable (i.e. only one owner),1980 or earlier,Mineral Activity,5.9,Derelict,S12000040,46d17afe-3764-45c5-869e-1bbd24b0eb8b,2025-11-30,2937
pub_vdl.3105,West Lothian,CANDLEWORKS,BU008,PORT BUCHAN BROXBURN,S01013462,Unknown (uncertain/insufficient information),308062,672606,Local Authority,Not applicable (i.e. only one owner),1980 or earlier,Manufacturing,2.02,Derelict,S12000040,46d17afe-3764-45c5-869e-1bbd24b0eb8b,2025-11-30,2944
pub_vdl.3106,West Lothian,WIMPEY DEPOT,BU019,UPHALL,S01013302,Developable - Short Term,306718,670985,Ownership unknown,Not applicable (i.e. only one owner),Unknown,Unknown,6.9,Derelict,S12000040,46d17afe-3764-45c5-869e-1bbd24b0eb8b,2025-11-30,2935
pub_vdl.3107,West Lothian,FORMER BROXBURN PRIMARY SCHOOL,BU2201,BROXBURN,S01013462,Developable - Undetermined,307976,672483,Local Authority,Not applicable (i.e. only one owner),Unknown,Education,2.1,Vacant Land,S12000040,46d17afe-3764-45c5-869e-1bbd24b0eb8b,2025-11-30,2958
pub_vdl.3108,West Lothian,E-BU 1 YOUNGS ROAD SOUTH,BU2202,EAST MAINS INDUTRIAL ESTATE BROXBURN,S01013481,Developable - Medium Term,308999,672809,Ownership unknown,Not applicable (i.e. only one owner),Unknown,Unknown,1.19,Vacant Land,S12000040,46d17afe-3764-45c5-869e-1bbd24b0eb8b,2025-11-30,2964
pub_vdl.3109,West Lothian,E-BU 3 CLIFTON VIEW 2,BU2203,EAST MAINS INDUTRIAL ESTATE BROXBURN,S01013481,Developable - Medium Term,309109,673087,Ownership unknown,Not applicable (i.e. only one owner),Unknown,Unknown,0.56,Vacant Land,S12000040,46d17afe-3764-45c5-869e-1bbd24b0eb8b,2025-11-30,2965
pub_vdl.3110,West Lothian,BANGOUR GENERAL,DC001,HOSPITAL SITE DECHMONT,S01013466,Developable - Undetermined,302229,670962,Other Private,Not applicable (i.e. only one owner),1991-1995,Community & Health,26.76,Derelict,S12000040,46d17afe-3764-45c5-869e-1bbd24b0eb8b,2025-11-30,2933
pub_vdl.3111,West Lothian,MILLBANK DEPOT,EC2201,EAST CALDER,S01013288,Developable - Undetermined,308441,668106,Local Authority,Not applicable (i.e. only one owner),Unknown,Unknown,0.27,Vacant Land,S12000040,46d17afe-3764-45c5-869e-1bbd24b0eb8b,2025-11-30,2959
pub_vdl.3112,West Lothian,BROOMPARK FARM,EC2202,MAIN STREET EAST CALDER,S01013288,Developable - Short Term,308058,667814,Unknown Private,Not applicable (i.e. only one owner),Unknown,Agriculture,1.1,Vacant Land,S12000040,46d17afe-3764-45c5-869e-1bbd24b0eb8b,2025-11-30,2961
pub_vdl.3120,West Lothian,VACANT LAND,FA014,SHEEPHOUSEHILL FAULDHOUSE,S01013246,Unknown (uncertain/insufficient information),294023,660955,Ownership unknown,Not applicable (i.e. only one owner),1980 or earlier,Unknown,0.33,Derelict,S12000040,46d17afe-3764-45c5-869e-1bbd24b0eb8b,2025-11-30,2977
pub_vdl.3113,West Lothian,"E-EW 1, WHITRIGG NORTH EAST",EW2201,OFF MAIN STREET EAST WHITBURN,S01013365,Developable - Medium Term,296751,665178,Ownership unknown,Not applicable (i.e. only one owner),Unknown,Unknown,2.5,Vacant Land,S12000040,46d17afe-3764-45c5-869e-1bbd24b0eb8b,2025-11-30,2994
pub_vdl.3114,West Lothian,"E-EW 2, WHITRIGG SOUTH WEST",EW2202,OFF MAIN STREET EAST WHITBURN,S01013365,Developable - Medium Term,296687,664758,Ownership unknown,Not applicable (i.e. only one owner),Unknown,Unknown,0.58,Vacant Land,S12000040,46d17afe-3764-45c5-869e-1bbd24b0eb8b,2025-11-30,2995
pub_vdl.3115,West Lothian,DERELICT LAND,FA001,BENHAR FAULDHOUSE,S01013380,Unknown (uncertain/insufficient information),291400,662642,Other non-Crown,Not applicable (i.e. only one owner),1980 or earlier,Mineral Activity,13.78,Derelict,S12000040,46d17afe-3764-45c5-869e-1bbd24b0eb8b,2025-11-30,2974
pub_vdl.3116,West Lothian,LAND OFF B7010,LR2201,NORTH OF H-LR2 LONGRIDGE,S01013380,Developable - Undetermined,294625,662634,Ownership unknown,Not applicable (i.e. only one owner),Unknown,Unknown,0.27,Derelict,S12000040,46d17afe-3764-45c5-869e-1bbd24b0eb8b,2025-11-30,2998
pub_vdl.3117,West Lothian,COAL BING,FA003,EAST BENHAR FAULDHOUSE,S01013380,Unknown (uncertain/insufficient information),291580,661970,Other non-Crown,Not applicable (i.e. only one owner),1980 or earlier,Mineral Activity,0.78,Derelict,S12000040,46d17afe-3764-45c5-869e-1bbd24b0eb8b,2025-11-30,2981
pub_vdl.3118,West Lothian,FALLAHILL QUARRY,FA007,FAULDHOUSE,S01013380,Unknown (uncertain/insufficient information),292136,660871,Local Authority,Not applicable (i.e. only one owner),1986-1990,Mineral Activity,1.3,Derelict,S12000040,46d17afe-3764-45c5-869e-1bbd24b0eb8b,2025-11-30,2980
pub_vdl.3119,West Lothian,NORTHFIELD BINGS,FA013,NORTHFIELD FARM FAULDHOUSE,S01013365,Unknown (uncertain/insufficient information),294243,661559,Ownership unknown,Not applicable (i.e. only one owner),1980 or earlier,Mineral Activity,25.94,Derelict,S12000040,46d17afe-3764-45c5-869e-1bbd24b0eb8b,2025-11-30,2975
pub_vdl.3122,West Lothian,LAND AT CHARLESFIELD ROAD,LV2202,LIVINGSTON,S01013269,Developable - Short Term,304262,665982,Unknown Private,Not applicable (i.e. only one owner),Unknown,Offices,0.63,Derelict,S12000040,46d17afe-3764-45c5-869e-1bbd24b0eb8b,2025-11-30,3004
pub_vdl.3123,West Lothian,VICTORIA COTTAGE BING,FA017,FAULDHOUSE,S01013380,Unknown (uncertain/insufficient information),293374,661567,Ownership unknown,Not applicable (i.e. only one owner),1980 or earlier,Mineral Activity,1.73,Derelict,S12000040,46d17afe-3764-45c5-869e-1bbd24b0eb8b,2025-11-30,2978
pub_vdl.3124,West Lothian,STONEHOUSE FARMHOUSE,FA2201,LANGRIGG ROAD FAULDHOUSE,S01013380,Developable - Short Term,294176,662088,Unknown Private,Not applicable (i.e. only one owner),Unknown,Agriculture,1.35,Derelict,S12000040,46d17afe-3764-45c5-869e-1bbd24b0eb8b,2025-11-30,2989
pub_vdl.3125,West Lothian,FORMER BSW TIMBER,LL2201,FALKIRK ROAD LINLITHGOW,S01013443,Developable - Undetermined,299067,676903,Other Private,Not applicable (i.e. only one owner),Unknown,Wholesale Distribution,0.55,Vacant Land,S12000040,46d17afe-3764-45c5-869e-1bbd24b0eb8b,2025-11-30,2968
pub_vdl.3126,West Lothian,FORMER VICTORIA HALLS,LL2202,88 - 94 HIGH STREET LINLITHGOW,S01013444,Developable - Short Term,300303,677178,Unknown Private,Not applicable (i.e. only one owner),Unknown,Recreation & Leisure,0.13,Vacant Land,S12000040,46d17afe-3764-45c5-869e-1bbd24b0eb8b,2025-11-30,2962
pub_vdl.3127,West Lothian,LAND AT EDINBURGH ROAD,LL2203,LINLITHGOW,S01013441,Developable - Short Term,300965,677156,Unknown Private,Not applicable (i.e. only one owner),Unknown,Unknown,0.78,Vacant Land,S12000040,46d17afe-3764-45c5-869e-1bbd24b0eb8b,2025-11-30,2972
pub_vdl.3128,West Lothian,LAND AT GARBETT ROAD,LV2203,LIVINGSTON,S01013269,Developable - Short Term,304354,666148,Unknown Private,Not applicable (i.e. only one owner),Unknown,Offices,0.78,Derelict,S12000040,46d17afe-3764-45c5-869e-1bbd24b0eb8b,2025-11-30,3005
pub_vdl.3129,West Lothian,LAND AT FORESTBANK,LV2204,LADYWELL LIVINGSTON,S01013326,Developable - Short Term,305450,668267,Ownership unknown,Not applicable (i.e. only one owner),Unknown,Unknown,0.11,Vacant Land,S12000040,46d17afe-3764-45c5-869e-1bbd24b0eb8b,2025-11-30,2963
pub_vdl.3130,West Lothian,LAND AT BAIRD WAY / SIMPSON PARKWAY,LV2206,LIVINGSTON,S01013269,Developable - Medium Term,303041,666342,Unknown Private,Not applicable (i.e. only one owner),Unknown,Other General Industry,4.7,Vacant Land,S12000040,46d17afe-3764-45c5-869e-1bbd24b0eb8b,2025-11-30,3000
pub_vdl.3138,West Lothian,"THE FIRS, LANGSIDE GARDENS",PB2201,POLBETH,S01013262,Developable - Short Term,303352,664437,Ownership unknown,Not applicable (i.e. only one owner),Unknown,Recreation & Leisure,0.7,Vacant Land,S12000040,46d17afe-3764-45c5-869e-1bbd24b0eb8b,2025-11-30,2986
pub_vdl.3131,West Lothian,FORMER ETHICON PLANT,LV2207,SIMPSON PARKWAY LIVINGSTON,S01013269,Developable - Medium Term,303411,666684,Unknown Private,Not applicable (i.e. only one owner),Unknown,Other General Industry,3.35,Vacant Land,S12000040,46d17afe-3764-45c5-869e-1bbd24b0eb8b,2025-11-30,3001
pub_vdl.3132,West Lothian,WILLIAMSTON NORTH,LV2208,OAKBANK INDUSTRIAL ESTATE LIVINGSTON,S01013276,Developable - Medium Term,306608,665501,Unknown Private,Not applicable (i.e. only one owner),Unknown,Unknown,0.46,Vacant Land,S12000040,46d17afe-3764-45c5-869e-1bbd24b0eb8b,2025-11-30,2993
pub_vdl.3133,West Lothian,LAND WITHIN UPHALL INDUSTRIAL ESTATE,UH2202,UPHALL,S01013302,Developable - Medium Term,306549,671182,Ownership unknown,Not applicable (i.e. only one owner),Unknown,Unknown,0.56,Vacant Land,S12000040,46d17afe-3764-45c5-869e-1bbd24b0eb8b,2025-11-30,2971
pub_vdl.3134,West Lothian,LAND AT ELIBURN INDUSTRIAL PARK,LV2209,APPLETON DRIVE LIVINGSTON,S01013315,Developable - Medium Term,303022,667366,Unknown Private,Not applicable (i.e. only one owner),Unknown,Unknown,0.38,Vacant Land,S12000040,46d17afe-3764-45c5-869e-1bbd24b0eb8b,2025-11-30,2966
pub_vdl.3135,West Lothian,VACANT LAND AT BRUCEFIELD PARK SOUTH,LV2210,LIVINGSTON,S01013263,Developable - Medium Term,304400,664429,Ownership unknown,Not applicable (i.e. only one owner),Unknown,Unknown,1.9,Vacant Land,S12000040,46d17afe-3764-45c5-869e-1bbd24b0eb8b,2025-11-30,3003
pub_vdl.3136,West Lothian,LAND AT ALBA CAMPUS,LV2211,SIMPSON PARKWAY / B7015 LIVINGSTON,S01013269,Developable - Medium Term,303506,665807,Ownership unknown,Not applicable (i.e. only one owner),Unknown,Unknown,3.3,Vacant Land,S12000040,46d17afe-3764-45c5-869e-1bbd24b0eb8b,2025-11-30,2996
pub_vdl.3137,West Lothian,LAND AT ALMONDVALE STADIUM ROAD,LV2212,LIVINGSTON,S01013269,Developable - Medium Term,304978,667043,Ownership unknown,Not applicable (i.e. only one owner),Unknown,Unknown,0.4,Vacant Land,S12000040,46d17afe-3764-45c5-869e-1bbd24b0eb8b,2025-11-30,2967
pub_vdl.3139,West Lothian,FORMER WEST CALDER HIGH SCHOOL,PB2202,OLD SCHOOL AVENUE POLBETH,S01013250,Developable - Short Term,303697,664195,Local Authority,Not applicable (i.e. only one owner),Unknown,Education,3,Vacant Land,S12000040,46d17afe-3764-45c5-869e-1bbd24b0eb8b,2025-11-30,2990
pub_vdl.3140,West Lothian,LIMEFIELD HOUSE BUSINESS CENTRE,PB2203,POLBETH,S01013262,Developable - Short Term,303489,664052,Unknown Private,Not applicable (i.e. only one owner),Unknown,Offices,1.1,Derelict,S12000040,46d17afe-3764-45c5-869e-1bbd24b0eb8b,2025-11-30,2991
pub_vdl.3141,West Lothian,EX - KIRKFORFAR BRICK WORKS,US007,UPHALL STATION,S01013300,Unknown (uncertain/insufficient information),307278,669719,Ownership unknown,Not applicable (i.e. only one owner),Unknown,Unknown,1.63,Derelict,S12000040,46d17afe-3764-45c5-869e-1bbd24b0eb8b,2025-11-30,2936
pub_vdl.3142,West Lothian,WEST CALDER,WC015,STATION GOODS YARD WEST CALDER,S01013257,Unknown (uncertain/insufficient information),301889,663307,Ownership unknown,Not applicable (i.e. only one owner),1980 or earlier,Transport,1.3,Derelict,S12000040,46d17afe-3764-45c5-869e-1bbd24b0eb8b,2025-11-30,2979
pub_vdl.3148,West Lothian,COAL BING,WC018,COBBINSHAW WEST CALDER,S01013250,Unknown (uncertain/insufficient information),302914,656801,Ownership unknown,Not applicable (i.e. only one owner),1980 or earlier,Mineral Activity,0.8,Derelict,S12000040,46d17afe-3764-45c5-869e-1bbd24b0eb8b,2025-11-30,2982
pub_vdl.3149,West Lothian,EX- BRICKWORKS,WF007,CRAIGRIGG WESTFIELD,S01013432,Unknown (uncertain/insufficient information),293360,670860,Ownership unknown,Not applicable (i.e. only one owner),1980 or earlier,Manufacturing,1.2,Derelict,S12000040,46d17afe-3764-45c5-869e-1bbd24b0eb8b,2025-11-30,2942
pub_vdl.3150,West Lothian,COAL BING,WF008,BRIDGECASTLE WESTFIELD,S01013432,Unknown (uncertain/insufficient information),293777,670390,Ownership unknown,Not applicable (i.e. only one owner),1980 or earlier,Mineral Activity,0.72,Derelict,S12000040,46d17afe-3764-45c5-869e-1bbd24b0eb8b,2025-11-30,2943
pub_vdl.3151,West Lothian,FORMER PAPER MILL,WF309,WESTFIELD,S01013432,Developable - Medium Term,294168,672133,Other Private,Not applicable (i.e. only one owner),2001-2004,Manufacturing,8.77,Derelict,S12000040,46d17afe-3764-45c5-869e-1bbd24b0eb8b,2025-11-30,2931
pub_vdl.3143,West Lothian,PHILPSTOUN SOUTH & NORTH BINGS,PT002,PHILPSTOUN,S01013454,Unknown (uncertain/insufficient information),305655,676615,Ownership unknown,Not applicable (i.e. only one owner),1980 or earlier,Mineral Activity,24.57,Derelict,S12000040,46d17afe-3764-45c5-869e-1bbd24b0eb8b,2025-11-30,2940
pub_vdl.3144,West Lothian,CRAIGTON QUARRY,PT003,CRAIGTON PHILPSTOUN,S01013455,Unknown (uncertain/insufficient information),307557,676807,Ownership unknown,Not applicable (i.e. only one owner),1980 or earlier,Mineral Activity,11.18,Derelict,S12000040,46d17afe-3764-45c5-869e-1bbd24b0eb8b,2025-11-30,2939
pub_vdl.3145,West Lothian,DERELICT FARM STEADING,SF003,BY REDHOUSE SEAFIELD,S01013356,Unknown (uncertain/insufficient information),299719,665618,Other Private,Not applicable (i.e. only one owner),Unknown,Agriculture,0.18,Derelict,S12000040,46d17afe-3764-45c5-869e-1bbd24b0eb8b,2025-11-30,2973
pub_vdl.3146,West Lothian,LAND AT REDHOUSE ROAD,SF2201,SEAFIELD,S01013354,Developable - Short Term,300485,666159,Unknown Private,Not applicable (i.e. only one owner),Unknown,Other General Industry,0.9,Vacant Land and Buildings,S12000040,46d17afe-3764-45c5-869e-1bbd24b0eb8b,2025-11-30,2992
pub_vdl.3147,West Lothian,LAND TO THE NORTH OF UPHALL INDUSTRIAL ESTATE,UH2201,A89 UPHALL,S01013302,Developable - Medium Term,306525,671339,Ownership unknown,Not applicable (i.e. only one owner),Unknown,Unknown,0.8,Vacant Land,S12000040,46d17afe-3764-45c5-869e-1bbd24b0eb8b,2025-11-30,2970
pub_vdl.3152,West Lothian,LAND TO THE EAST OF E-WH 1,WH2201,"COWHILLS, HEARTLAND BUSINESS PARK WHITBURN",S01013380,Developable - Medium Term,294155,665343,Ownership unknown,Not applicable (i.e. only one owner),Unknown,Unknown,2.1,Vacant Land,S12000040,46d17afe-3764-45c5-869e-1bbd24b0eb8b,2025-11-30,2997
pub_vdl.3153,West Lothian,EX-MINERS CLUB SITE,WH803,WEST MAIN STREET (SOUTH SIDE) WHITBURN,S01013374,Developable - Medium Term,294311,664881,Ownership unknown,Not applicable (i.e. only one owner),2001-2004,Community & Health,0.19,Vacant Land,S12000040,46d17afe-3764-45c5-869e-1bbd24b0eb8b,2025-11-30,2984
pub_vdl.3154,West Lothian,N.E. KING GEORGE V PARK,WH804,WHITBURN,S01013376,Developable - Medium Term,294480,665334,Ownership unknown,Not applicable (i.e. only one owner),2001-2004,Recreation & Leisure,0.53,Vacant Land,S12000040,46d17afe-3764-45c5-869e-1bbd24b0eb8b,2025-11-30,2985
